id,co2,pm1,pm25,pm10,temp,humidity,lux,pressure,timestamp
1,907,35,72,91,28,56,930,1009,2026-03-14 10:49:55
2,1857,16,27,29,36.27,44.24,104.60,1008.57,2026-03-14 10:52:08
3,2156,16,27,29,36.27,44.24,105.06,1008.57,2026-03-14 10:52:14
4,2306,16,27,29,36.27,44.24,104.14,1008.54,2026-03-14 10:52:21
5,1932,16,27,29,36.27,44.24,102.76,1008.58,2026-03-14 10:52:27
6,2041,17,28,30,36.28,44.31,103.68,1008.51,2026-03-14 10:52:33
7,2226,17,28,30,36.28,44.41,105.06,1008.55,2026-03-14 10:52:39
8,1789,17,28,30,36.28,44.31,105.52,1008.55,2026-03-14 10:52:46
9,1691,16,27,29,36.29,44.31,104.60,1008.53,2026-03-14 10:52:52
10,1860,16,27,29,36.27,44.43,105.52,1008.50,2026-03-14 10:52:58
11,1801,16,27,29,36.25,44.43,105.52,1008.56,2026-03-14 10:53:04
12,1646,15,26,28,36.23,44.43,105.52,1008.56,2026-03-14 10:53:10
13,1843,15,26,28,36.27,44.43,125.80,1008.52,2026-03-14 10:53:17
14,1742,15,26,28,36.39,44.51,610.56,1008.51,2026-03-14 10:53:23
15,1414,15,26,28,36.43,44.51,626.69,1008.49,2026-03-14 10:53:29
16,1417,15,26,28,36.43,44.41,620.24,1008.49,2026-03-14 10:53:35
17,1567,15,26,28,36.44,44.41,633.60,1008.54,2026-03-14 10:53:41
18,1432,15,26,28,36.44,44.41,651.11,1008.51,2026-03-14 10:53:48
19,1298,15,26,28,36.54,44.29,114.28,1008.55,2026-03-14 10:53:54
20,1392,15,26,28,36.47,44.21,105.06,1008.50,2026-03-14 10:54:00
21,1485,15,26,28,36.37,44.31,104.14,1008.53,2026-03-14 10:54:06
22,1533,15,26,28,36.22,44.53,103.68,1008.54,2026-03-14 10:54:13
23,1814,15,26,28,36.16,44.82,105.52,1008.56,2026-03-14 10:54:19
24,2185,15,26,28,36.15,44.92,103.22,1008.54,2026-03-14 10:54:25
25,2060,15,26,28,36.16,44.82,104.14,1008.55,2026-03-14 10:54:31
26,1858,15,26,28,36.13,44.92,104.60,1008.59,2026-03-14 10:54:38
27,2016,15,26,28,36.09,44.92,105.06,1008.59,2026-03-14 10:54:44
28,1917,15,26,28,36.12,44.92,104.14,1008.63,2026-03-14 10:54:50
29,1670,15,26,28,36.09,44.92,103.68,1008.58,2026-03-14 10:54:56
30,1911,15,26,28,36.07,45.21,105.06,1008.60,2026-03-14 10:55:02
31,2137,15,26,28,36.12,45.21,103.68,1008.56,2026-03-14 10:55:09
32,2430,19,29,34,36.20,45.60,100.92,1008.56,2026-03-14 10:55:34
33,2263,18,28,33,36.20,45.60,101.38,1008.56,2026-03-14 10:55:37
34,2255,18,28,33,36.22,45.60,101.38,1008.57,2026-03-14 10:55:41
35,2406,18,29,34,36.25,45.60,101.84,1008.59,2026-03-14 10:55:44
36,2632,18,29,34,36.25,45.50,101.84,1008.58,2026-03-14 10:55:47
37,2746,18,29,34,36.23,45.50,101.84,1008.59,2026-03-14 16:25:49
38,2919,18,29,34,36.23,45.50,101.84,1008.58,2026-03-14 16:25:52
39,3059,18,29,34,36.25,45.50,101.38,1008.56,2026-03-14 16:25:56
40,2969,18,29,34,36.23,45.50,101.84,1008.56,2026-03-14 16:25:59
41,4719,19,32,36,36.12,45.40,94.00,1008.59,2026-03-14 16:27:55
42,4752,19,32,36,36.15,45.40,93.54,1008.59,2026-03-14 16:27:58
43,4191,19,32,36,36.13,45.40,96.31,1008.60,2026-03-14 16:28:01
44,3694,19,32,36,36.13,45.40,96.77,1008.57,2026-03-14 16:28:04
45,3358,19,32,36,36.12,45.40,97.23,1008.59,2026-03-14 16:28:07
46,3315,19,32,36,36.07,45.40,95.85,1008.59,2026-03-14 16:28:10
47,3444,19,32,36,36.08,45.40,96.31,1008.59,2026-03-14 16:28:13
48,3432,19,32,36,36.08,45.40,96.77,1008.54,2026-03-14 16:28:16
49,3394,19,32,36,36.07,45.50,97.69,1008.59,2026-03-14 16:28:20
50,3033,19,32,36,36.09,45.50,98.15,1008.56,2026-03-14 16:28:23
51,2630,19,32,36,36.07,45.60,92.62,1008.56,2026-03-14 16:28:26
52,2491,19,32,36,36.12,45.60,92.62,1008.55,2026-03-14 16:28:29
53,2562,19,32,36,36.12,45.60,93.08,1008.55,2026-03-14 16:28:32
54,2789,19,32,36,36.12,45.69,93.08,1008.56,2026-03-14 16:28:35
55,2969,19,32,36,36.08,45.50,96.31,1008.54,2026-03-14 16:28:38
56,3007,19,32,36,36.07,45.50,95.39,1008.58,2026-03-14 16:28:42
57,2884,19,32,36,36.07,45.50,94.92,1008.58,2026-03-14 16:28:45
58,2618,19,32,36,36.07,45.50,94.92,1008.53,2026-03-14 16:28:48
59,2398,19,32,36,36.08,45.60,96.31,1008.55,2026-03-14 16:28:51
60,2419,19,32,36,36.12,45.60,106.91,1008.53,2026-03-14 16:28:54
61,2635,19,32,36,36.09,45.60,106.44,1008.54,2026-03-14 16:28:57
62,2745,19,32,36,36.19,45.60,528.54,1008.57,2026-03-14 16:29:00
63,2793,19,32,36,36.27,45.69,3754.60,1008.52,2026-03-14 16:29:04
64,2655,19,32,36,36.31,45.67,127.64,1008.52,2026-03-14 16:29:07
65,2429,19,32,36,36.41,45.28,97.69,1008.50,2026-03-14 16:29:10
66,2154,19,32,36,36.41,45.09,96.31,1008.55,2026-03-14 16:29:13
67,2122,19,32,36,36.39,45.09,96.31,1008.53,2026-03-14 16:29:16
68,2201,19,32,36,36.39,45.09,96.77,1008.53,2026-03-14 16:29:19
69,2382,19,32,36,36.39,45.09,96.77,1008.55,2026-03-14 16:29:22
70,2663,18,29,31,36.39,45.09,97.69,1008.60,2026-03-14 16:29:26
71,2757,18,29,31,36.34,45.09,97.23,1008.58,2026-03-14 16:29:29
72,2606,18,29,31,36.34,45.09,97.23,1008.55,2026-03-14 16:29:32
73,2536,18,29,31,36.34,45.09,97.23,1008.55,2026-03-14 16:29:35
74,2586,18,29,31,36.34,45.18,96.77,1008.59,2026-03-14 16:29:38
75,2874,18,29,31,36.32,45.28,96.31,1008.59,2026-03-14 16:29:41
76,3063,18,29,31,36.31,45.28,95.85,1008.59,2026-03-14 16:29:45
77,2969,18,29,31,36.31,45.28,95.85,1008.61,2026-03-14 16:29:48
78,2685,18,29,31,36.31,45.28,96.31,1008.62,2026-03-14 16:29:51
79,2503,18,29,31,36.29,45.28,96.77,1008.63,2026-03-14 16:29:54
80,2510,18,29,31,36.31,45.38,94.46,1008.58,2026-03-14 16:29:57
81,2663,18,29,31,36.29,45.38,95.39,1008.54,2026-03-14 16:30:00
82,2828,18,29,31,36.29,45.38,95.39,1008.54,2026-03-14 16:30:04
83,2989,18,29,31,36.29,45.48,96.31,1008.54,2026-03-14 16:30:07
84,2950,18,29,31,36.29,45.48,98.15,1008.58,2026-03-14 16:30:10
85,2994,18,29,31,36.29,45.48,95.85,1008.62,2026-03-14 16:30:13
86,3134,18,29,31,36.28,45.48,96.31,1008.61,2026-03-14 16:30:16
87,3376,18,29,31,36.27,45.60,96.77,1008.58,2026-03-14 16:30:20
88,3565,18,29,31,36.19,45.79,96.77,1008.61,2026-03-14 16:30:23
89,3458,18,29,31,36.20,45.79,96.77,1008.61,2026-03-14 16:30:26
90,3353,18,29,31,36.22,45.79,96.77,1008.60,2026-03-14 16:30:29
91,3170,18,29,31,36.19,45.79,97.69,1008.58,2026-03-14 16:30:32
92,2932,18,29,31,36.15,45.98,95.85,1008.59,2026-03-14 16:30:35
93,2846,18,29,31,36.16,45.98,96.77,1008.59,2026-03-14 16:30:39
94,3188,18,29,31,36.15,46.08,33.64,1008.60,2026-03-14 16:30:42
95,3510,18,29,31,36.27,46.28,3.69,1008.62,2026-03-14 16:30:45
96,3752,18,29,31,36.28,46.15,5.07,1008.62,2026-03-14 16:30:48
97,3933,18,29,31,36.27,46.08,64.97,1008.62,2026-03-14 16:30:52
98,3857,18,29,31,36.35,46.06,14.28,1008.58,2026-03-14 16:30:55
99,3468,18,29,31,36.37,45.97,4.61,1008.61,2026-03-14 16:30:58
100,3225,18,29,31,36.38,45.97,4.61,1008.61,2026-03-14 16:31:01
101,3350,18,29,31,36.37,45.97,4.61,1008.61,2026-03-14 16:31:04
102,3480,18,29,31,36.34,45.87,4.61,1008.60,2026-03-14 16:31:07
103,3611,18,29,31,36.38,45.87,4.61,1008.55,2026-03-14 16:31:10
104,3648,18,29,31,36.38,45.87,4.61,1008.58,2026-03-14 16:31:14
105,3578,18,29,31,36.44,45.77,67.28,1008.57,2026-03-14 16:31:17
106,3631,18,29,31,36.50,45.67,66.82,1008.57,2026-03-14 16:31:20
107,3725,18,29,31,36.49,45.67,68.20,1008.58,2026-03-14 16:31:23
108,4040,18,29,31,36.49,45.57,67.74,1008.58,2026-03-14 16:31:26
109,4372,18,29,31,36.56,45.45,66.82,1008.57,2026-03-14 16:31:29
110,4474,18,29,31,36.56,45.45,66.36,1008.60,2026-03-14 16:31:32
111,4421,18,29,31,36.56,45.55,66.36,1008.60,2026-03-14 16:31:36
112,3790,18,29,31,36.59,45.45,66.82,1008.55,2026-03-14 16:31:39
113,3404,18,29,31,36.72,45.26,65.43,1008.60,2026-03-14 16:31:42
114,3326,18,29,31,36.72,45.26,65.89,1008.60,2026-03-14 16:31:45
115,3442,18,29,31,36.72,45.17,65.89,1008.60,2026-03-14 16:31:48
116,3536,18,29,31,36.72,45.17,66.36,1008.57,2026-03-14 16:31:51
117,3598,18,29,31,36.73,45.17,64.97,1008.57,2026-03-14 16:31:54
118,3556,18,29,31,36.72,45.26,67.28,1008.60,2026-03-14 16:31:57
119,3335,18,29,31,36.73,45.26,67.28,1008.60,2026-03-14 16:32:01
120,3070,18,29,31,36.72,45.17,67.28,1008.61,2026-03-14 16:32:04
121,3097,18,29,31,36.83,45.04,66.82,1008.62,2026-03-14 16:32:07
122,3272,18,29,31,36.84,45.04,66.36,1008.63,2026-03-14 16:32:10
123,3451,18,29,31,36.84,45.04,67.28,1008.62,2026-03-14 16:32:13
124,3493,18,29,31,36.84,45.04,67.28,1008.60,2026-03-14 16:32:16
125,3503,18,29,31,36.81,45.04,66.82,1008.58,2026-03-14 16:32:19
126,3411,18,29,31,36.83,45.04,66.36,1008.59,2026-03-14 16:32:23
127,3212,18,29,31,36.88,44.95,66.82,1008.57,2026-03-14 16:32:26
128,3304,18,29,31,36.91,44.95,66.36,1008.60,2026-03-14 16:32:29
129,3465,18,29,31,36.87,44.95,66.82,1008.58,2026-03-14 16:32:32
130,3645,18,29,31,36.87,44.95,67.28,1008.60,2026-03-14 16:32:35
131,3433,18,29,31,36.91,44.95,66.82,1008.62,2026-03-14 16:32:38
132,3199,18,29,31,36.93,44.95,66.82,1008.58,2026-03-14 16:32:41
133,3176,18,29,31,36.94,44.95,66.36,1008.58,2026-03-14 16:32:45
134,3104,18,29,31,36.93,45.04,65.89,1008.62,2026-03-14 16:32:48
135,3217,18,29,31,36.93,44.95,66.82,1008.63,2026-03-14 16:32:51
136,3349,18,29,31,36.94,44.95,65.89,1008.64,2026-03-14 16:32:54
137,3497,18,29,31,36.93,45.04,64.97,1008.60,2026-03-14 16:32:57
138,3592,18,29,31,36.94,44.95,64.97,1008.60,2026-03-14 16:33:00
139,3469,18,29,31,36.98,44.95,65.43,1008.58,2026-03-14 16:33:03
140,3246,18,29,31,36.98,44.95,67.28,1008.62,2026-03-14 16:33:06
141,3206,18,29,31,36.95,44.95,67.28,1008.62,2026-03-14 16:33:10
142,3411,18,29,31,36.94,44.95,67.28,1008.63,2026-03-14 16:33:13
143,3627,18,29,31,37.00,44.85,65.89,1008.60,2026-03-14 16:33:16
144,3769,18,29,31,36.95,44.85,65.89,1008.61,2026-03-14 16:33:19
145,3773,18,29,31,36.98,44.95,65.43,1008.62,2026-03-14 16:33:22
146,3531,18,29,31,36.95,44.95,64.97,1008.59,2026-03-14 16:33:25
147,3252,18,29,31,36.95,44.95,64.97,1008.63,2026-03-14 16:33:29
148,3407,18,29,31,36.93,44.95,64.97,1008.59,2026-03-14 16:33:32
149,3703,18,29,31,36.98,44.95,66.36,1008.60,2026-03-14 16:33:35
150,4005,18,29,31,36.93,44.95,65.43,1008.58,2026-03-14 16:33:38
151,4269,18,29,31,36.95,44.95,64.51,1008.61,2026-03-14 16:33:41
152,4347,18,29,31,36.99,45.04,64.97,1008.60,2026-03-14 16:33:44
153,4064,18,29,31,36.93,45.04,65.89,1008.59,2026-03-14 16:33:47
154,3684,18,29,31,36.93,45.04,65.89,1008.59,2026-03-14 16:33:50
155,3755,18,29,31,36.93,45.04,65.43,1008.67,2026-03-14 16:33:54
156,4005,18,29,31,36.90,45.04,65.43,1008.62,2026-03-14 16:33:57
157,3951,18,29,31,36.88,45.14,66.36,1008.61,2026-03-14 16:34:00
158,4200,18,29,31,36.88,45.14,65.89,1008.62,2026-03-14 16:34:03
159,3898,18,29,31,36.88,45.14,65.89,1008.60,2026-03-14 16:34:06
160,3540,18,29,31,36.85,45.24,64.97,1008.61,2026-03-14 16:34:09
161,3253,18,29,31,36.85,45.24,64.97,1008.63,2026-03-14 16:34:13
162,3227,18,29,31,36.85,45.24,64.97,1008.63,2026-03-14 16:34:16
163,3428,18,29,31,36.85,45.24,66.82,1008.65,2026-03-14 16:34:19
164,3528,18,29,31,36.90,45.24,65.43,1008.62,2026-03-14 16:34:22
165,3528,18,29,31,36.90,45.24,66.82,1008.66,2026-03-14 16:34:25
166,3528,18,29,31,36.94,45.24,66.36,1008.66,2026-03-14 16:34:28
167,3528,18,29,31,36.95,45.24,66.82,1008.68,2026-03-14 16:34:32
168,3528,18,29,31,36.91,45.24,65.43,1008.70,2026-03-14 16:34:35
169,3528,18,29,31,36.90,45.24,64.05,1008.64,2026-03-14 16:34:38
170,3528,18,29,31,36.91,45.24,65.43,1008.63,2026-03-14 16:34:41
171,3528,18,29,31,36.91,45.24,66.36,1008.63,2026-03-14 16:34:45
172,3528,18,29,31,36.91,45.24,64.97,1008.68,2026-03-14 16:34:48
173,3528,18,29,31,36.94,45.24,66.36,1008.65,2026-03-14 16:34:51
174,3528,18,29,31,36.91,45.34,46.54,1008.64,2026-03-14 16:34:55
175,1907,18,29,31,36.90,45.34,14.75,1008.65,2026-03-14 16:34:58
176,1907,18,29,31,36.88,45.34,15.67,1008.63,2026-03-14 16:35:01
177,1907,18,29,31,36.88,45.43,17.51,1008.63,2026-03-14 16:35:04
178,1907,18,29,31,36.91,45.34,45.16,1008.67,2026-03-14 16:35:08
179,1907,18,29,31,36.91,45.43,45.16,1008.63,2026-03-14 16:35:11
180,1907,18,29,31,36.93,45.43,45.62,1008.62,2026-03-14 16:35:15
181,1907,18,29,31,36.91,45.43,45.62,1008.62,2026-03-14 16:35:18
182,1907,18,29,31,36.90,45.43,45.16,1008.68,2026-03-14 16:35:21
183,1907,18,29,31,36.99,45.43,45.16,1008.67,2026-03-14 16:35:24
184,1907,18,29,31,36.99,45.43,45.16,1008.67,2026-03-14 16:35:27
185,1907,18,29,31,36.99,45.43,45.16,1008.66,2026-03-14 16:35:30
186,1907,18,29,31,37.00,45.43,44.70,1008.66,2026-03-14 16:35:34
187,1907,18,29,31,37.02,45.43,45.62,1008.64,2026-03-14 16:35:37
188,0,0,0,0,36.84,45.72,45.62,760.04,2026-03-14 16:35:46
189,0,0,0,0,36.83,45.72,45.16,1008.67,2026-03-14 16:35:49
190,0,0,0,0,36.83,45.72,44.70,1008.66,2026-03-14 16:35:52
191,0,0,0,0,36.81,45.72,44.70,1008.70,2026-03-14 16:35:56
192,0,0,0,0,36.71,45.84,46.08,1008.66,2026-03-14 16:35:59
193,0,0,0,0,36.71,45.84,45.62,1008.67,2026-03-14 16:36:02
194,0,0,0,0,36.69,45.84,45.62,1008.71,2026-03-14 16:36:06
195,0,0,0,0,36.64,46.04,45.62,1008.64,2026-03-14 16:36:09
196,0,0,0,0,36.62,46.04,45.16,1008.63,2026-03-14 16:36:12
197,0,0,0,0,36.62,46.04,45.62,1008.67,2026-03-14 16:36:15
198,0,0,0,0,36.60,46.14,46.08,1008.73,2026-03-14 16:36:19
199,0,0,0,0,36.59,46.14,45.62,1008.65,2026-03-14 16:36:22
200,0,0,0,0,36.59,46.14,45.62,1008.69,2026-03-14 16:36:25
201,0,0,0,0,36.59,46.23,46.08,1008.67,2026-03-14 16:36:29
202,0,0,0,0,36.57,46.23,45.62,1008.69,2026-03-14 16:36:32
203,0,0,0,0,36.56,46.23,45.16,1008.69,2026-03-14 16:36:35
204,0,0,0,0,36.57,46.23,45.16,1008.66,2026-03-14 16:36:39
205,0,0,0,0,36.64,46.33,44.24,1008.64,2026-03-14 16:36:42
206,0,0,0,0,36.62,46.33,44.70,1008.61,2026-03-14 16:36:45
207,0,0,0,0,36.64,46.23,44.24,1008.61,2026-03-14 16:36:48
208,0,0,0,0,36.65,46.23,45.16,1008.66,2026-03-14 16:36:51
209,0,0,0,0,36.69,46.23,45.62,1008.63,2026-03-14 16:36:55
210,2211,21,31,36,36.80,46.11,44.24,1008.57,2026-03-14 16:37:08
211,2117,21,31,36,36.78,46.11,43.78,1008.60,2026-03-14 16:37:11
212,1846,21,31,37,36.78,46.11,43.78,1008.61,2026-03-14 16:37:15
213,1732,21,31,37,36.71,46.14,43.78,1008.58,2026-03-14 16:37:18
214,1617,21,31,37,36.72,46.14,44.24,1008.58,2026-03-14 16:37:21
215,1567,20,30,36,36.71,46.14,44.24,1008.61,2026-03-14 16:37:24
216,1568,20,30,36,36.69,46.23,42.85,1008.61,2026-03-14 16:37:27
217,1510,19,29,36,36.71,46.23,42.85,1008.59,2026-03-14 16:37:31
218,1381,20,30,37,36.71,46.23,42.85,1008.60,2026-03-14 16:37:34
219,1228,20,30,37,36.72,46.23,42.39,1008.64,2026-03-14 16:37:37
220,1183,20,30,37,36.72,46.23,42.85,1008.60,2026-03-14 16:37:40
221,1180,19,29,35,36.73,46.23,42.85,1008.59,2026-03-14 16:37:43
222,1222,19,29,35,36.73,46.23,42.85,1008.60,2026-03-14 16:37:47
223,1216,19,29,35,36.75,46.23,43.78,1008.58,2026-03-14 16:37:50
224,1155,19,29,35,36.72,46.23,43.78,1008.59,2026-03-14 16:37:53
225,1110,19,29,35,36.78,46.21,40.09,1008.56,2026-03-14 16:37:57
226,1079,19,29,35,36.76,46.23,40.09,1008.56,2026-03-14 16:38:00
227,1079,19,29,35,36.78,46.21,41.01,1008.58,2026-03-14 16:38:03
228,1102,19,29,35,36.78,46.21,43.78,1008.63,2026-03-14 16:38:06
229,1110,19,29,35,36.75,46.33,43.78,1008.59,2026-03-14 16:38:10
230,1086,19,29,35,36.75,46.33,43.78,1008.59,2026-03-14 16:38:13
231,1049,19,29,35,36.75,46.33,43.78,1008.62,2026-03-14 16:38:16
232,1020,19,29,35,36.76,46.33,43.78,1008.58,2026-03-14 16:38:19
233,1006,19,29,35,36.83,46.21,43.32,1008.59,2026-03-14 16:38:23
234,1024,19,29,35,36.83,46.21,43.78,1008.55,2026-03-14 16:38:26
235,1031,19,29,35,36.83,46.21,43.78,1008.55,2026-03-14 16:38:29
236,1033,19,29,35,36.78,46.11,43.78,1008.60,2026-03-14 16:38:32
237,1027,19,29,35,36.78,46.21,43.78,1008.60,2026-03-14 16:38:36
238,1009,19,29,35,36.78,46.21,43.78,1008.61,2026-03-14 16:38:39
239,982,19,29,35,36.78,46.21,43.78,1008.59,2026-03-14 16:38:42
240,984,19,29,35,36.80,46.21,43.78,1008.56,2026-03-14 16:38:46
241,1001,19,29,35,36.76,46.33,43.78,1008.59,2026-03-14 16:38:49
242,1066,19,29,35,36.80,46.31,43.78,1008.54,2026-03-14 16:38:52
243,1083,19,29,35,36.78,46.21,43.32,1008.61,2026-03-14 16:38:55
244,1053,19,29,35,36.80,46.21,43.32,1008.63,2026-03-14 16:38:59
245,1017,19,29,35,36.78,46.21,44.24,1008.58,2026-03-14 16:39:02
246,1000,19,29,35,36.76,46.23,43.78,1008.60,2026-03-14 16:39:05
247,1026,19,29,35,36.73,46.23,43.78,1008.60,2026-03-14 16:39:08
248,1054,19,29,35,36.75,46.23,43.78,1008.62,2026-03-14 16:39:12
249,1176,19,29,35,36.78,46.31,43.78,1008.60,2026-03-14 16:39:15
250,1253,19,29,35,36.76,46.33,43.32,1008.60,2026-03-14 16:39:18
251,1223,19,29,35,36.75,46.33,43.78,1008.58,2026-03-14 16:39:21
252,1307,19,29,35,36.75,46.33,43.32,1008.58,2026-03-14 16:39:24
253,1322,19,29,35,36.76,46.33,43.32,1008.57,2026-03-14 16:39:28
254,1345,19,29,35,36.75,46.33,43.32,1008.54,2026-03-14 16:39:31
255,1437,19,29,35,36.78,46.31,43.32,1008.57,2026-03-14 16:39:34
256,1393,19,29,35,36.80,46.31,43.78,1008.62,2026-03-14 16:39:38
257,1339,19,29,35,36.80,46.31,43.78,1008.60,2026-03-14 16:39:41
258,1281,19,29,35,36.78,46.31,43.32,1008.61,2026-03-14 16:39:44
259,1234,19,29,35,36.81,46.31,43.78,1008.58,2026-03-14 16:39:48
260,1224,19,29,35,36.83,46.31,42.39,1008.59,2026-03-14 16:39:51
261,1249,19,29,35,36.81,46.31,42.39,1008.59,2026-03-14 16:39:54
262,1228,19,29,35,36.80,46.31,43.32,1008.60,2026-03-14 16:39:57
263,1203,19,29,35,36.83,46.31,43.32,1008.57,2026-03-14 16:40:01
264,1182,19,29,35,36.80,46.31,42.85,1008.55,2026-03-14 16:40:04
265,1142,19,29,35,36.80,46.31,43.32,1008.58,2026-03-14 16:40:07
266,1136,19,29,35,36.80,46.31,43.32,1008.55,2026-03-14 16:40:11
267,1125,19,29,35,36.80,46.31,42.39,1008.55,2026-03-14 16:40:14
268,1113,19,29,35,36.78,46.41,43.32,1008.61,2026-03-14 16:40:17
269,1084,19,29,35,36.80,46.41,42.85,1008.55,2026-03-14 16:40:20
270,1048,19,29,35,36.83,46.41,43.32,1008.59,2026-03-14 16:40:24
271,1010,19,29,35,36.85,46.31,42.85,1008.61,2026-03-14 16:40:27
272,993,19,29,35,36.85,46.31,42.39,1008.60,2026-03-14 16:40:30
273,1006,19,29,35,36.87,46.31,42.85,1008.59,2026-03-14 16:40:33
274,1027,19,29,35,36.90,46.31,43.32,1008.60,2026-03-14 16:40:37
275,1054,19,29,35,36.90,46.31,43.78,1008.59,2026-03-14 16:40:40
276,1079,19,29,35,36.88,46.31,43.78,1008.58,2026-03-14 16:40:43
277,1059,19,29,35,36.88,46.31,43.32,1008.55,2026-03-14 16:40:47
278,1025,19,29,35,36.87,46.31,43.32,1008.59,2026-03-14 16:40:50
279,1023,19,29,35,36.88,46.31,42.85,1008.59,2026-03-14 16:40:53
280,1055,19,29,35,36.87,46.31,42.85,1008.60,2026-03-14 16:40:56
281,1060,19,29,35,36.90,46.31,42.85,1008.59,2026-03-14 16:41:00
282,1049,19,29,35,36.94,46.60,38.25,1008.58,2026-03-14 16:41:03
283,1017,19,29,35,36.94,46.60,26.73,1008.54,2026-03-14 16:41:06
284,995,19,29,35,36.94,46.50,22.12,1008.57,2026-03-14 16:41:10
285,990,19,29,35,36.93,46.50,22.58,1008.59,2026-03-14 16:41:13
286,1014,19,29,35,36.95,46.50,42.39,1008.60,2026-03-14 16:41:16
287,1036,19,29,35,36.90,46.60,41.01,1008.59,2026-03-14 16:41:19
288,1044,19,29,35,36.90,46.60,35.94,1008.56,2026-03-14 16:41:22
289,1022,19,29,35,36.88,46.79,37.32,1008.56,2026-03-14 16:41:26
290,990,19,29,35,36.88,46.79,35.94,1008.54,2026-03-14 16:41:29
291,968,19,29,35,36.88,46.89,33.18,1008.58,2026-03-14 16:41:32
292,961,19,29,35,36.88,46.60,42.85,1008.60,2026-03-14 16:41:35
293,969,19,29,35,36.88,46.60,43.32,1008.60,2026-03-14 16:41:39
294,976,19,29,35,36.90,46.60,42.85,1008.60,2026-03-14 16:41:42
295,974,19,29,35,36.90,46.60,41.01,1008.59,2026-03-14 16:41:45
296,957,19,29,35,36.95,46.41,42.39,1008.58,2026-03-14 16:41:48
297,945,19,29,35,36.95,46.50,42.39,1008.62,2026-03-14 16:41:51
298,936,19,29,35,36.93,46.41,43.32,1008.58,2026-03-14 16:41:55
299,935,19,29,35,36.98,46.31,42.39,1008.56,2026-03-14 16:41:58
300,954,19,29,35,37.00,46.21,42.39,1008.59,2026-03-14 16:42:01
301,975,19,29,35,37.02,46.21,42.85,1008.57,2026-03-14 16:42:04
302,997,19,29,35,36.98,46.21,42.85,1008.58,2026-03-14 16:42:08
303,991,19,29,35,37.03,46.21,41.93,1008.61,2026-03-14 16:42:11
304,1046,0,0,0,36.88,46.50,42.85,1008.58,2026-03-14 16:42:21
305,1098,0,0,0,36.87,46.50,42.85,1008.58,2026-03-14 16:42:25
306,1123,0,0,0,36.87,46.50,42.85,1008.59,2026-03-14 16:42:29
307,1092,0,0,0,36.87,46.50,43.32,1008.60,2026-03-14 16:42:32
308,1059,0,0,0,36.88,46.50,42.85,1008.59,2026-03-14 16:42:35
309,1022,0,0,0,36.87,46.50,43.32,1008.64,2026-03-14 16:42:39
310,1048,0,0,0,36.84,46.50,43.32,1008.64,2026-03-14 16:42:42
311,1119,0,0,0,36.83,46.50,43.32,1008.60,2026-03-14 16:42:45
312,1151,0,0,0,36.85,46.60,43.78,1008.58,2026-03-14 16:42:48
313,1097,0,0,0,36.87,46.60,43.32,1008.57,2026-03-14 16:42:55
314,1055,0,0,0,36.87,46.60,43.78,1008.60,2026-03-14 16:42:58
315,1073,0,0,0,36.87,46.60,43.78,1008.54,2026-03-14 16:43:02
316,1152,0,0,0,36.88,46.60,43.32,1008.54,2026-03-14 16:43:05
317,1176,19,29,32,36.85,46.60,43.32,1008.60,2026-03-14 16:43:08
318,1132,19,29,32,36.85,46.60,43.78,1008.60,2026-03-14 16:43:11
319,1110,19,29,31,36.87,46.60,43.78,1008.57,2026-03-14 16:43:14
320,1040,19,29,31,36.90,46.60,43.78,1008.58,2026-03-14 16:43:18
321,1025,19,29,31,36.91,46.50,42.85,1008.63,2026-03-14 16:43:21
322,1031,19,29,31,36.91,46.50,43.32,1008.59,2026-03-14 16:43:24
323,1075,19,29,31,36.90,46.50,43.32,1008.55,2026-03-14 16:43:27
324,1159,19,29,31,36.81,46.69,43.32,1008.59,2026-03-14 16:43:31
325,1174,19,29,31,36.80,46.69,42.85,1008.59,2026-03-14 16:43:34
326,1123,19,29,31,36.81,46.69,43.32,1008.62,2026-03-14 16:43:37
327,1071,19,29,31,36.76,46.72,43.78,1008.62,2026-03-14 16:43:41
328,1101,19,29,31,36.83,46.89,5.07,1008.56,2026-03-14 16:43:44
329,1269,19,29,31,36.83,46.89,6.91,1008.61,2026-03-14 16:43:47
330,1424,19,29,31,36.84,46.89,7.83,1008.55,2026-03-14 16:43:50
331,1631,19,29,31,36.83,46.89,6.91,1008.56,2026-03-14 16:43:54
332,1554,19,29,31,36.87,46.89,40.09,1008.54,2026-03-14 16:43:57
333,1438,19,29,31,36.75,46.81,40.55,1008.59,2026-03-14 16:44:00
334,1370,19,29,31,36.75,46.91,40.55,1008.59,2026-03-14 16:44:03
335,1328,19,29,31,36.75,46.91,40.55,1008.61,2026-03-14 16:44:07
336,1375,19,29,31,36.73,46.91,40.55,1008.61,2026-03-14 16:44:10
337,1457,19,29,31,36.71,47.01,40.55,1008.57,2026-03-14 16:44:13
338,1451,19,29,31,36.71,47.01,40.09,1008.55,2026-03-14 16:44:17
339,1419,19,29,31,36.72,47.01,40.09,1008.61,2026-03-14 16:44:20
340,1293,19,29,31,36.73,47.11,41.01,1008.59,2026-03-14 16:44:23
341,1236,19,29,31,36.73,47.11,41.01,1008.60,2026-03-14 16:44:26
342,1254,19,29,31,36.73,47.01,41.01,1008.59,2026-03-14 16:44:30
343,1293,19,29,31,36.78,46.98,41.47,1008.56,2026-03-14 16:44:33
344,1293,19,29,31,36.80,46.98,41.47,1008.53,2026-03-14 16:44:36
345,1275,19,29,31,36.75,47.01,41.01,1008.57,2026-03-14 16:44:40
346,1236,19,29,31,36.75,47.01,40.55,1008.61,2026-03-14 16:44:43
347,1186,19,29,31,36.73,47.01,40.55,1008.57,2026-03-14 16:44:46
348,1197,19,29,31,36.76,47.01,40.55,1008.58,2026-03-14 16:44:49
349,1268,19,29,31,36.84,46.89,41.01,1008.59,2026-03-14 16:44:53
350,1381,19,29,31,36.84,46.89,40.55,1008.59,2026-03-14 16:44:56
351,1480,19,29,31,36.85,46.89,40.55,1008.59,2026-03-14 16:44:59
352,1392,19,29,31,36.87,46.89,40.55,1008.61,2026-03-14 16:45:02
353,1306,19,29,31,36.85,46.89,40.55,1008.66,2026-03-14 16:45:06
354,1260,19,29,31,36.84,46.89,41.01,1008.62,2026-03-14 16:45:09
355,1294,19,29,31,36.84,46.89,41.47,1008.62,2026-03-14 16:45:12
356,1426,19,29,31,36.84,46.89,41.47,1008.62,2026-03-14 16:45:16
357,1443,19,29,31,36.84,46.89,41.01,1008.66,2026-03-14 16:45:19
358,1384,19,29,31,36.87,46.89,41.01,1008.59,2026-03-14 16:45:22
359,1288,19,29,31,36.85,46.89,39.63,1008.60,2026-03-14 16:45:26
360,1207,19,29,31,36.85,46.89,39.63,1008.65,2026-03-14 16:45:29
361,1209,19,29,31,36.85,46.89,41.01,1008.60,2026-03-14 16:45:32
362,1306,19,29,31,36.87,46.98,40.09,1008.60,2026-03-14 16:45:35
363,1371,19,29,31,36.85,46.89,40.55,1008.59,2026-03-14 16:45:39
364,1444,19,29,31,36.90,46.89,41.47,1008.56,2026-03-14 16:45:42
365,1444,19,29,31,36.87,47.08,41.01,1008.50,2026-03-14 16:45:45
366,1389,19,29,31,36.87,47.08,41.01,1008.56,2026-03-14 16:45:49
367,1310,19,29,31,36.83,47.08,41.47,1008.54,2026-03-14 16:45:52
368,1350,19,29,31,36.83,46.98,40.55,1008.56,2026-03-14 16:45:55
369,1435,19,29,31,36.84,46.98,40.55,1008.56,2026-03-14 16:45:59
370,1448,19,29,31,36.84,47.08,40.55,1008.62,2026-03-14 16:46:02
371,1423,19,29,31,36.84,47.08,41.01,1008.58,2026-03-14 16:46:05
372,1305,19,29,31,36.84,46.98,41.01,1008.58,2026-03-14 16:46:09
373,1242,19,29,31,36.85,46.98,40.09,1008.61,2026-03-14 16:46:12
374,1234,19,29,31,36.85,46.98,40.55,1008.61,2026-03-14 16:46:15
375,1305,19,29,31,36.85,46.98,41.01,1008.60,2026-03-14 16:46:18
376,1303,19,29,31,36.83,46.98,40.55,1008.58,2026-03-14 16:46:21
377,1288,19,29,31,36.84,47.08,41.01,1008.54,2026-03-14 16:46:24
378,1233,20,30,35,36.84,47.08,41.47,1008.59,2026-03-14 16:46:28
379,1165,20,30,35,36.80,47.08,41.01,1008.59,2026-03-14 16:46:31
380,1130,20,30,35,36.78,47.18,40.55,1008.58,2026-03-14 16:46:34
381,1122,19,29,34,36.81,47.18,40.55,1008.57,2026-03-14 16:46:37
382,1132,19,29,34,36.83,47.18,29.95,1008.57,2026-03-14 16:46:40
383,1162,19,29,34,36.83,47.18,26.27,1008.54,2026-03-14 16:46:43
384,1138,19,29,34,36.80,47.18,12.90,1008.56,2026-03-14 16:46:46
385,1081,19,29,34,36.87,47.18,38.25,1008.56,2026-03-14 16:46:50
386,1030,19,29,34,36.85,47.18,38.25,1008.56,2026-03-14 16:46:53
387,1012,19,29,34,36.85,47.18,38.25,1008.55,2026-03-14 16:46:56
388,1028,19,29,34,36.88,47.18,37.32,1008.56,2026-03-14 16:46:59
389,1064,19,29,34,36.84,47.18,37.32,1008.60,2026-03-14 16:47:03
390,1064,19,29,34,36.84,47.28,37.79,1008.60,2026-03-14 16:47:06
391,1040,19,29,34,36.85,47.28,38.25,1008.57,2026-03-14 16:47:09
392,1029,19,29,34,36.85,47.28,38.71,1008.61,2026-03-14 16:47:12
393,1020,19,29,34,36.88,47.18,38.25,1008.58,2026-03-14 16:47:15
394,1027,19,29,34,36.85,47.18,38.71,1008.58,2026-03-14 16:47:18
395,1049,19,29,34,36.85,47.18,38.71,1008.58,2026-03-14 16:47:21
396,1080,19,29,34,36.85,47.18,38.71,1008.59,2026-03-14 16:47:24
397,1087,19,29,34,36.85,47.18,38.71,1008.61,2026-03-14 16:47:28
398,1037,19,29,34,36.83,47.18,38.71,1008.58,2026-03-14 16:47:31
399,1009,19,29,34,36.84,47.18,38.25,1008.56,2026-03-14 16:47:34
400,1010,19,29,34,36.81,47.18,38.71,1008.59,2026-03-14 16:47:37
401,1033,19,29,34,36.85,47.18,38.71,1008.56,2026-03-14 16:47:40
402,1089,19,29,34,36.87,47.18,38.71,1008.58,2026-03-14 16:47:43
403,1160,19,29,34,36.85,47.18,38.71,1008.55,2026-03-14 16:47:46
404,1234,19,29,34,36.85,46.98,37.79,1008.52,2026-03-14 16:47:49
405,1210,19,29,34,36.85,46.98,38.25,1008.52,2026-03-14 16:47:53
406,1154,19,29,34,36.84,46.98,38.71,1008.53,2026-03-14 16:47:56
407,1102,19,29,34,36.81,47.08,37.79,1008.56,2026-03-14 16:47:59
408,1110,19,29,34,36.80,47.18,38.25,1008.58,2026-03-14 16:48:02
409,1197,19,29,34,36.80,47.18,38.25,1008.62,2026-03-14 16:48:05
410,1316,19,29,34,36.78,47.18,38.71,1008.55,2026-03-14 16:48:08
411,1260,19,29,34,36.76,47.20,38.25,1008.58,2026-03-14 16:48:11
412,1177,19,29,34,36.87,47.28,33.18,1008.53,2026-03-14 16:48:14
413,1111,19,29,34,36.84,47.18,37.79,1008.59,2026-03-14 16:48:18
414,1074,19,29,34,36.84,47.18,37.32,1008.53,2026-03-14 16:48:21
415,1113,19,29,34,36.84,47.28,36.86,1008.53,2026-03-14 16:48:24
416,1180,19,29,34,36.85,47.28,36.86,1008.58,2026-03-14 16:48:27
417,1208,19,29,34,36.85,47.28,35.94,1008.58,2026-03-14 16:48:30
418,1308,19,29,34,36.75,47.30,7.37,1008.56,2026-03-14 16:48:33
419,1317,19,29,34,36.78,47.28,6.91,1008.55,2026-03-14 16:48:36
420,1250,19,29,34,36.80,47.28,6.45,1008.57,2026-03-14 16:48:40
421,1251,19,29,34,36.80,47.38,6.45,1008.56,2026-03-14 16:48:43
422,1364,19,29,34,36.81,47.28,6.45,1008.57,2026-03-14 16:48:46
423,1450,19,29,34,36.75,47.40,6.91,1008.58,2026-03-14 16:48:49
424,1481,19,29,34,36.78,47.28,6.91,1008.55,2026-03-14 16:48:52
425,1318,19,29,34,36.78,47.28,6.91,1008.61,2026-03-14 16:48:56
426,1241,19,29,34,36.78,47.28,6.91,1008.56,2026-03-14 16:48:59
427,1189,19,29,34,36.80,47.28,6.91,1008.62,2026-03-14 16:49:02
428,1145,19,29,34,36.83,47.28,38.25,1008.53,2026-03-14 16:49:05
429,1210,19,29,34,36.84,47.28,17.51,1008.56,2026-03-14 16:49:09
430,1289,19,29,34,36.85,47.28,17.97,1008.56,2026-03-14 16:49:12
431,1279,19,29,34,36.84,47.28,9.22,1008.57,2026-03-14 16:49:15
432,1237,19,29,34,36.84,47.28,38.25,1008.55,2026-03-14 16:49:18
433,1158,19,29,34,36.56,47.78,35.94,1008.52,2026-03-14 16:49:21
434,1106,19,29,34,36.47,47.81,37.79,1008.57,2026-03-14 16:49:24
435,1093,19,29,34,36.23,48.32,37.32,1008.59,2026-03-14 16:49:27
436,1141,19,29,34,36.23,48.22,37.32,1008.54,2026-03-14 16:49:31
437,1132,19,29,34,36.23,48.32,37.32,1008.51,2026-03-14 16:49:34
438,1088,19,29,34,36.22,48.32,37.32,1008.56,2026-03-14 16:49:37
439,1038,19,29,34,36.17,48.41,36.86,1008.57,2026-03-14 16:49:40
440,1002,19,29,34,35.99,48.73,38.25,1008.58,2026-03-14 16:49:43
441,1008,19,29,34,35.99,48.83,37.79,1008.58,2026-03-14 16:49:46
442,1010,19,29,34,36.00,48.73,37.79,1008.48,2026-03-14 16:49:49
443,1025,19,29,34,36.00,48.83,37.79,1008.54,2026-03-14 16:49:52
444,1033,19,29,34,35.97,48.83,37.79,1008.52,2026-03-14 16:49:56
445,1036,19,29,34,35.84,49.12,38.71,1008.55,2026-03-14 16:49:59
446,994,19,29,34,35.84,49.12,38.71,1008.53,2026-03-14 16:50:02
447,996,19,29,34,35.90,49.22,37.79,1008.56,2026-03-14 16:50:05
448,988,19,29,34,35.92,49.22,37.79,1008.51,2026-03-14 16:50:08
449,1002,19,29,34,35.90,49.22,37.32,1008.54,2026-03-14 16:50:11
450,1052,19,29,34,35.93,49.12,38.71,1008.51,2026-03-14 16:50:14
451,1114,19,29,34,36.08,48.90,38.25,1008.53,2026-03-14 16:50:18
452,1061,19,29,34,36.09,48.80,38.71,1008.50,2026-03-14 16:50:21
453,1015,19,29,34,36.23,48.61,38.25,1008.50,2026-03-14 16:50:24
454,986,19,29,34,36.22,48.61,38.25,1008.52,2026-03-14 16:50:27
455,981,19,29,34,36.28,48.49,37.79,1008.46,2026-03-14 16:50:30
456,988,19,29,34,36.29,48.39,37.79,1008.54,2026-03-14 16:50:33
457,999,19,29,34,36.28,48.30,38.25,1008.55,2026-03-14 16:50:36
458,1006,19,29,34,36.34,48.30,38.25,1008.52,2026-03-14 16:50:40
459,997,19,29,34,36.37,48.20,37.79,1008.48,2026-03-14 16:50:43
460,982,19,29,34,36.37,48.20,37.32,1008.52,2026-03-14 16:50:46
461,969,19,29,34,36.37,48.20,37.32,1008.49,2026-03-14 16:50:49
462,972,19,27,33,36.38,48.10,38.25,1008.43,2026-03-14 16:50:52
463,991,19,27,33,36.32,48.20,38.25,1008.52,2026-03-14 16:50:55
464,1004,19,26,33,36.32,48.20,38.25,1008.52,2026-03-14 16:50:58
465,1080,19,26,33,36.31,48.20,38.25,1008.55,2026-03-14 16:51:02
466,1088,19,26,33,36.25,48.22,38.25,1008.55,2026-03-14 16:51:05
467,1035,19,26,33,36.31,48.30,38.71,1008.52,2026-03-14 16:51:08
468,996,19,26,33,36.29,48.30,38.25,1008.51,2026-03-14 16:51:11
469,992,19,26,33,36.32,48.30,38.71,1008.47,2026-03-14 16:51:14
470,997,19,26,33,36.37,48.20,38.25,1008.50,2026-03-14 16:51:17
471,1138,19,26,33,36.37,48.20,38.25,1008.54,2026-03-14 16:51:21
472,1160,19,26,33,36.37,48.20,38.25,1008.54,2026-03-14 16:51:24
473,1097,19,26,33,36.37,48.20,38.25,1008.52,2026-03-14 16:51:27
474,1044,19,26,33,36.37,48.10,37.79,1008.54,2026-03-14 16:51:30
475,1034,19,26,33,36.37,48.20,38.71,1008.53,2026-03-14 16:51:33
476,1044,19,26,33,36.37,48.20,38.25,1008.54,2026-03-14 16:51:36
477,1044,19,26,33,36.37,48.20,37.79,1008.52,2026-03-14 16:51:39
478,1040,19,26,33,36.37,48.20,38.25,1008.51,2026-03-14 16:51:43
479,1059,19,26,33,36.34,48.20,38.25,1008.52,2026-03-14 16:51:46
480,1045,19,26,33,36.35,48.30,38.25,1008.53,2026-03-14 16:51:49
481,1017,19,26,33,36.35,48.30,38.25,1008.54,2026-03-14 16:51:52
482,1007,19,26,33,36.35,48.30,38.25,1008.51,2026-03-14 16:51:55
483,1019,19,26,33,36.35,48.30,37.79,1008.57,2026-03-14 16:51:58
484,1023,19,26,33,36.41,48.20,37.32,1008.54,2026-03-14 16:52:01
485,1029,19,26,33,36.41,48.20,37.32,1008.54,2026-03-14 16:52:04
486,1032,19,26,33,36.41,48.20,37.32,1008.54,2026-03-14 16:52:08
487,1000,19,26,33,36.41,48.20,37.32,1008.55,2026-03-14 16:52:11
488,970,19,26,33,36.46,48.20,38.25,1008.56,2026-03-14 16:52:14
489,975,19,26,33,36.44,48.20,37.79,1008.57,2026-03-14 16:52:17
490,992,19,26,33,36.49,48.10,38.25,1008.55,2026-03-14 16:52:20
491,999,19,26,33,36.49,48.10,37.79,1008.58,2026-03-14 16:52:23
492,1006,19,26,33,36.47,48.10,38.25,1008.55,2026-03-14 16:52:26
493,981,19,26,33,36.44,48.10,38.25,1008.56,2026-03-14 16:52:30
494,966,19,26,33,36.49,48.10,38.25,1008.54,2026-03-14 16:52:33
495,952,19,26,33,36.56,47.98,37.79,1008.60,2026-03-14 16:52:36
496,961,19,26,33,36.53,47.98,38.25,1008.60,2026-03-14 16:52:39
497,1010,19,26,33,36.53,47.98,37.79,1008.56,2026-03-14 16:52:42
498,1027,19,26,33,36.56,48.08,38.25,1008.57,2026-03-14 16:52:45
499,1067,19,26,33,36.54,48.08,37.79,1008.53,2026-03-14 16:52:48
500,1033,19,26,33,36.53,48.08,38.25,1008.55,2026-03-14 16:52:52
501,995,19,26,33,36.53,48.08,38.25,1008.58,2026-03-14 16:52:55
502,981,19,26,33,36.53,48.08,38.25,1008.58,2026-03-14 16:52:58
503,991,19,26,33,36.56,48.08,37.79,1008.59,2026-03-14 16:53:01
504,994,19,26,33,36.53,48.08,37.79,1008.59,2026-03-14 16:53:04
505,1004,19,26,33,36.54,48.08,37.79,1008.57,2026-03-14 16:53:07
506,990,19,26,33,36.53,48.08,38.25,1008.52,2026-03-14 16:53:10
507,973,19,26,33,36.54,48.08,37.79,1008.55,2026-03-14 16:53:13
508,963,19,26,33,36.56,48.08,37.79,1008.55,2026-03-14 16:53:17
509,958,19,26,33,36.57,48.08,37.79,1008.59,2026-03-14 16:53:20
510,982,19,26,33,36.60,48.08,37.79,1008.56,2026-03-14 16:53:23
511,995,19,26,33,36.65,47.98,37.79,1008.52,2026-03-14 16:53:26
512,1024,19,26,33,36.64,47.98,37.32,1008.52,2026-03-14 16:53:29
513,1027,19,26,33,36.64,47.98,37.79,1008.52,2026-03-14 16:53:32
514,997,19,26,33,36.62,47.98,37.79,1008.55,2026-03-14 16:53:36
515,988,19,26,33,36.60,47.98,37.79,1008.55,2026-03-14 16:53:39
516,994,19,26,33,36.59,47.98,37.79,1008.55,2026-03-14 16:53:42
517,1014,19,26,33,36.59,47.98,37.79,1008.55,2026-03-14 16:53:45
518,1021,19,26,33,36.59,47.98,37.32,1008.55,2026-03-14 16:53:48
519,1013,19,26,33,36.59,47.98,37.79,1008.53,2026-03-14 16:53:51
520,994,19,26,33,36.62,48.08,38.25,1008.54,2026-03-14 16:53:54
521,977,19,26,33,36.65,47.98,38.25,1008.56,2026-03-14 16:53:58
522,964,19,26,33,36.65,47.98,38.25,1008.56,2026-03-14 16:54:01
523,962,19,26,33,36.62,47.98,37.79,1008.57,2026-03-14 16:54:04
524,975,19,26,33,36.64,48.08,37.32,1008.56,2026-03-14 16:54:07
525,981,19,26,33,36.62,48.08,38.25,1008.56,2026-03-14 16:54:10
526,991,19,26,33,36.64,48.08,37.79,1008.56,2026-03-14 16:54:13
527,982,19,26,33,36.65,47.98,36.86,1008.56,2026-03-14 16:54:17
528,965,19,26,33,36.65,47.88,37.79,1008.54,2026-03-14 16:54:20
529,955,19,26,33,36.64,47.88,37.79,1008.57,2026-03-14 16:54:23
530,969,19,26,33,36.69,47.88,37.79,1008.57,2026-03-14 16:54:26
531,986,19,26,33,36.71,47.78,38.25,1008.52,2026-03-14 16:54:29
532,991,19,26,33,36.68,47.78,37.32,1008.52,2026-03-14 16:54:32
533,978,19,26,33,36.72,47.78,37.79,1008.54,2026-03-14 16:54:35
534,984,19,26,33,36.73,47.69,37.32,1008.52,2026-03-14 16:54:38
535,966,19,26,33,36.73,47.69,37.32,1008.58,2026-03-14 16:54:42
536,950,19,26,33,36.73,47.59,37.32,1008.53,2026-03-14 16:54:45
537,971,19,26,33,36.75,47.59,36.86,1008.55,2026-03-14 16:54:48
538,1047,19,26,33,36.69,47.69,37.32,1008.54,2026-03-14 16:54:51
539,1102,19,26,33,36.71,47.78,37.32,1008.56,2026-03-14 16:54:54
540,1108,19,26,33,36.66,47.78,37.79,1008.54,2026-03-14 16:54:57
541,1043,19,26,33,36.68,47.78,37.79,1008.53,2026-03-14 16:55:00
542,1000,19,26,33,36.68,47.78,37.79,1008.53,2026-03-14 16:55:04
543,987,19,26,33,36.60,47.88,37.32,1008.57,2026-03-14 16:55:07
544,1027,19,26,33,36.60,47.88,37.79,1008.52,2026-03-14 16:55:10
545,1032,19,26,33,36.62,47.88,37.79,1008.52,2026-03-14 16:55:13
546,1020,19,26,33,36.60,47.88,37.79,1008.50,2026-03-14 16:55:16
547,991,19,26,33,36.54,47.98,37.32,1008.53,2026-03-14 16:55:19
548,965,19,26,33,36.53,48.08,37.32,1008.52,2026-03-14 16:55:22
549,941,19,26,33,36.59,48.08,37.32,1008.53,2026-03-14 16:55:25
550,956,19,26,33,36.60,48.08,37.79,1008.53,2026-03-14 16:55:29
551,986,19,26,33,36.60,48.08,37.79,1008.48,2026-03-14 16:55:32
552,990,19,26,33,36.60,48.08,37.32,1008.58,2026-03-14 16:55:35
553,993,19,26,33,36.59,48.08,37.32,1008.51,2026-03-14 16:55:38
554,995,19,26,33,36.50,48.20,37.32,1008.57,2026-03-14 16:55:41
555,974,19,26,33,36.49,48.30,36.86,1008.54,2026-03-14 16:55:45
556,952,19,26,33,36.49,48.30,36.86,1008.54,2026-03-14 16:55:48
557,964,19,26,33,36.49,48.30,36.86,1008.53,2026-03-14 16:55:51
558,985,19,26,33,36.47,48.30,36.86,1008.54,2026-03-14 16:55:54
559,1075,19,26,33,36.53,48.27,37.32,1008.54,2026-03-14 16:55:57
560,1040,19,26,33,36.50,48.30,37.32,1008.53,2026-03-14 16:56:00
561,996,19,26,33,36.51,48.27,37.79,1008.53,2026-03-14 16:56:04
562,968,19,26,33,36.53,48.27,37.79,1008.55,2026-03-14 16:56:07
563,960,19,26,33,36.60,48.18,36.86,1008.54,2026-03-14 16:56:10
564,992,19,26,33,36.62,48.18,37.32,1008.52,2026-03-14 16:56:13
565,988,19,26,33,36.62,48.18,37.79,1008.52,2026-03-14 16:56:16
566,994,19,26,33,36.62,48.18,37.79,1008.53,2026-03-14 16:56:19
567,990,19,26,33,36.59,48.08,37.32,1008.56,2026-03-14 16:56:23
568,968,19,26,33,36.65,48.08,37.32,1008.50,2026-03-14 16:56:26
569,961,19,26,33,36.64,48.08,37.32,1008.50,2026-03-14 16:56:29
570,951,19,26,33,36.62,47.88,37.79,1008.59,2026-03-14 16:56:32
571,956,19,26,33,36.71,47.59,37.79,1008.54,2026-03-14 16:56:35
572,958,19,26,33,36.69,47.59,37.79,1008.52,2026-03-14 16:56:39
573,961,19,26,33,36.69,47.59,37.32,1008.52,2026-03-14 16:56:42
574,946,19,26,33,36.66,47.59,37.32,1008.56,2026-03-14 16:56:45
575,937,19,26,33,36.75,47.49,36.86,1008.51,2026-03-14 16:56:48
576,928,19,26,33,36.72,47.40,36.86,1008.61,2026-03-14 16:56:51
577,934,19,26,33,36.71,47.40,37.32,1008.53,2026-03-14 16:56:54
578,950,19,26,33,36.65,47.40,37.32,1008.52,2026-03-14 16:56:57
579,963,19,26,33,36.64,47.49,37.32,1008.52,2026-03-14 16:57:01
580,973,19,26,33,36.60,47.59,37.32,1008.54,2026-03-14 16:57:04
581,961,19,26,33,36.59,47.59,37.32,1008.57,2026-03-14 16:57:07
582,949,19,26,33,36.57,47.59,37.32,1008.57,2026-03-14 16:57:10
583,937,19,26,33,36.57,47.59,36.86,1008.51,2026-03-14 16:57:13
584,940,19,26,33,36.62,47.49,37.32,1008.50,2026-03-14 16:57:16
585,954,19,26,33,36.60,47.49,37.32,1008.55,2026-03-14 16:57:19
586,965,19,26,33,36.62,47.49,37.32,1008.51,2026-03-14 16:57:23
587,961,19,26,33,36.62,47.49,37.32,1008.56,2026-03-14 16:57:26
588,942,19,26,33,36.64,47.49,37.32,1008.51,2026-03-14 16:57:29
589,929,19,26,33,36.62,47.40,36.86,1008.58,2026-03-14 16:57:32
590,921,19,26,33,36.69,47.20,37.32,1008.53,2026-03-14 16:57:35
591,934,19,26,33,36.68,47.20,37.32,1008.54,2026-03-14 16:57:38
592,956,19,26,33,36.68,47.20,36.86,1008.56,2026-03-14 16:57:42
593,964,19,26,33,36.66,47.11,36.86,1008.55,2026-03-14 16:57:45
594,963,19,26,33,36.65,47.20,37.32,1008.53,2026-03-14 16:57:48
595,948,19,26,33,36.62,47.20,36.86,1008.55,2026-03-14 16:57:51
596,936,19,26,33,36.64,47.20,37.32,1008.58,2026-03-14 16:57:55
597,935,19,26,33,36.62,47.20,37.32,1008.58,2026-03-14 16:57:58
598,948,19,26,33,36.62,47.20,37.32,1008.57,2026-03-14 16:58:01
599,964,19,26,33,36.62,47.20,37.32,1008.58,2026-03-14 16:58:04
600,969,19,26,33,36.60,47.30,37.32,1008.56,2026-03-14 16:58:07
601,955,19,26,33,36.57,47.30,36.86,1008.55,2026-03-14 16:58:10
602,941,19,26,33,36.60,47.30,36.86,1008.56,2026-03-14 16:58:14
603,927,19,26,33,36.56,47.30,36.86,1008.57,2026-03-14 16:58:17
604,927,19,26,33,36.56,47.40,37.32,1008.57,2026-03-14 16:58:20
605,961,19,26,33,36.57,47.30,36.86,1008.55,2026-03-14 16:58:23
606,994,19,26,33,36.56,47.30,37.32,1008.59,2026-03-14 16:58:26
607,1015,19,26,33,36.54,47.40,36.86,1008.54,2026-03-14 16:58:29
608,1032,19,26,33,36.54,47.40,36.86,1008.54,2026-03-14 16:58:32
609,996,19,26,33,36.56,47.40,36.86,1008.59,2026-03-14 16:58:36
610,976,19,26,33,36.59,47.40,36.86,1008.58,2026-03-14 16:58:39
611,974,19,26,33,36.53,47.40,37.32,1008.53,2026-03-14 16:58:42
612,995,19,26,33,36.53,47.40,36.86,1008.53,2026-03-14 16:58:45
613,1023,19,26,33,36.54,47.40,36.86,1008.51,2026-03-14 16:58:48
614,1025,19,26,33,36.54,47.40,36.86,1008.53,2026-03-14 16:58:51
615,989,19,26,33,36.53,47.49,36.86,1008.52,2026-03-14 16:58:54
616,964,19,26,33,36.51,47.59,37.79,1008.54,2026-03-14 16:58:58
617,954,19,26,33,36.51,47.59,36.86,1008.56,2026-03-14 16:59:01
618,964,19,26,33,36.53,47.59,36.86,1008.56,2026-03-14 16:59:04
619,970,19,26,33,36.53,47.59,36.86,1008.53,2026-03-14 16:59:07
620,981,19,26,33,36.47,47.81,36.86,1008.59,2026-03-14 16:59:10
621,987,19,26,33,36.49,47.81,36.86,1008.59,2026-03-14 16:59:13
622,969,19,26,33,36.43,47.81,36.86,1008.57,2026-03-14 16:59:16
623,954,19,26,33,36.44,47.81,36.86,1008.58,2026-03-14 16:59:20
624,946,19,26,33,36.41,47.81,36.86,1008.53,2026-03-14 16:59:23
625,954,19,26,33,36.38,47.91,36.86,1008.59,2026-03-14 16:59:26
626,968,19,26,33,36.38,47.91,36.86,1008.59,2026-03-14 16:59:29
627,970,19,26,33,36.44,47.91,37.32,1008.48,2026-03-14 16:59:32
628,956,19,26,33,36.43,47.91,36.86,1008.58,2026-03-14 16:59:35
629,946,19,26,33,36.43,47.91,36.86,1008.54,2026-03-14 16:59:39
630,932,19,26,33,36.43,47.91,36.86,1008.54,2026-03-14 16:59:42
631,933,19,26,33,36.46,47.91,36.86,1008.55,2026-03-14 16:59:45
632,946,19,26,33,36.44,47.91,36.40,1008.54,2026-03-14 16:59:49
633,955,19,26,33,36.46,47.91,36.40,1008.57,2026-03-14 16:59:52
634,962,19,26,33,36.43,47.91,36.86,1008.57,2026-03-14 16:59:55
635,961,19,26,33,36.43,48.00,36.40,1008.54,2026-03-14 16:59:59
636,940,19,26,33,36.43,48.00,36.40,1008.54,2026-03-14 17:00:02
637,934,19,26,33,36.44,47.91,36.40,1008.57,2026-03-14 17:00:05
638,947,19,26,33,36.43,47.91,36.86,1008.56,2026-03-14 17:00:08
639,990,19,26,33,36.44,47.91,36.86,1008.59,2026-03-14 17:00:11
640,985,19,26,33,36.46,47.91,36.86,1008.59,2026-03-14 17:00:15
641,970,19,26,33,36.47,47.81,36.86,1008.60,2026-03-14 17:00:18
642,945,19,26,33,36.46,47.81,36.86,1008.54,2026-03-14 17:00:21
643,932,19,26,33,36.51,47.78,36.40,1008.52,2026-03-14 17:00:24
644,929,19,26,33,36.46,47.71,36.86,1008.54,2026-03-14 17:00:27
645,946,19,26,33,36.47,47.81,36.86,1008.52,2026-03-14 17:00:31
646,951,19,26,33,36.47,47.81,36.86,1008.52,2026-03-14 17:00:34
647,958,19,26,33,36.49,47.81,36.86,1008.53,2026-03-14 17:00:37
648,948,19,26,33,36.49,47.81,35.94,1008.57,2026-03-14 17:00:40
649,928,19,26,33,36.47,47.91,35.94,1008.56,2026-03-14 17:00:43
650,908,19,26,33,36.47,47.91,35.94,1008.56,2026-03-14 17:00:47
651,912,19,26,33,36.47,47.91,35.48,1008.57,2026-03-14 17:00:50
652,919,19,26,33,36.41,47.91,35.94,1008.58,2026-03-14 17:00:53
653,949,19,26,33,36.37,48.10,35.94,1008.59,2026-03-14 17:00:56
654,1224,19,26,33,36.38,48.10,35.02,1008.59,2026-03-14 17:00:59
655,1844,19,26,33,36.29,48.10,36.40,1008.59,2026-03-14 17:01:02
656,1872,19,26,33,36.23,48.22,35.94,1008.53,2026-03-14 17:01:06
657,1729,19,26,33,36.27,48.22,36.40,1008.56,2026-03-14 17:01:09
658,1606,19,26,33,36.17,48.22,36.40,1008.54,2026-03-14 17:01:12
659,1571,19,26,33,36.01,48.51,35.48,1008.60,2026-03-14 17:01:15
660,1554,19,26,33,36.01,48.51,36.40,1008.56,2026-03-14 17:01:18
661,1502,19,26,33,35.99,48.54,36.40,1008.56,2026-03-14 17:01:22
662,1414,19,26,33,35.97,48.73,36.40,1008.54,2026-03-14 17:01:25
663,1305,19,26,33,35.96,48.83,35.02,1008.55,2026-03-14 17:01:28
664,1229,19,26,33,35.96,48.83,36.40,1008.54,2026-03-14 17:01:31
665,1215,19,26,33,35.96,48.83,36.40,1008.60,2026-03-14 17:01:35
666,1203,19,26,33,36.01,48.80,36.40,1008.56,2026-03-14 17:01:38
667,1216,19,26,33,36.01,48.80,36.40,1008.56,2026-03-14 17:01:41
668,1183,19,26,33,36.01,48.80,36.40,1008.57,2026-03-14 17:01:44
669,1117,19,26,33,36.01,48.71,36.40,1008.60,2026-03-14 17:01:48
670,1076,19,26,33,36.07,48.71,36.40,1008.53,2026-03-14 17:01:51
671,1067,19,26,33,36.12,48.51,36.86,1008.54,2026-03-14 17:01:54
672,1099,19,26,33,36.17,48.51,36.86,1008.52,2026-03-14 17:01:57
673,1143,19,26,33,36.17,48.51,36.86,1008.59,2026-03-14 17:02:00
674,1175,19,26,33,36.17,48.51,36.40,1008.58,2026-03-14 17:02:03
675,1180,19,26,33,36.17,48.51,35.94,1008.54,2026-03-14 17:02:07
676,1136,19,26,33,36.15,48.51,35.94,1008.53,2026-03-14 17:02:10
677,1082,19,26,33,36.15,48.51,36.40,1008.57,2026-03-14 17:02:13
678,1083,19,26,33,36.22,48.51,36.40,1008.56,2026-03-14 17:02:16
679,1125,19,26,33,36.29,48.39,36.40,1008.59,2026-03-14 17:02:19
680,1188,19,26,33,36.23,48.32,35.94,1008.58,2026-03-14 17:02:23
681,1215,19,26,33,36.25,48.32,36.40,1008.59,2026-03-14 17:02:26
682,1175,19,26,33,36.23,48.32,35.94,1008.59,2026-03-14 17:02:29
683,1129,19,26,33,36.22,48.32,36.40,1008.57,2026-03-14 17:02:32
684,1094,19,26,33,36.25,48.41,36.40,1008.60,2026-03-14 17:02:35
685,1106,19,26,33,36.22,48.32,35.94,1008.61,2026-03-14 17:02:39
686,1154,19,26,33,36.28,48.39,35.94,1008.54,2026-03-14 17:02:42
687,1224,19,26,33,36.27,48.41,35.94,1008.57,2026-03-14 17:02:45
688,1283,19,26,33,36.27,48.41,36.40,1008.55,2026-03-14 17:02:48
689,1327,19,26,33,36.28,48.39,35.94,1008.53,2026-03-14 17:02:52
690,1238,19,26,33,36.29,48.30,35.94,1008.55,2026-03-14 17:02:55
691,1174,19,26,33,36.34,48.20,35.94,1008.60,2026-03-14 17:02:58
692,1182,19,26,33,36.35,48.20,35.94,1008.57,2026-03-14 17:03:01
693,1224,19,26,33,36.35,48.20,35.94,1008.57,2026-03-14 17:03:04
694,1240,19,26,33,36.34,48.20,35.94,1008.59,2026-03-14 17:03:07
695,1206,19,26,33,36.34,48.20,35.94,1008.61,2026-03-14 17:03:11
696,1135,19,26,33,36.38,48.10,35.94,1008.55,2026-03-14 17:03:14
697,1090,19,26,33,36.38,48.10,35.94,1008.55,2026-03-14 17:03:17
698,1073,19,26,33,36.38,48.10,35.94,1008.56,2026-03-14 17:03:20
699,1113,19,26,33,36.39,48.10,35.94,1008.58,2026-03-14 17:03:23
700,1164,19,26,33,36.38,48.10,35.94,1008.59,2026-03-14 17:03:26
701,1201,19,26,33,36.39,48.10,35.94,1008.51,2026-03-14 17:03:30
702,1196,19,26,33,36.44,48.00,35.94,1008.58,2026-03-14 17:03:33
703,1150,19,26,33,36.43,48.00,35.94,1008.58,2026-03-14 17:03:36
704,1109,19,26,33,36.44,48.00,35.94,1008.55,2026-03-14 17:03:39
705,1107,19,26,33,36.44,48.00,35.94,1008.56,2026-03-14 17:03:42
706,1152,19,26,33,36.38,48.00,35.94,1008.56,2026-03-14 17:03:45
707,1222,19,26,33,36.31,48.30,35.94,1008.59,2026-03-14 17:03:49
708,1327,19,26,33,36.28,48.39,35.94,1008.60,2026-03-14 17:03:52
709,1236,19,26,33,36.28,48.39,35.94,1008.60,2026-03-14 17:03:55
710,1154,19,26,33,36.28,48.39,35.94,1008.56,2026-03-14 17:03:58
711,1112,19,26,33,36.28,48.39,35.94,1008.58,2026-03-14 17:04:01
712,1124,19,26,33,36.32,48.39,35.94,1008.58,2026-03-14 17:04:04
713,1170,19,26,33,36.38,48.30,35.02,1008.58,2026-03-14 17:04:07
714,1211,19,26,33,36.39,48.30,35.02,1008.58,2026-03-14 17:04:11
715,1215,19,26,33,36.39,48.30,35.02,1008.59,2026-03-14 17:04:14
716,1179,19,26,33,36.38,48.30,35.02,1008.56,2026-03-14 17:04:17
717,1114,19,26,33,36.35,48.30,35.02,1008.57,2026-03-14 17:04:20
718,1110,19,26,33,36.35,48.39,35.94,1008.52,2026-03-14 17:04:23
719,1152,18,27,30,36.35,48.39,35.94,1008.56,2026-03-14 17:04:26
720,1244,18,27,29,36.31,48.39,35.94,1008.59,2026-03-14 17:04:30
721,1274,18,27,29,36.32,48.49,35.94,1008.57,2026-03-14 17:04:33
722,1332,18,27,30,36.28,48.49,35.94,1008.57,2026-03-14 17:04:36
723,1229,18,27,30,36.27,48.51,35.94,1008.57,2026-03-14 17:04:39
724,1159,18,27,30,36.27,48.51,35.94,1008.58,2026-03-14 17:04:42
725,1127,18,27,30,36.28,48.49,35.94,1008.56,2026-03-14 17:04:45
726,1169,18,27,30,36.31,48.49,35.94,1008.54,2026-03-14 17:04:49
727,1256,18,27,30,36.35,48.49,35.94,1008.53,2026-03-14 17:04:52
728,1331,18,27,30,36.31,48.49,35.94,1008.56,2026-03-14 17:04:55
729,1361,18,27,30,36.37,48.49,35.94,1008.54,2026-03-14 17:04:58
730,1266,18,27,30,36.37,48.49,35.94,1008.57,2026-03-14 17:05:01
731,1168,18,27,30,36.35,48.49,35.94,1008.56,2026-03-14 17:05:04
732,1146,18,27,30,36.37,48.49,35.94,1008.56,2026-03-14 17:05:07
733,1185,18,27,30,36.35,48.49,35.48,1008.54,2026-03-14 17:05:11
734,1246,18,27,30,36.32,48.58,35.94,1008.55,2026-03-14 17:05:14
735,1341,18,27,30,36.32,48.49,35.48,1008.53,2026-03-14 17:05:17
736,1247,18,27,30,36.38,48.58,35.48,1008.55,2026-03-14 17:05:20
737,1148,18,27,30,36.38,48.58,35.48,1008.55,2026-03-14 17:05:23
738,1111,18,27,30,36.39,48.58,35.48,1008.56,2026-03-14 17:05:27
739,1111,18,27,30,36.39,48.49,35.94,1008.57,2026-03-14 17:05:30
740,1156,18,27,30,36.35,48.58,35.48,1008.58,2026-03-14 17:05:33
741,1188,18,27,30,36.35,48.58,35.48,1008.58,2026-03-14 17:05:36
742,1216,18,27,30,36.37,48.58,35.48,1008.58,2026-03-14 17:05:39
743,1261,18,27,30,36.38,48.58,35.48,1008.55,2026-03-14 17:05:43
744,1179,18,27,30,36.38,48.58,35.48,1008.58,2026-03-14 17:05:46
745,1130,18,27,30,36.53,48.37,35.48,1008.54,2026-03-14 17:05:49
746,1125,18,27,30,36.53,48.27,35.48,1008.61,2026-03-14 17:05:52
747,1165,18,27,30,36.53,48.08,35.48,1008.55,2026-03-14 17:05:55
748,1215,18,27,30,36.54,48.08,35.48,1008.55,2026-03-14 17:05:59
749,1196,18,27,30,36.50,48.10,35.48,1008.59,2026-03-14 17:06:02
750,1133,18,27,30,36.54,48.18,35.48,1008.54,2026-03-14 17:06:05
751,1110,18,27,30,36.54,48.18,35.48,1008.54,2026-03-14 17:06:08
752,1097,18,27,30,36.56,48.18,35.94,1008.53,2026-03-14 17:06:11
753,1117,18,27,30,36.56,48.18,35.48,1008.55,2026-03-14 17:06:14
754,1170,18,27,30,36.59,48.18,35.94,1008.57,2026-03-14 17:06:17
755,1178,18,27,30,36.50,48.10,35.02,1008.55,2026-03-14 17:06:21
756,1200,18,27,30,36.49,48.10,35.02,1008.55,2026-03-14 17:06:24
757,1172,18,27,30,36.46,48.20,35.48,1008.57,2026-03-14 17:06:27
758,1115,18,27,30,36.47,48.20,35.48,1008.54,2026-03-14 17:06:30
759,1120,18,27,30,36.49,48.20,35.48,1008.59,2026-03-14 17:06:33
760,1151,18,27,30,36.44,48.30,35.48,1008.58,2026-03-14 17:06:37
761,1235,18,27,30,36.41,48.30,35.48,1008.59,2026-03-14 17:06:40
762,1369,18,27,30,36.39,48.30,35.48,1008.59,2026-03-14 17:06:43
763,1279,18,27,30,36.39,48.39,35.48,1008.55,2026-03-14 17:06:46
764,1203,18,27,30,36.39,48.30,35.48,1008.58,2026-03-14 17:06:49
765,1147,18,27,30,36.50,48.20,35.48,1008.54,2026-03-14 17:06:53
766,1157,18,27,30,36.50,48.20,35.48,1008.54,2026-03-14 17:06:56
767,1219,18,27,30,36.53,48.18,35.48,1008.52,2026-03-14 17:06:59
768,1338,18,27,30,36.50,48.20,35.48,1008.56,2026-03-14 17:07:02
769,1359,18,27,30,36.49,48.20,35.48,1008.54,2026-03-14 17:07:05
770,1303,18,27,30,36.50,48.20,34.56,1008.57,2026-03-14 17:07:08
771,1237,18,27,30,36.46,48.20,34.10,1008.55,2026-03-14 17:07:11
772,1187,18,27,30,36.44,48.30,35.48,1008.56,2026-03-14 17:07:15
773,1254,18,27,30,36.41,48.30,35.02,1008.54,2026-03-14 17:07:18
774,1271,18,27,30,36.39,48.30,35.02,1008.56,2026-03-14 17:07:21
775,1374,18,27,30,36.41,48.39,35.48,1008.56,2026-03-14 17:07:24
776,1393,18,27,30,36.41,48.39,35.48,1008.53,2026-03-14 17:07:27
777,1293,18,27,30,36.38,48.39,35.02,1008.54,2026-03-14 17:07:30
778,1227,18,27,30,36.46,48.39,35.48,1008.57,2026-03-14 17:07:34
779,1220,18,27,30,36.44,48.39,35.48,1008.57,2026-03-14 17:07:37
780,1320,18,27,30,36.44,48.39,35.48,1008.56,2026-03-14 17:07:40
781,1417,18,27,30,36.43,48.30,35.02,1008.57,2026-03-14 17:07:44
782,1452,18,27,30,36.43,48.39,35.02,1008.54,2026-03-14 17:07:47
783,1567,18,27,29,36.44,48.39,34.56,1008.57,2026-03-14 17:07:50
784,1557,18,27,29,36.43,48.39,34.56,1008.57,2026-03-14 17:07:53
785,1410,18,27,29,36.44,48.39,34.10,1008.58,2026-03-14 17:07:56
786,1348,18,27,29,36.49,48.30,31.80,1008.57,2026-03-14 17:07:59
787,1387,18,27,29,36.47,48.30,35.48,1008.59,2026-03-14 17:08:03
788,1458,18,27,29,36.47,48.30,35.02,1008.60,2026-03-14 17:08:06
789,1461,18,27,29,36.54,48.18,35.02,1008.54,2026-03-14 17:08:09
790,1387,18,27,29,36.51,48.08,35.02,1008.57,2026-03-14 17:08:12
791,1291,18,27,29,36.44,48.10,35.02,1008.59,2026-03-14 17:08:15
792,1216,18,27,29,36.46,48.10,35.02,1008.56,2026-03-14 17:08:18
793,1224,18,27,29,36.47,48.20,35.48,1008.56,2026-03-14 17:08:21
794,1299,18,27,29,36.47,48.20,35.48,1008.53,2026-03-14 17:08:25
795,1370,18,27,29,36.50,48.20,35.48,1008.55,2026-03-14 17:08:28
796,1427,18,27,29,36.46,48.30,35.02,1008.58,2026-03-14 17:08:31
797,1519,18,27,29,36.47,48.30,35.02,1008.55,2026-03-14 17:08:34
798,1460,18,27,29,36.50,48.30,35.02,1008.58,2026-03-14 17:08:37
799,1383,18,27,29,36.50,48.30,35.02,1008.57,2026-03-14 17:08:41
800,1425,18,27,29,36.47,48.30,35.02,1008.64,2026-03-14 17:08:44
801,1432,18,27,29,36.54,48.27,35.02,1008.60,2026-03-14 17:08:47
802,1459,18,27,29,36.44,48.30,35.02,1008.63,2026-03-14 17:08:50
803,1488,18,27,29,36.44,48.30,35.02,1008.59,2026-03-14 17:08:53
804,1376,18,27,29,36.46,48.30,35.02,1008.59,2026-03-14 17:08:57
805,1326,18,27,29,36.44,48.30,35.02,1008.60,2026-03-14 17:09:00
806,1307,18,27,29,36.47,48.39,35.02,1008.50,2026-03-14 17:09:03
807,1318,18,27,29,36.53,48.37,35.02,1008.53,2026-03-14 17:09:06
808,1365,18,27,29,36.51,48.37,35.48,1008.54,2026-03-14 17:09:09
809,1468,18,27,29,36.53,48.37,35.48,1008.55,2026-03-14 17:09:12
810,1577,18,27,29,36.47,48.30,35.02,1008.54,2026-03-14 17:09:16
811,1580,18,27,29,36.47,48.39,34.56,1008.53,2026-03-14 17:09:19
812,1501,18,27,29,36.49,48.39,34.56,1008.48,2026-03-14 17:09:22
813,1406,18,27,29,36.46,48.39,35.02,1008.56,2026-03-14 17:09:25
814,1449,18,27,29,36.47,48.39,35.02,1008.58,2026-03-14 17:09:28
815,1519,18,27,29,36.47,48.39,35.02,1008.59,2026-03-14 17:09:31
816,1671,18,27,29,36.47,48.49,35.02,1008.51,2026-03-14 17:09:35
817,1602,18,27,29,36.41,48.49,35.02,1008.53,2026-03-14 17:09:38
818,1439,18,27,29,36.44,48.49,34.56,1008.61,2026-03-14 17:09:41
819,1343,18,27,29,36.44,48.49,34.56,1008.61,2026-03-14 17:09:44
820,1298,18,27,29,36.44,48.49,35.02,1008.56,2026-03-14 17:09:47
821,1352,18,27,29,36.47,48.49,35.02,1008.56,2026-03-14 17:09:50
822,1489,18,27,29,36.50,48.39,35.02,1008.56,2026-03-14 17:09:53
823,1594,18,27,29,36.50,48.39,34.56,1008.56,2026-03-14 17:09:57
824,1602,18,27,29,36.51,48.37,35.02,1008.59,2026-03-14 17:10:00
825,1561,18,27,29,36.54,48.37,34.56,1008.53,2026-03-14 17:10:03
826,1446,18,27,29,36.50,48.30,34.56,1008.58,2026-03-14 17:10:06
827,1477,18,27,29,36.51,48.27,34.56,1008.58,2026-03-14 17:10:09
828,1477,18,27,29,36.50,48.30,34.56,1008.53,2026-03-14 17:10:12
829,1456,18,27,29,36.56,48.27,34.56,1008.53,2026-03-14 17:10:16
830,1407,18,27,29,36.59,48.18,34.56,1008.55,2026-03-14 17:10:19
831,1337,18,27,29,36.57,48.18,34.56,1008.52,2026-03-14 17:10:22
832,1305,18,27,29,36.57,48.08,34.56,1008.53,2026-03-14 17:10:25
833,1254,18,27,29,36.54,48.18,34.56,1008.53,2026-03-14 17:10:28
834,1242,18,27,29,36.56,48.08,34.56,1008.57,2026-03-14 17:10:31
835,1355,18,27,29,36.59,48.08,34.56,1008.59,2026-03-14 17:10:34
836,1421,18,27,29,36.56,48.08,34.10,1008.54,2026-03-14 17:10:37
837,1494,18,27,29,36.53,48.08,34.56,1008.54,2026-03-14 17:10:41
838,1470,18,27,29,36.54,48.18,34.56,1008.59,2026-03-14 17:10:44
839,1353,18,27,29,36.57,48.08,34.56,1008.57,2026-03-14 17:10:47
840,1297,18,27,29,36.59,48.08,34.56,1008.57,2026-03-14 17:10:50
841,1312,18,27,29,36.57,48.08,34.56,1008.57,2026-03-14 17:10:53
842,1346,18,27,29,36.56,48.08,34.56,1008.61,2026-03-14 17:10:56
843,1321,18,27,29,36.57,48.08,34.56,1008.59,2026-03-14 17:11:00
844,1256,18,27,29,36.54,48.18,34.56,1008.59,2026-03-14 17:11:03
845,1193,18,27,29,36.51,48.18,34.56,1008.54,2026-03-14 17:11:06
846,1161,18,27,29,36.59,48.18,34.56,1008.53,2026-03-14 17:11:09
847,1158,18,27,29,36.51,48.18,34.56,1008.61,2026-03-14 17:11:12
848,1331,18,27,29,36.53,48.18,34.10,1008.61,2026-03-14 17:11:15
849,1396,18,27,29,36.53,48.18,34.10,1008.56,2026-03-14 17:11:19
850,1396,18,27,29,36.53,48.18,34.10,1008.57,2026-03-14 17:11:22
851,1377,18,27,29,36.57,48.18,34.10,1008.53,2026-03-14 17:11:25
852,1378,18,27,29,36.56,48.18,34.10,1008.57,2026-03-14 17:11:28
853,1285,18,27,29,36.57,48.18,34.10,1008.56,2026-03-14 17:11:31
854,1276,18,27,29,36.49,48.20,34.56,1008.57,2026-03-14 17:11:34
855,1469,18,27,29,36.50,48.30,34.10,1008.58,2026-03-14 17:11:38
856,1615,18,27,29,36.50,48.30,34.10,1008.54,2026-03-14 17:11:41
857,1596,18,27,29,36.54,48.27,34.56,1008.58,2026-03-14 17:11:44
858,1555,18,27,29,36.51,48.18,34.10,1008.55,2026-03-14 17:11:47
859,1428,18,27,29,36.51,48.27,34.56,1008.60,2026-03-14 17:11:50
860,1336,18,27,29,36.47,48.30,34.10,1008.54,2026-03-14 17:11:53
861,1331,18,27,29,36.44,48.39,34.10,1008.58,2026-03-14 17:11:56
862,1457,18,27,29,36.47,48.39,34.10,1008.55,2026-03-14 17:12:00
863,1600,18,27,29,36.47,48.39,34.10,1008.60,2026-03-14 17:12:03
864,1632,18,27,29,36.44,48.39,34.10,1008.52,2026-03-14 17:12:06
865,1658,18,27,29,36.47,48.39,34.56,1008.56,2026-03-14 17:12:09
866,1534,18,27,29,36.46,48.39,34.10,1008.55,2026-03-14 17:12:12
867,1430,18,27,29,36.50,48.39,34.10,1008.56,2026-03-14 17:12:15
868,1411,18,27,29,36.49,48.30,34.10,1008.55,2026-03-14 17:12:18
869,1428,18,27,29,36.53,48.27,34.10,1008.52,2026-03-14 17:12:22
870,1471,18,27,29,36.49,48.30,34.10,1008.53,2026-03-14 17:12:25
871,1424,18,27,29,36.50,48.30,34.10,1008.56,2026-03-14 17:12:28
872,1336,18,27,29,36.51,48.27,34.10,1008.56,2026-03-14 17:12:31
873,1265,18,27,29,36.49,48.30,33.64,1008.54,2026-03-14 17:12:34
874,1217,18,27,29,36.50,48.30,33.64,1008.55,2026-03-14 17:12:37
875,1257,18,27,29,36.50,48.20,33.64,1008.57,2026-03-14 17:12:41
876,1331,18,27,29,36.49,48.10,34.10,1008.55,2026-03-14 17:12:44
877,1437,18,27,29,36.49,48.10,34.10,1008.53,2026-03-14 17:12:47
878,1482,18,27,29,36.47,48.10,34.10,1008.51,2026-03-14 17:12:50
879,1467,18,27,29,36.50,48.10,34.10,1008.52,2026-03-14 17:12:53
880,1373,18,27,29,36.53,48.08,34.10,1008.47,2026-03-14 17:12:56
881,1330,18,27,29,36.53,47.98,34.10,1008.59,2026-03-14 17:12:59
882,1409,18,27,29,36.47,48.10,34.10,1008.53,2026-03-14 17:13:03
883,1504,18,27,29,36.44,48.10,34.10,1008.57,2026-03-14 17:13:06
884,1504,18,27,29,36.47,48.10,34.10,1008.54,2026-03-14 17:13:09
885,1504,18,27,29,36.43,48.10,34.10,1008.56,2026-03-14 17:13:12
886,500,21,30,31,36.39,48.10,35.02,1008.54,2026-03-14 17:13:26
887,500,21,30,31,36.39,48.10,35.02,1008.54,2026-03-14 17:13:29
888,500,21,30,31,36.39,48.10,35.02,1008.55,2026-03-14 17:13:32
889,500,21,30,31,36.47,48.20,35.02,1008.54,2026-03-14 17:13:35
890,500,21,30,31,36.47,48.20,35.02,1008.54,2026-03-14 17:13:38
891,500,18,26,27,36.46,48.20,35.02,1008.54,2026-03-14 17:13:42
892,500,18,26,27,36.46,48.20,35.02,1008.54,2026-03-14 17:13:45
893,500,18,26,27,36.50,48.10,35.02,1008.53,2026-03-14 17:13:48
894,500,18,26,27,36.49,48.10,35.02,1008.56,2026-03-14 17:13:51
895,500,18,26,27,36.49,48.10,35.02,1008.56,2026-03-14 17:13:54
896,500,19,28,29,36.49,48.10,35.02,1008.54,2026-03-14 17:13:57
897,500,19,28,29,36.46,48.10,35.02,1008.54,2026-03-14 17:14:00
898,500,19,28,29,36.47,48.10,35.02,1008.53,2026-03-14 17:14:04
899,500,20,29,29,36.47,48.10,35.02,1008.53,2026-03-14 17:14:07
900,500,20,29,29,36.47,48.10,35.02,1008.52,2026-03-14 17:14:10
901,500,20,29,29,36.50,48.10,35.02,1008.54,2026-03-14 17:14:13
902,500,20,29,29,36.47,48.20,35.02,1008.53,2026-03-14 17:14:16
903,500,20,29,29,36.44,48.20,35.48,1008.52,2026-03-14 17:14:19
904,500,20,29,29,36.47,48.20,35.02,1008.55,2026-03-14 17:14:23
905,500,20,29,29,36.47,48.20,35.02,1008.52,2026-03-14 17:14:26
906,400,18,24,26,36.50,48.49,32.72,1008.52,2026-03-14 17:14:35
907,400,18,24,26,36.51,48.37,32.26,1008.52,2026-03-14 17:14:38
908,400,18,24,27,36.51,48.37,32.26,1008.54,2026-03-14 17:14:41
909,400,18,26,28,36.49,48.39,33.18,1008.55,2026-03-14 17:14:45
910,400,18,26,28,36.50,48.39,33.64,1008.55,2026-03-14 17:14:48
911,400,18,26,29,36.50,48.39,33.64,1008.54,2026-03-14 17:14:51
912,400,19,27,30,36.47,48.39,33.64,1008.51,2026-03-14 17:14:54
913,400,18,27,30,36.49,48.30,33.64,1008.58,2026-03-14 17:14:57
914,400,18,27,30,36.50,48.30,33.18,1008.51,2026-03-14 17:15:00
915,400,18,27,30,36.49,48.30,33.18,1008.51,2026-03-14 17:15:03
916,400,18,27,30,36.49,48.30,33.64,1008.60,2026-03-14 17:15:07
917,400,18,27,29,36.50,48.30,33.18,1008.54,2026-03-14 17:15:10
918,400,18,27,30,36.49,48.30,33.18,1008.58,2026-03-14 17:15:13
919,400,18,27,29,36.49,48.30,33.18,1008.58,2026-03-14 17:15:16
920,400,18,27,29,36.50,48.30,33.18,1008.56,2026-03-14 17:15:19
921,400,18,27,29,36.50,48.30,33.18,1008.55,2026-03-14 17:15:23
922,400,18,27,29,36.50,48.30,33.18,1008.55,2026-03-14 17:15:26
923,400,18,27,29,36.53,48.27,33.64,1008.53,2026-03-14 17:15:29
924,400,18,27,29,36.53,48.27,33.18,1008.56,2026-03-14 17:15:32
925,400,18,27,29,36.59,48.27,33.18,1008.51,2026-03-14 17:15:35
926,400,18,27,29,36.57,48.27,33.18,1008.54,2026-03-14 17:15:38
927,400,18,27,29,36.54,48.18,33.64,1008.55,2026-03-14 17:15:41
928,400,18,27,29,36.51,48.18,33.64,1008.54,2026-03-14 17:15:45
929,400,18,27,29,36.53,48.18,33.18,1008.55,2026-03-14 17:15:48
930,400,18,27,29,36.56,48.27,33.18,1008.54,2026-03-14 17:15:51
931,400,18,27,29,36.53,48.27,33.18,1008.56,2026-03-14 17:15:54
932,400,18,27,29,36.51,48.27,33.18,1008.56,2026-03-14 17:15:57
933,400,18,27,29,36.51,48.27,33.64,1008.54,2026-03-14 17:16:00
934,400,18,27,29,36.53,48.27,33.18,1008.54,2026-03-14 17:16:03
935,400,18,27,29,36.53,48.37,33.18,1008.52,2026-03-14 17:16:07
936,400,18,27,29,36.54,48.37,33.18,1008.58,2026-03-14 17:16:10
937,400,18,27,29,36.53,48.27,33.18,1008.63,2026-03-14 17:16:13
938,400,18,27,29,36.53,48.27,32.72,1008.59,2026-03-14 17:16:16
939,400,18,27,29,36.56,48.37,33.18,1008.54,2026-03-14 17:16:19
940,400,18,27,29,36.47,48.39,33.18,1008.62,2026-03-14 17:16:22
941,400,18,27,29,36.49,48.39,33.18,1008.55,2026-03-14 17:16:26
942,400,18,27,29,36.47,48.39,33.18,1008.56,2026-03-14 17:16:29
943,400,18,27,29,36.53,48.47,33.18,1008.58,2026-03-14 17:16:32
944,588,18,27,29,36.53,48.47,33.18,1008.54,2026-03-14 17:16:35
945,1651,18,27,29,36.54,48.37,32.72,1008.57,2026-03-14 17:16:38
946,2551,18,27,29,36.53,48.37,32.72,1008.59,2026-03-14 17:16:41
947,3297,18,27,29,36.51,48.47,31.80,1008.58,2026-03-14 17:16:44
948,3846,18,27,29,36.50,48.49,33.18,1008.60,2026-03-14 17:16:48
949,4177,18,27,29,36.49,48.49,33.18,1008.65,2026-03-14 17:16:51
950,4351,18,27,29,36.50,48.49,33.18,1008.60,2026-03-14 17:16:54
951,4366,18,27,29,36.54,48.47,33.18,1008.57,2026-03-14 17:16:57
952,4286,18,27,29,36.56,48.37,32.26,1008.58,2026-03-14 17:17:00
953,4056,18,27,29,36.54,48.37,31.80,1008.55,2026-03-14 17:17:03
954,3823,18,27,29,36.54,48.37,29.95,1008.60,2026-03-14 17:17:07
955,3596,18,27,29,36.53,48.37,30.41,1008.59,2026-03-14 17:17:10
956,3367,18,27,29,36.53,48.47,29.95,1008.59,2026-03-14 17:17:13
957,3075,18,27,29,36.54,48.47,30.41,1008.57,2026-03-14 17:17:16
958,2888,18,27,29,36.54,48.37,32.26,1008.61,2026-03-14 17:17:20
959,2716,18,27,29,36.60,48.27,32.72,1008.55,2026-03-14 17:17:23
960,2530,18,27,29,36.62,48.27,32.72,1008.55,2026-03-14 17:17:26
961,2354,18,27,29,36.59,48.27,32.72,1008.54,2026-03-14 17:17:29
962,2194,18,27,29,36.57,48.27,32.72,1008.58,2026-03-14 17:17:32
963,2047,18,27,29,36.54,48.27,32.72,1008.62,2026-03-14 17:17:35
964,1935,18,27,29,36.50,48.39,32.72,1008.56,2026-03-14 17:17:38
965,1812,18,27,29,36.51,48.47,32.72,1008.57,2026-03-14 17:17:42
966,1720,18,27,29,36.51,48.47,32.72,1008.57,2026-03-14 17:17:45
967,1639,18,27,29,36.50,48.49,32.72,1008.56,2026-03-14 17:17:48
968,1561,18,27,29,36.50,48.49,32.72,1008.58,2026-03-14 17:17:51
969,1477,18,27,29,36.50,48.49,32.72,1008.56,2026-03-14 17:17:55
970,1390,18,27,29,36.49,48.49,32.72,1008.57,2026-03-14 17:17:58
971,1333,18,27,29,36.47,48.49,32.72,1008.60,2026-03-14 17:18:01
972,1278,18,27,29,36.49,48.49,32.72,1008.62,2026-03-14 17:18:04
973,1220,18,27,29,36.47,48.49,32.72,1008.57,2026-03-14 17:18:07
974,1163,18,27,29,36.50,48.49,32.72,1008.56,2026-03-14 17:18:10
975,1118,18,27,29,36.51,48.47,32.72,1008.57,2026-03-14 17:18:14
976,1069,18,27,29,36.50,48.39,32.72,1008.55,2026-03-14 17:18:17
977,1042,18,27,29,36.51,48.37,32.72,1008.58,2026-03-14 17:18:20
978,1011,18,27,29,36.51,48.37,32.72,1008.61,2026-03-14 17:18:23
979,988,18,27,29,36.47,48.49,32.72,1008.58,2026-03-14 17:18:26
980,975,18,27,29,36.51,48.37,32.26,1008.64,2026-03-14 17:18:29
981,954,18,27,29,36.53,48.37,32.72,1008.62,2026-03-14 17:18:32
982,949,18,25,29,36.51,48.37,32.26,1008.65,2026-03-14 17:18:36
983,946,18,25,29,36.51,48.37,32.72,1008.60,2026-03-14 17:18:39
984,965,18,25,29,36.51,48.37,32.72,1008.64,2026-03-14 17:18:42
985,988,18,25,29,36.51,48.37,32.72,1008.56,2026-03-14 17:18:45
986,992,18,25,29,36.53,48.27,32.72,1008.60,2026-03-14 17:18:48
987,990,18,25,29,36.53,48.27,32.26,1008.61,2026-03-14 17:18:52
988,983,18,25,29,36.53,48.27,32.72,1008.66,2026-03-14 17:18:55
989,961,18,25,29,36.53,48.27,32.26,1008.66,2026-03-14 17:18:58
990,932,18,25,29,36.53,48.27,32.26,1008.64,2026-03-14 17:19:01
991,921,18,25,29,36.56,48.27,32.26,1008.63,2026-03-14 17:19:04
992,911,18,25,29,36.57,47.98,32.26,1008.59,2026-03-14 17:19:07
993,907,18,25,29,36.57,48.08,32.26,1008.59,2026-03-14 17:19:10
994,921,18,25,29,36.56,47.98,32.26,1008.59,2026-03-14 17:19:14
995,901,18,25,29,36.56,47.98,32.26,1008.57,2026-03-14 17:19:17
996,881,18,25,29,36.56,47.98,32.26,1008.62,2026-03-14 17:19:20
997,870,18,25,29,36.54,47.98,32.26,1008.57,2026-03-14 17:19:23
998,865,18,25,29,36.57,47.98,32.26,1008.57,2026-03-14 17:19:26
999,874,18,25,29,36.54,47.98,32.26,1008.59,2026-03-14 17:19:29
1000,876,18,25,29,36.56,47.98,32.26,1008.56,2026-03-14 17:19:32
1001,868,18,25,29,36.54,47.88,32.26,1008.59,2026-03-14 17:19:36
1002,859,18,25,29,36.56,47.88,32.26,1008.62,2026-03-14 17:19:39
1003,846,18,25,29,36.56,47.78,32.26,1008.62,2026-03-14 17:19:42
1004,841,18,25,29,36.57,47.78,32.26,1008.58,2026-03-14 17:19:45
1005,852,18,25,29,36.56,47.78,31.80,1008.64,2026-03-14 17:19:48
1006,886,18,25,29,36.57,47.78,31.80,1008.55,2026-03-14 17:19:51
1007,958,18,25,29,36.57,47.78,31.80,1008.55,2026-03-14 17:19:54
1008,981,18,25,29,36.59,47.78,32.26,1008.62,2026-03-14 17:19:57
1009,974,18,25,29,36.51,47.78,32.26,1008.56,2026-03-14 17:20:01
1010,942,18,25,29,36.54,47.88,32.26,1008.66,2026-03-14 17:20:04
1011,922,18,25,29,36.53,47.88,32.26,1008.61,2026-03-14 17:20:07
1012,915,18,25,29,36.51,47.88,32.26,1008.61,2026-03-14 17:20:10
1013,904,18,25,29,36.50,47.91,32.26,1008.62,2026-03-14 17:20:13
1014,880,18,25,29,36.54,47.88,31.80,1008.59,2026-03-14 17:20:16
1015,860,18,25,29,36.49,47.91,31.80,1008.58,2026-03-14 17:20:19
1016,849,18,25,29,36.49,48.00,31.80,1008.57,2026-03-14 17:20:23
1017,844,18,25,29,36.49,48.00,32.26,1008.64,2026-03-14 17:20:26
1018,854,18,25,29,36.56,47.88,32.26,1008.65,2026-03-14 17:20:29
1019,860,18,25,29,36.56,47.88,31.80,1008.62,2026-03-14 17:20:32
1020,901,18,25,29,36.56,47.88,31.80,1008.61,2026-03-14 17:20:35
1021,968,18,25,29,36.54,47.88,31.80,1008.62,2026-03-14 17:20:38
1022,941,18,25,29,36.54,47.88,32.26,1008.62,2026-03-14 17:20:41
1023,932,18,25,29,36.56,47.88,31.80,1008.62,2026-03-14 17:20:44
1024,916,18,25,29,36.54,47.98,31.80,1008.64,2026-03-14 17:20:48
1025,930,18,25,29,36.56,47.88,32.26,1008.60,2026-03-14 17:20:51
1026,976,18,25,29,36.53,47.88,31.80,1008.61,2026-03-14 17:20:54
1027,985,18,25,29,36.54,47.88,31.80,1008.60,2026-03-14 17:20:57
1028,995,18,25,29,36.53,47.88,31.80,1008.60,2026-03-14 17:21:00
1029,970,18,25,29,36.47,48.00,31.80,1008.59,2026-03-14 17:21:03
1030,939,18,25,29,36.54,47.98,31.80,1008.61,2026-03-14 17:21:06
1031,920,18,25,29,36.53,47.98,32.26,1008.61,2026-03-14 17:21:10
1032,913,18,25,29,36.51,47.98,31.80,1008.61,2026-03-14 17:21:13
1033,921,18,25,29,36.49,48.00,31.80,1008.63,2026-03-14 17:21:16
1034,938,18,25,29,36.47,48.10,31.80,1008.63,2026-03-14 17:21:19
1035,934,18,25,29,36.51,48.08,32.26,1008.60,2026-03-14 17:21:22
1036,915,18,25,29,36.47,48.10,31.80,1008.59,2026-03-14 17:21:25
1037,889,18,25,29,36.50,48.10,31.80,1008.56,2026-03-14 17:21:28
1038,874,18,25,29,36.47,48.10,31.80,1008.63,2026-03-14 17:21:31
1039,874,18,25,29,36.46,48.10,31.80,1008.63,2026-03-14 17:21:35
1040,871,18,25,29,36.51,48.08,31.80,1008.63,2026-03-14 17:21:38
1041,866,18,25,29,36.54,48.08,31.80,1008.56,2026-03-14 17:21:41
1042,855,18,25,29,36.53,47.98,31.33,1008.66,2026-03-14 17:21:44
1043,849,18,25,29,36.54,47.98,31.80,1008.61,2026-03-14 17:21:47
1044,836,18,25,29,36.53,47.98,31.80,1008.63,2026-03-14 17:21:50
1045,835,18,25,29,36.51,47.98,31.80,1008.63,2026-03-14 17:21:54
1046,839,18,25,29,36.51,47.98,31.80,1008.63,2026-03-14 17:21:57
1047,847,18,25,29,36.53,47.98,31.80,1008.61,2026-03-14 17:22:00
1048,847,17,25,28,36.57,47.88,31.33,1008.63,2026-03-14 17:22:03
1049,842,17,25,28,36.57,47.88,31.80,1008.60,2026-03-14 17:22:06
1050,835,17,25,28,36.57,47.88,31.80,1008.63,2026-03-14 17:22:09
1051,831,17,25,28,36.51,47.88,31.80,1008.60,2026-03-14 17:22:12
1052,835,17,25,28,36.51,47.98,31.33,1008.61,2026-03-14 17:22:16
1053,833,17,25,28,36.51,47.98,31.33,1008.60,2026-03-14 17:22:19
1054,835,17,25,28,36.59,47.88,31.80,1008.64,2026-03-14 17:22:22
1055,829,17,25,28,36.50,47.81,31.33,1008.66,2026-03-14 17:22:25
1056,821,17,25,28,36.54,47.78,31.33,1008.59,2026-03-14 17:22:28
1057,820,17,25,28,36.57,47.78,31.80,1008.60,2026-03-14 17:22:31
1058,818,17,25,28,36.54,47.78,31.80,1008.60,2026-03-14 17:22:34
1059,824,17,25,28,36.59,47.88,31.33,1008.59,2026-03-14 17:22:38
1060,830,17,25,28,36.65,47.78,31.33,1008.61,2026-03-14 17:22:41
1061,829,17,25,28,36.64,47.78,31.33,1008.62,2026-03-14 17:22:44
1062,836,17,25,28,36.69,47.69,31.33,1008.61,2026-03-14 17:22:47
1063,833,17,25,28,36.64,47.69,31.33,1008.60,2026-03-14 17:22:50
1064,826,17,25,28,36.65,47.69,31.33,1008.62,2026-03-14 17:22:53
1065,833,17,25,28,36.59,47.69,31.33,1008.60,2026-03-14 17:22:56
1066,850,17,25,28,36.56,47.88,31.33,1008.63,2026-03-14 17:23:00
1067,901,17,25,28,36.56,47.88,31.33,1008.63,2026-03-14 17:23:03
1068,950,17,25,28,36.54,47.88,31.33,1008.65,2026-03-14 17:23:06
1069,943,17,25,28,36.59,47.88,31.33,1008.65,2026-03-14 17:23:09
1070,922,17,25,28,36.56,47.78,31.33,1008.65,2026-03-14 17:23:12
1071,907,17,25,28,36.56,47.78,31.33,1008.61,2026-03-14 17:23:15
1072,908,17,25,28,36.57,47.78,31.33,1008.62,2026-03-14 17:23:19
1073,946,17,25,28,36.59,47.78,31.33,1008.62,2026-03-14 17:23:22
1074,952,17,25,28,36.57,47.78,31.33,1008.61,2026-03-14 17:23:25
1075,976,17,25,28,36.57,47.78,31.33,1008.61,2026-03-14 17:23:28
1076,976,17,25,28,36.60,47.78,31.33,1008.61,2026-03-14 17:23:31
1077,978,17,25,28,36.66,47.78,31.33,1008.62,2026-03-14 17:23:34
1078,947,17,25,28,36.60,47.78,30.41,1008.61,2026-03-14 17:23:37
1079,923,17,25,28,36.62,47.78,30.87,1008.61,2026-03-14 17:23:41
1080,925,17,25,28,36.59,47.78,31.33,1008.64,2026-03-14 17:23:44
1081,912,17,25,28,36.56,47.88,31.33,1008.64,2026-03-14 17:23:47
1082,908,17,25,28,36.56,47.88,31.33,1008.65,2026-03-14 17:23:50
1083,890,17,25,28,36.54,47.88,30.87,1008.65,2026-03-14 17:23:53
1084,876,17,25,28,36.53,47.88,30.87,1008.65,2026-03-14 17:23:56
1085,869,17,25,28,36.59,47.98,30.87,1008.66,2026-03-14 17:23:59
1086,880,17,25,28,36.59,47.98,30.87,1008.63,2026-03-14 17:24:03
1087,892,17,25,28,36.59,47.98,30.87,1008.62,2026-03-14 17:24:06
1088,921,17,25,28,36.62,47.98,30.87,1008.62,2026-03-14 17:24:09
1089,940,17,25,28,36.56,47.88,31.33,1008.62,2026-03-14 17:24:12
1090,945,17,25,28,36.59,47.98,31.33,1008.63,2026-03-14 17:24:15
1091,926,17,25,28,36.60,47.88,30.87,1008.63,2026-03-14 17:24:18
1092,910,17,25,28,36.53,47.88,31.33,1008.60,2026-03-14 17:24:21
1093,926,17,25,28,36.65,47.88,31.33,1008.62,2026-03-14 17:24:25
1094,971,17,25,28,36.66,47.88,31.33,1008.62,2026-03-14 17:24:28
1095,1014,17,25,28,36.64,47.78,30.87,1008.66,2026-03-14 17:24:31
1096,1011,17,25,28,36.56,47.98,30.87,1008.65,2026-03-14 17:24:34
1097,986,17,25,28,36.57,47.98,30.87,1008.62,2026-03-14 17:24:37
1098,959,17,25,28,36.56,47.98,30.87,1008.62,2026-03-14 17:24:40
1099,952,17,25,28,36.56,47.98,30.87,1008.60,2026-03-14 17:24:44
1100,993,17,25,28,36.57,47.88,30.87,1008.65,2026-03-14 17:24:47
1101,1061,17,25,28,36.59,47.88,30.87,1008.63,2026-03-14 17:24:50
1102,1069,17,25,28,36.57,47.88,30.87,1008.65,2026-03-14 17:24:53
1103,1094,17,25,28,36.60,47.88,30.87,1008.61,2026-03-14 17:24:56
1104,1087,17,25,28,36.68,47.88,30.41,1008.63,2026-03-14 17:24:59
1105,1040,17,25,28,36.65,47.78,30.41,1008.60,2026-03-14 17:25:02
1106,989,17,25,28,36.60,47.78,30.41,1008.64,2026-03-14 17:25:06
1107,984,17,25,28,36.60,47.88,30.41,1008.62,2026-03-14 17:25:09
1108,1022,17,25,28,36.50,48.00,30.41,1008.65,2026-03-14 17:25:12
1109,1078,17,25,28,36.49,48.00,30.41,1008.65,2026-03-14 17:25:15
1110,1091,17,25,28,36.47,48.00,30.41,1008.66,2026-03-14 17:25:18
1111,1022,17,25,28,36.49,48.00,30.87,1008.69,2026-03-14 17:25:21
1112,979,17,25,28,36.57,47.98,30.41,1008.66,2026-03-14 17:25:24
1113,984,17,25,28,36.53,47.88,30.87,1008.60,2026-03-14 17:25:28
1114,1054,17,25,28,36.57,47.88,30.87,1008.63,2026-03-14 17:25:31
1115,1078,17,25,28,36.56,47.88,30.87,1008.65,2026-03-14 17:25:34
1116,1106,17,25,28,36.53,47.88,30.87,1008.65,2026-03-14 17:25:37
1117,1082,17,25,28,36.54,47.88,30.41,1008.64,2026-03-14 17:25:40
1118,1063,17,25,28,36.53,47.88,30.41,1008.64,2026-03-14 17:25:44
1119,1011,17,25,28,36.54,47.88,30.87,1008.60,2026-03-14 17:25:47
1120,1039,17,25,28,36.53,47.88,30.87,1008.63,2026-03-14 17:25:50
1121,1214,17,25,28,36.51,47.78,30.87,1008.65,2026-03-14 17:25:53
1122,1280,17,25,28,36.59,47.78,30.41,1008.63,2026-03-14 17:25:56
1123,1212,17,25,28,36.59,47.78,30.41,1008.63,2026-03-14 17:25:59
1124,1124,17,25,28,36.60,47.78,30.41,1008.63,2026-03-14 17:26:02
1125,1049,17,25,28,36.57,47.69,30.41,1008.64,2026-03-14 17:26:06
1126,993,17,25,28,36.54,47.59,30.41,1008.71,2026-03-14 17:26:09
1127,986,17,25,28,36.59,47.49,30.41,1008.61,2026-03-14 17:26:12
1128,990,17,25,28,36.62,47.20,30.87,1008.66,2026-03-14 17:26:15
1129,991,17,25,28,36.64,47.20,30.87,1008.66,2026-03-14 17:26:18
1130,990,17,25,28,36.62,47.20,30.41,1008.64,2026-03-14 17:26:21
1131,971,17,25,28,36.71,46.91,30.41,1008.66,2026-03-14 17:26:24
1132,943,17,25,28,36.72,46.91,30.41,1008.69,2026-03-14 17:26:27
1133,925,17,25,28,36.72,46.91,30.87,1008.61,2026-03-14 17:26:31
1134,925,17,25,28,36.66,46.91,30.41,1008.65,2026-03-14 17:26:34
1135,923,17,25,28,36.72,47.01,29.95,1008.64,2026-03-14 17:26:37
1136,925,17,25,28,36.71,46.91,29.95,1008.64,2026-03-14 17:26:40
1137,921,17,25,28,36.71,46.91,30.41,1008.69,2026-03-14 17:26:43
1138,910,17,25,28,36.72,47.01,30.41,1008.65,2026-03-14 17:26:46
1139,896,17,25,28,36.76,46.91,29.95,1008.61,2026-03-14 17:26:50
1140,904,17,25,28,36.75,46.91,30.41,1008.63,2026-03-14 17:26:53
1141,908,17,25,28,36.76,46.91,30.41,1008.63,2026-03-14 17:26:56
1142,930,17,25,28,36.76,46.91,30.41,1008.61,2026-03-14 17:26:59
1143,963,17,25,28,36.73,46.81,29.95,1008.67,2026-03-14 17:27:02
1144,948,17,25,28,36.78,46.79,29.95,1008.62,2026-03-14 17:27:05
1145,930,17,25,28,36.76,46.81,29.95,1008.66,2026-03-14 17:27:08
1146,913,17,25,28,36.76,46.81,30.41,1008.65,2026-03-14 17:27:12
1147,909,17,25,28,36.78,46.69,29.95,1008.64,2026-03-14 17:27:15
1148,907,17,25,28,36.76,46.81,30.87,1008.67,2026-03-14 17:27:18
1149,904,17,25,28,36.75,46.81,30.41,1008.66,2026-03-14 17:27:21
1150,893,17,25,28,36.75,46.81,29.95,1008.64,2026-03-14 17:27:24
1151,886,17,25,28,36.78,46.79,29.95,1008.62,2026-03-14 17:27:27
1152,882,17,25,28,36.78,46.79,29.95,1008.67,2026-03-14 17:27:30
1153,881,17,25,28,36.78,46.79,29.95,1008.65,2026-03-14 17:27:34
1154,901,17,25,28,36.80,46.69,29.95,1008.65,2026-03-14 17:27:37
1155,923,17,25,28,36.81,46.69,29.95,1008.62,2026-03-14 17:27:40
1156,951,17,25,28,36.80,46.69,29.95,1008.62,2026-03-14 17:27:43
1157,963,17,25,28,36.80,46.60,29.95,1008.66,2026-03-14 17:27:46
1158,983,17,25,28,36.84,46.50,29.95,1008.66,2026-03-14 17:27:50
1159,963,17,25,28,36.84,46.50,29.49,1008.67,2026-03-14 17:27:53
1160,955,17,25,28,36.83,46.50,29.49,1008.65,2026-03-14 17:27:56
1161,966,17,25,28,36.80,46.50,29.49,1008.65,2026-03-14 17:27:59
1162,971,17,25,28,36.80,46.50,29.49,1008.67,2026-03-14 17:28:02
1163,1015,17,25,28,36.81,46.60,29.49,1008.64,2026-03-14 17:28:05
1164,1035,17,25,28,36.81,46.50,29.49,1008.61,2026-03-14 17:28:09
1165,1000,17,25,28,36.83,46.50,29.03,1008.64,2026-03-14 17:28:12
1166,968,17,25,28,36.81,46.50,29.49,1008.66,2026-03-14 17:28:15
1167,956,17,25,28,36.81,46.50,29.03,1008.69,2026-03-14 17:28:18
1168,970,17,25,28,36.83,46.50,29.03,1008.69,2026-03-14 17:28:21
1169,992,17,25,28,36.83,46.50,29.03,1008.72,2026-03-14 17:28:24
1170,1043,17,25,28,36.76,46.62,29.49,1008.67,2026-03-14 17:28:28
1171,1066,17,25,28,36.76,46.62,29.49,1008.70,2026-03-14 17:28:31
1172,1049,17,25,28,36.78,46.60,29.49,1008.70,2026-03-14 17:28:34
1173,1023,17,25,28,36.76,46.62,29.95,1008.69,2026-03-14 17:28:37
1174,1053,17,25,28,36.83,46.50,29.49,1008.70,2026-03-14 17:28:40
1175,1080,17,25,28,36.83,46.60,29.03,1008.67,2026-03-14 17:28:43
1176,1111,17,25,28,36.80,46.50,29.49,1008.68,2026-03-14 17:28:47
1177,1126,17,25,28,36.84,46.50,29.49,1008.62,2026-03-14 17:28:50
1178,1086,17,25,28,36.84,46.50,29.49,1008.67,2026-03-14 17:28:53
1179,1042,17,25,28,36.85,46.50,29.49,1008.68,2026-03-14 17:28:56
1180,1007,17,25,28,36.81,46.50,29.03,1008.65,2026-03-14 17:28:59
1181,1024,17,25,28,36.83,46.60,29.03,1008.71,2026-03-14 17:29:02
1182,1075,17,25,28,36.83,46.60,29.03,1008.67,2026-03-14 17:29:05
1183,1070,17,25,28,36.83,46.60,29.49,1008.67,2026-03-14 17:29:09
1184,1072,17,25,28,36.81,46.60,29.95,1008.66,2026-03-14 17:29:12
1185,1058,17,25,28,36.80,46.60,29.49,1008.68,2026-03-14 17:29:15
1186,992,17,25,28,36.83,46.60,29.49,1008.66,2026-03-14 17:29:18
1187,987,17,25,28,36.80,46.60,29.03,1008.65,2026-03-14 17:29:22
1188,998,17,25,28,36.84,46.69,29.49,1008.63,2026-03-14 17:29:25
1189,1094,17,25,28,36.85,46.60,29.49,1008.67,2026-03-14 17:29:28
1190,1100,17,25,28,36.84,46.60,29.49,1008.67,2026-03-14 17:29:31
1191,1046,17,25,28,36.84,46.50,29.03,1008.67,2026-03-14 17:29:35
1192,1008,17,25,28,36.84,46.60,29.49,1008.68,2026-03-14 17:29:38
1193,975,17,25,28,36.85,46.60,29.03,1008.63,2026-03-14 17:29:41
1194,965,17,25,28,36.83,46.60,29.03,1008.66,2026-03-14 17:29:44
1195,994,17,25,28,36.84,46.60,29.03,1008.67,2026-03-14 17:29:47
1196,1003,17,25,28,36.84,46.60,28.57,1008.67,2026-03-14 17:29:51
1197,1031,17,25,28,36.83,46.60,29.03,1008.65,2026-03-14 17:29:54
1198,1007,17,25,28,36.80,46.69,29.49,1008.67,2026-03-14 17:29:57
1199,982,17,25,28,36.81,46.79,29.03,1008.67,2026-03-14 17:30:00
1200,965,17,25,28,36.83,46.69,29.03,1008.66,2026-03-14 17:30:03
1201,979,17,25,28,36.80,46.69,29.03,1008.71,2026-03-14 17:30:06
1202,1009,17,25,28,36.83,46.69,28.57,1008.66,2026-03-14 17:30:09
1203,1015,17,25,28,36.83,46.69,28.57,1008.67,2026-03-14 17:30:13
1204,995,17,25,28,36.83,46.69,29.03,1008.67,2026-03-14 17:30:16
1205,976,17,25,28,36.80,46.69,27.65,1008.72,2026-03-14 17:30:19
1206,962,17,25,28,36.88,46.60,29.49,1008.66,2026-03-14 17:30:22
1207,965,17,25,28,36.88,46.60,29.03,1008.66,2026-03-14 17:30:25
1208,985,17,25,28,36.87,46.60,28.57,1008.67,2026-03-14 17:30:28
1209,1024,17,25,28,36.87,46.60,29.03,1008.64,2026-03-14 17:30:31
1210,1044,17,25,28,36.93,46.41,29.03,1008.66,2026-03-14 17:30:35
1211,1084,17,25,28,36.93,46.41,29.03,1008.64,2026-03-14 17:30:38
1212,1061,17,25,28,36.93,46.41,29.03,1008.63,2026-03-14 17:30:41
1213,1018,17,25,28,36.93,46.31,29.03,1008.68,2026-03-14 17:30:44
1214,1022,17,25,28,36.91,46.31,29.49,1008.67,2026-03-14 17:30:47
1215,1048,17,25,28,36.91,46.31,29.03,1008.67,2026-03-14 17:30:51
1216,1122,17,25,28,36.90,46.31,28.11,1008.62,2026-03-14 17:30:54
1217,1134,17,25,28,36.91,46.31,27.65,1008.62,2026-03-14 17:30:57
1218,1107,17,25,28,36.90,46.21,28.57,1008.70,2026-03-14 17:31:00
1219,1050,17,25,28,36.90,46.21,28.57,1008.70,2026-03-14 17:31:03
1220,1007,17,25,28,36.88,46.21,29.49,1008.68,2026-03-14 17:31:06
1221,1022,17,25,28,36.90,46.21,28.57,1008.66,2026-03-14 17:31:10
1222,1044,17,25,28,36.91,46.21,28.57,1008.69,2026-03-14 17:31:13
1223,1093,17,25,28,36.91,46.21,28.57,1008.69,2026-03-14 17:31:16
1224,1116,17,25,28,36.87,46.21,28.57,1008.69,2026-03-14 17:31:19
1225,1081,17,25,28,36.85,46.21,28.57,1008.69,2026-03-14 17:31:22
1226,1043,17,25,28,36.85,46.21,28.57,1008.66,2026-03-14 17:31:26
1227,1024,17,25,28,36.85,46.21,28.57,1008.70,2026-03-14 17:31:29
1228,1050,17,25,28,36.84,46.31,28.57,1008.69,2026-03-14 17:31:32
1229,1089,17,25,28,36.90,46.31,28.57,1008.66,2026-03-14 17:31:35
1230,1139,17,25,28,36.85,46.31,28.11,1008.66,2026-03-14 17:31:38
1231,1126,17,25,28,36.84,46.31,29.03,1008.68,2026-03-14 17:31:42
1232,1068,17,25,28,36.83,46.41,28.57,1008.71,2026-03-14 17:31:45
1233,1035,17,25,28,36.81,46.41,28.57,1008.65,2026-03-14 17:31:48
1234,1046,17,25,28,36.83,46.41,28.57,1008.68,2026-03-14 17:31:51
1235,1062,17,25,28,36.81,46.41,28.57,1008.70,2026-03-14 17:31:54
1236,1072,17,25,28,36.87,46.41,28.57,1008.66,2026-03-14 17:31:58
1237,1087,17,25,28,36.85,46.31,28.11,1008.68,2026-03-14 17:32:01
1238,1089,17,25,28,36.87,46.31,28.11,1008.68,2026-03-14 17:32:04
1239,1050,17,25,28,36.85,46.31,28.11,1008.67,2026-03-14 17:32:07
1240,1012,17,26,29,36.88,46.31,27.65,1008.68,2026-03-14 17:32:10
1241,1012,18,27,30,36.87,46.21,28.11,1008.66,2026-03-14 17:32:13
1242,1048,18,27,30,36.93,46.11,28.11,1008.64,2026-03-14 17:32:17
1243,1140,18,27,30,36.93,46.11,28.11,1008.70,2026-03-14 17:32:20
1244,1179,18,27,30,36.90,46.01,28.11,1008.70,2026-03-14 17:32:23
1245,1145,18,27,30,36.87,46.01,28.11,1008.68,2026-03-14 17:32:26
1246,1140,18,27,30,36.88,46.01,28.11,1008.68,2026-03-14 17:32:29
1247,1153,18,27,30,36.88,46.01,28.11,1008.67,2026-03-14 17:32:33
1248,1272,18,27,30,36.88,46.01,28.11,1008.69,2026-03-14 17:32:36
1249,1520,18,27,30,36.91,46.01,28.57,1008.70,2026-03-14 17:32:39
1250,1513,18,27,30,36.88,45.82,27.65,1008.67,2026-03-14 17:32:42
1251,1495,18,27,30,36.88,45.82,28.11,1008.67,2026-03-14 17:32:45
1252,1362,18,27,30,36.88,45.82,28.57,1008.67,2026-03-14 17:32:49
1253,1244,18,27,30,36.90,45.82,28.57,1008.70,2026-03-14 17:32:52
1254,1169,18,27,30,36.90,45.72,28.57,1008.70,2026-03-14 17:32:55
1255,1166,18,27,30,36.83,45.72,28.11,1008.67,2026-03-14 17:32:58
1256,1313,18,27,30,36.83,45.72,27.65,1008.67,2026-03-14 17:33:01
1257,1360,18,27,30,36.84,45.72,27.65,1008.66,2026-03-14 17:33:04
1258,1230,18,27,30,36.83,45.72,27.65,1008.72,2026-03-14 17:33:08
1259,1129,18,27,30,36.84,45.82,28.11,1008.68,2026-03-14 17:33:11
1260,1057,18,27,30,36.84,45.92,28.57,1008.69,2026-03-14 17:33:14
1261,1036,18,27,30,36.84,45.92,28.57,1008.68,2026-03-14 17:33:17
1262,1033,18,27,30,36.84,45.92,28.11,1008.68,2026-03-14 17:33:20
1263,1030,18,27,30,36.81,45.92,28.11,1008.69,2026-03-14 17:33:24
1264,1030,18,27,30,36.78,45.92,28.57,1008.71,2026-03-14 17:33:27
1265,995,18,27,30,36.76,46.04,28.11,1008.69,2026-03-14 17:33:30
1266,971,18,27,30,36.78,46.01,27.65,1008.69,2026-03-14 17:33:33
1267,957,18,27,30,36.78,46.01,28.11,1008.69,2026-03-14 17:33:36
1268,960,18,27,30,36.78,46.01,28.11,1008.67,2026-03-14 17:33:40
1269,962,18,27,30,36.78,45.92,27.65,1008.72,2026-03-14 17:33:43
1270,957,18,27,30,36.81,45.82,28.57,1008.71,2026-03-14 17:33:46
1271,941,18,27,30,36.76,45.84,28.11,1008.74,2026-03-14 17:33:49
1272,926,18,27,30,36.76,45.84,28.11,1008.74,2026-03-14 17:33:52
1273,914,18,27,30,36.76,45.84,28.11,1008.74,2026-03-14 17:33:56
1274,917,18,27,30,36.76,45.94,27.65,1008.69,2026-03-14 17:33:59
1275,933,18,27,30,36.72,45.94,27.65,1008.67,2026-03-14 17:34:02
1276,942,18,27,30,36.72,45.94,28.11,1008.66,2026-03-14 17:34:05
1277,950,18,27,30,36.73,45.94,28.57,1008.66,2026-03-14 17:34:08
1278,943,18,27,30,36.73,45.94,28.57,1008.67,2026-03-14 17:34:12
1279,934,18,27,30,36.71,45.94,27.65,1008.67,2026-03-14 17:34:15
1280,923,18,27,30,36.72,45.84,27.65,1008.72,2026-03-14 17:34:18
1281,927,18,27,30,36.73,45.84,27.65,1008.69,2026-03-14 17:34:21
1282,942,18,27,30,36.72,45.84,27.65,1008.69,2026-03-14 17:34:24
1283,955,18,27,30,36.66,45.94,28.11,1008.70,2026-03-14 17:34:28
1284,937,18,27,30,36.65,45.94,28.11,1008.71,2026-03-14 17:34:31
1285,926,18,27,30,36.64,45.94,27.65,1008.70,2026-03-14 17:34:34
1286,909,18,27,30,36.65,45.94,27.65,1008.71,2026-03-14 17:34:37
1287,905,18,27,30,36.66,46.04,27.65,1008.71,2026-03-14 17:34:41
1288,916,18,27,30,36.68,46.04,27.65,1008.67,2026-03-14 17:34:44
1289,922,18,27,30,36.66,46.04,27.65,1008.67,2026-03-14 17:34:47
1290,925,18,27,30,36.62,46.04,27.65,1008.74,2026-03-14 17:34:50
1291,922,18,27,30,36.64,46.23,27.65,1008.70,2026-03-14 17:34:53
1292,918,18,27,30,36.65,46.23,27.65,1008.71,2026-03-14 17:34:57
1293,925,18,27,30,36.65,46.23,27.65,1008.71,2026-03-14 17:35:00
1294,935,18,27,30,36.65,46.14,27.65,1008.72,2026-03-14 17:35:03
1295,987,18,27,30,36.65,46.14,27.65,1008.73,2026-03-14 17:35:06
1296,1068,18,27,30,36.65,46.14,27.19,1008.73,2026-03-14 17:35:09
1297,1175,18,27,30,36.68,46.14,27.65,1008.74,2026-03-14 17:35:12
1298,1156,18,27,30,36.64,46.14,28.11,1008.72,2026-03-14 17:35:15
1299,1145,18,27,30,36.64,46.14,27.65,1008.71,2026-03-14 17:35:19
1300,1100,18,27,30,36.64,46.14,27.65,1008.67,2026-03-14 17:35:22
1301,1096,18,27,30,36.69,46.14,27.19,1008.69,2026-03-14 17:35:25
1302,1180,18,27,30,36.68,46.14,27.19,1008.70,2026-03-14 17:35:28
1303,1180,20,27,29,36.68,46.14,27.19,1008.70,2026-03-14 17:35:31
1304,1180,19,26,28,36.64,46.14,27.19,1008.69,2026-03-14 17:35:34
1305,1385,19,27,28,36.66,46.14,27.19,1008.68,2026-03-14 17:35:38
1306,1485,19,27,28,36.66,46.14,27.19,1008.68,2026-03-14 17:35:41
1307,1432,19,27,28,36.66,46.23,27.65,1008.69,2026-03-14 17:35:44
1308,1415,19,27,28,36.69,46.23,27.65,1008.72,2026-03-14 17:35:47
1309,1574,19,27,28,36.66,46.23,27.65,1008.68,2026-03-14 17:35:50
1310,1787,19,27,28,36.68,46.23,27.19,1008.69,2026-03-14 17:35:54
1311,1872,19,27,28,36.68,46.23,27.19,1008.69,2026-03-14 17:35:57
1312,1816,19,27,28,36.68,46.23,27.65,1008.68,2026-03-14 17:36:00
1313,1683,19,27,28,36.68,46.33,27.19,1008.72,2026-03-14 17:36:03
1314,1598,19,27,28,36.66,46.52,26.73,1008.73,2026-03-14 17:36:07
1315,1628,19,27,28,36.60,46.52,27.65,1008.71,2026-03-14 17:36:10
1316,1742,19,27,28,36.60,46.52,27.19,1008.73,2026-03-14 17:36:13
1317,1869,19,27,28,36.59,46.52,27.19,1008.71,2026-03-14 17:36:16
1318,1984,19,27,28,36.57,46.62,27.19,1008.70,2026-03-14 17:36:19
1319,1987,19,27,28,36.53,46.72,26.73,1008.71,2026-03-14 17:36:23
1320,1826,19,27,28,36.53,46.72,26.73,1008.68,2026-03-14 17:36:26
1321,1821,19,27,28,36.56,46.81,27.65,1008.68,2026-03-14 17:36:29
1322,1918,19,27,28,36.51,46.91,26.27,1008.70,2026-03-14 17:36:32
1323,1993,19,27,28,36.50,46.94,26.73,1008.71,2026-03-14 17:36:35
1324,2151,19,27,28,36.54,46.91,27.19,1008.71,2026-03-14 17:36:39
1325,2095,19,27,28,36.60,46.91,26.73,1008.71,2026-03-14 17:36:42
1326,1934,19,27,28,36.60,46.91,26.73,1008.73,2026-03-14 17:36:45
1327,1766,19,27,28,36.59,46.91,27.19,1008.71,2026-03-14 17:36:48
1328,1630,19,27,28,36.64,46.91,26.73,1008.71,2026-03-14 17:36:51
1329,1696,19,27,28,36.64,46.91,27.19,1008.71,2026-03-14 17:36:54
1330,1825,19,27,28,36.64,46.91,27.19,1008.74,2026-03-14 17:36:57
1331,1915,19,27,28,36.62,47.01,27.19,1008.70,2026-03-14 17:37:01
1332,1947,19,27,28,36.62,47.01,27.19,1008.75,2026-03-14 17:37:04
1333,1908,19,27,28,36.62,47.11,26.73,1008.73,2026-03-14 17:37:07
1334,1768,19,27,28,36.62,47.01,26.73,1008.72,2026-03-14 17:37:10
1335,1702,19,27,28,36.64,47.11,26.73,1008.72,2026-03-14 17:37:13
1336,1795,19,27,28,36.62,47.20,27.19,1008.72,2026-03-14 17:37:16
1337,1921,19,27,28,36.64,47.20,26.73,1008.71,2026-03-14 17:37:19
1338,1963,19,27,28,36.62,47.20,26.73,1008.71,2026-03-14 17:37:23
1339,1898,19,27,28,36.60,47.20,27.19,1008.77,2026-03-14 17:37:26
1340,1754,19,27,28,36.62,47.20,26.73,1008.78,2026-03-14 17:37:29
1341,1648,19,27,28,36.72,47.30,26.73,1008.72,2026-03-14 17:37:32
1342,1626,19,27,28,36.72,47.30,26.73,1008.73,2026-03-14 17:37:35
1343,1746,19,27,28,36.73,47.30,26.73,1008.75,2026-03-14 17:37:38
1344,1955,19,27,28,36.73,47.20,26.73,1008.66,2026-03-14 17:37:42
1345,2051,19,27,28,36.72,47.20,26.73,1008.75,2026-03-14 17:37:45
1346,2071,19,27,28,36.72,47.20,26.73,1008.71,2026-03-14 17:37:48
1347,1954,19,27,28,36.72,47.30,27.19,1008.67,2026-03-14 17:37:51
1348,1817,19,27,28,36.75,47.40,26.27,1008.75,2026-03-14 17:37:54
1349,1794,19,27,28,36.75,47.40,26.27,1008.71,2026-03-14 17:37:58
1350,1927,19,27,28,36.75,47.40,26.73,1008.71,2026-03-14 17:38:01
1351,1986,19,27,28,36.80,47.47,26.73,1008.71,2026-03-14 17:38:04
1352,2035,19,27,28,36.80,47.47,26.73,1008.71,2026-03-14 17:38:07
1353,1914,19,27,28,36.80,47.47,26.27,1008.75,2026-03-14 17:38:10
1354,1797,19,27,28,36.85,47.47,26.73,1008.76,2026-03-14 17:38:13
1355,1704,19,27,28,36.84,47.38,26.73,1008.75,2026-03-14 17:38:17
1356,1767,19,27,28,36.83,47.38,26.73,1008.72,2026-03-14 17:38:20
1357,1919,19,27,28,36.83,47.38,26.27,1008.71,2026-03-14 17:38:23
1358,1990,19,27,28,36.83,47.38,26.27,1008.74,2026-03-14 17:38:26
1359,2030,19,27,28,36.84,47.47,26.27,1008.72,2026-03-14 17:38:29
1360,2012,19,27,28,36.81,47.47,26.27,1008.72,2026-03-14 17:38:33
1361,1859,19,27,28,36.83,47.47,26.27,1008.67,2026-03-14 17:38:36
1362,1787,19,27,28,36.84,47.47,26.27,1008.74,2026-03-14 17:38:39
1363,1868,19,27,28,36.85,47.57,26.73,1008.73,2026-03-14 17:38:42
1364,2007,19,27,28,36.84,47.66,26.27,1008.73,2026-03-14 17:38:45
1365,2061,19,27,28,36.84,47.66,25.80,1008.73,2026-03-14 17:38:48
1366,1993,19,27,28,36.84,47.76,26.27,1008.74,2026-03-14 17:38:52
1367,1833,19,27,28,36.87,47.86,26.27,1008.75,2026-03-14 17:38:55
1368,1718,19,27,28,36.88,47.86,26.27,1008.75,2026-03-14 17:38:58
1369,1728,19,27,28,36.87,47.86,26.27,1008.73,2026-03-14 17:39:01
1370,1816,19,27,28,36.90,47.86,26.27,1008.68,2026-03-14 17:39:04
1371,1949,19,27,28,36.95,47.76,26.27,1008.74,2026-03-14 17:39:07
1372,2039,19,27,28,36.95,47.76,26.27,1008.74,2026-03-14 17:39:10
1373,2130,19,27,28,36.95,47.76,25.80,1008.76,2026-03-14 17:39:14
1374,2021,19,27,28,37.02,47.86,25.80,1008.72,2026-03-14 17:39:17
1375,1879,19,27,28,36.98,47.66,26.27,1008.70,2026-03-14 17:39:20
1376,1854,19,27,28,37.00,47.76,26.27,1008.73,2026-03-14 17:39:23
1377,1958,19,27,28,37.00,47.76,26.27,1008.71,2026-03-14 17:39:26
1378,2159,19,27,28,37.02,47.76,26.27,1008.69,2026-03-14 17:39:29
1379,2244,19,27,28,36.98,47.76,26.27,1008.74,2026-03-14 17:39:32
1380,2107,19,27,28,36.99,47.96,25.80,1008.73,2026-03-14 17:39:36
1381,1923,19,27,28,36.98,47.96,25.80,1008.69,2026-03-14 17:39:39
1382,1816,19,27,28,36.99,47.96,25.80,1008.71,2026-03-14 17:39:42
1383,1803,19,27,28,36.99,48.05,25.34,1008.71,2026-03-14 17:39:45
1384,1959,19,27,28,36.99,48.15,25.80,1008.71,2026-03-14 17:39:49
1385,2137,19,27,28,36.98,48.15,25.80,1008.69,2026-03-14 17:39:52
1386,2229,19,27,28,36.99,48.15,26.27,1008.71,2026-03-14 17:39:55
1387,2203,19,27,28,37.02,48.15,25.80,1008.71,2026-03-14 17:39:58
1388,2012,19,27,28,36.98,48.15,26.27,1008.70,2026-03-14 17:40:01
1389,1889,19,27,28,37.02,48.25,26.73,1008.73,2026-03-14 17:40:04
1390,1885,19,27,28,37.02,48.25,25.80,1008.75,2026-03-14 17:40:08
1391,2045,19,27,28,37.02,48.35,25.80,1008.69,2026-03-14 17:40:11
1392,2153,19,27,28,37.05,48.32,26.27,1008.71,2026-03-14 17:40:14
1393,2134,19,27,28,36.99,48.25,25.80,1008.71,2026-03-14 17:40:17
1394,1965,19,27,28,37.02,48.25,26.27,1008.72,2026-03-14 17:40:20
1395,1861,19,27,28,37.02,48.25,25.80,1008.71,2026-03-14 17:40:23
1396,1823,19,27,28,37.03,48.25,25.34,1008.75,2026-03-14 17:40:27
1397,1916,19,27,28,37.09,47.74,25.34,1008.71,2026-03-14 17:40:30
1398,2043,19,27,28,37.10,47.74,25.80,1008.71,2026-03-14 17:40:33
1399,2221,19,27,28,37.10,47.83,25.80,1008.73,2026-03-14 17:40:36
1400,2247,19,27,28,37.09,47.83,25.80,1008.70,2026-03-14 17:40:39
1401,2167,19,27,28,37.10,47.93,25.80,1008.74,2026-03-14 17:40:42
1402,1985,19,27,28,37.03,48.35,25.80,1008.76,2026-03-14 17:40:46
1403,1912,19,27,28,37.05,48.32,25.34,1008.74,2026-03-14 17:40:49
1404,2017,19,27,28,37.03,48.44,25.80,1008.70,2026-03-14 17:40:52
1405,2190,19,27,28,37.00,48.64,25.34,1008.74,2026-03-14 17:40:55
1406,2265,19,27,28,37.02,48.64,25.34,1008.72,2026-03-14 17:40:58
1407,2152,19,27,28,37.02,48.64,25.80,1008.75,2026-03-14 17:41:01
1408,1979,19,27,28,37.00,48.64,25.34,1008.77,2026-03-14 17:41:04
1409,1891,19,27,28,36.99,48.83,25.80,1008.75,2026-03-14 17:41:08
1410,1868,19,27,28,36.95,48.93,25.34,1008.75,2026-03-14 17:41:11
1411,1999,19,27,28,37.00,48.93,25.34,1008.72,2026-03-14 17:41:14
1412,2170,19,27,28,36.98,48.93,25.34,1008.76,2026-03-14 17:41:17
1413,2273,19,27,28,36.99,48.93,25.34,1008.76,2026-03-14 17:41:20
1414,2266,19,27,28,36.98,48.93,25.34,1008.71,2026-03-14 17:41:23
1415,2070,19,27,28,36.98,48.93,25.34,1008.73,2026-03-14 17:41:27
1416,1970,19,27,28,37.05,48.80,25.34,1008.79,2026-03-14 17:41:30
1417,1980,19,27,28,37.03,48.73,25.34,1008.75,2026-03-14 17:41:33
1418,2104,19,27,28,37.02,48.73,24.88,1008.75,2026-03-14 17:41:36
1419,2223,19,27,28,37.05,48.61,26.27,1008.75,2026-03-14 17:41:39
1420,2249,19,27,28,37.06,48.52,25.34,1008.76,2026-03-14 17:41:42
1421,2092,19,27,28,37.07,48.52,25.34,1008.77,2026-03-14 17:41:45
1422,1875,19,27,28,37.06,48.52,25.34,1008.77,2026-03-14 17:41:49
1423,1822,19,27,28,37.09,48.61,25.34,1008.78,2026-03-14 17:41:52
1424,1878,19,27,28,37.09,48.61,25.34,1008.77,2026-03-14 17:41:55
1425,2012,19,27,28,37.05,48.61,25.34,1008.74,2026-03-14 17:41:58
1426,2103,19,27,28,37.00,48.44,25.34,1008.75,2026-03-14 17:42:01
1427,2171,19,27,28,37.02,48.44,25.80,1008.78,2026-03-14 17:42:04
1428,2112,19,27,28,37.03,48.44,25.34,1008.78,2026-03-14 17:42:08
1429,1895,19,27,28,37.03,48.44,25.34,1008.78,2026-03-14 17:42:11
1430,1843,19,27,28,37.03,48.54,25.34,1008.78,2026-03-14 17:42:14
1431,1943,19,27,28,37.03,48.54,25.34,1008.80,2026-03-14 17:42:17
1432,2082,20,29,34,37.00,48.44,24.88,1008.78,2026-03-14 17:42:20
1433,2192,20,29,34,36.98,48.44,24.88,1008.80,2026-03-14 17:42:23
1434,2158,20,29,34,36.99,48.44,25.34,1008.75,2026-03-14 17:42:26
1435,1968,20,29,34,36.99,48.44,24.88,1008.74,2026-03-14 17:42:30
1436,1900,20,29,34,36.99,48.54,25.34,1008.77,2026-03-14 17:42:33
1437,1827,20,29,34,37.03,48.64,24.88,1008.81,2026-03-14 17:42:36
1438,1980,20,29,34,37.03,48.54,24.42,1008.74,2026-03-14 17:42:39
1439,2126,20,29,34,37.03,48.54,24.42,1008.74,2026-03-14 17:42:42
1440,2257,20,29,34,37.05,48.52,24.42,1008.77,2026-03-14 17:42:45
1441,2257,20,29,34,37.06,48.52,24.88,1008.81,2026-03-14 17:42:48
1442,2121,20,29,34,37.03,48.44,24.88,1008.74,2026-03-14 17:42:52
1443,1983,20,29,34,37.00,48.44,24.88,1008.76,2026-03-14 17:42:55
1444,1929,20,29,34,36.99,48.54,25.34,1008.78,2026-03-14 17:42:58
1445,2047,20,29,34,36.98,48.73,25.34,1008.82,2026-03-14 17:43:01
1446,2208,20,29,34,36.93,48.83,24.88,1008.78,2026-03-14 17:43:04
1447,2245,20,29,34,36.93,48.83,24.42,1008.78,2026-03-14 17:43:07
1448,2085,20,29,34,36.94,48.83,24.88,1008.77,2026-03-14 17:43:11
1449,1930,20,29,34,36.91,48.83,24.88,1008.79,2026-03-14 17:43:14
1450,1861,20,29,34,36.91,48.83,25.34,1008.74,2026-03-14 17:43:17
1451,1889,20,29,34,36.91,48.73,24.88,1008.78,2026-03-14 17:43:20
1452,2051,20,29,34,36.91,48.73,24.88,1008.79,2026-03-14 17:43:23
1453,2199,20,29,34,36.91,48.73,24.88,1008.79,2026-03-14 17:43:27
1454,2261,20,29,34,36.88,48.83,24.88,1008.75,2026-03-14 17:43:30
1455,2205,20,29,34,36.85,49.02,24.42,1008.78,2026-03-14 17:43:33
1456,2007,20,29,34,36.85,49.02,24.88,1008.82,2026-03-14 17:43:36
1457,1898,20,29,34,36.85,49.02,24.88,1008.81,2026-03-14 17:43:39
1458,2024,20,29,34,36.88,48.83,24.42,1008.76,2026-03-14 17:43:42
1459,2170,20,29,34,36.85,48.93,24.42,1008.78,2026-03-14 17:43:46
1460,2233,20,29,34,36.85,48.93,24.42,1008.78,2026-03-14 17:43:49
1461,2122,20,29,34,36.85,48.93,24.42,1008.78,2026-03-14 17:43:52
1462,1956,20,29,34,36.84,48.93,24.88,1008.80,2026-03-14 17:43:55
1463,1845,20,29,34,36.88,48.93,24.42,1008.76,2026-03-14 17:43:58
1464,1788,20,29,34,36.91,48.83,24.42,1008.79,2026-03-14 17:44:01
1465,1940,20,29,34,36.90,48.64,24.42,1008.78,2026-03-14 17:44:05
1466,2061,20,29,34,36.91,48.64,24.42,1008.79,2026-03-14 17:44:08
1467,2186,20,29,34,36.91,48.64,24.88,1008.79,2026-03-14 17:44:11
1468,2172,20,29,34,36.94,48.64,24.88,1008.74,2026-03-14 17:44:14
1469,2007,20,29,34,36.95,48.64,24.42,1008.76,2026-03-14 17:44:17
1470,1856,20,29,34,36.93,48.44,23.96,1008.77,2026-03-14 17:44:20
1471,1811,20,29,34,36.94,48.44,24.42,1008.77,2026-03-14 17:44:24
1472,1897,20,29,34,36.95,48.44,24.88,1008.79,2026-03-14 17:44:27
1473,2049,20,29,34,36.91,48.44,24.42,1008.77,2026-03-14 17:44:30
1474,1896,20,29,34,36.93,48.54,24.88,1008.75,2026-03-14 17:44:33
1475,1789,20,29,34,36.91,48.54,24.42,1008.76,2026-03-14 17:44:36
1476,1653,20,29,34,36.91,48.44,24.88,1008.77,2026-03-14 17:44:39
1477,1607,20,29,34,36.91,48.25,25.34,1008.82,2026-03-14 17:44:43
1478,1632,20,29,34,36.93,48.25,24.42,1008.74,2026-03-14 17:44:46
1479,1810,20,29,34,36.91,48.25,24.42,1008.74,2026-03-14 17:44:49
1480,1905,20,29,34,36.91,48.15,24.42,1008.76,2026-03-14 17:44:52
1481,1961,20,29,34,36.90,47.96,24.42,1008.81,2026-03-14 17:44:55
1482,1908,20,29,34,36.91,47.96,24.42,1008.79,2026-03-14 17:44:58
1483,1762,20,29,34,36.90,47.96,24.42,1008.79,2026-03-14 17:45:02
1484,1729,20,29,34,36.88,47.86,24.88,1008.79,2026-03-14 17:45:05
1485,1846,20,29,34,36.76,48.27,24.42,1008.76,2026-03-14 17:45:08
1486,2062,20,29,34,36.76,48.27,24.42,1008.76,2026-03-14 17:45:11
1487,2126,20,29,34,36.76,48.27,24.42,1008.80,2026-03-14 17:45:14
1488,2023,20,29,34,36.75,48.37,23.96,1008.74,2026-03-14 17:45:18
1489,1869,20,29,34,36.73,48.57,23.96,1008.76,2026-03-14 17:45:21
1490,1757,20,29,34,36.73,48.57,23.96,1008.82,2026-03-14 17:45:24
1491,1757,20,29,34,36.72,48.66,24.42,1008.78,2026-03-14 17:45:27
1492,1902,20,29,34,36.60,48.85,24.88,1008.75,2026-03-14 17:45:30
1493,2073,20,29,34,36.62,48.85,24.88,1008.79,2026-03-14 17:45:33
1494,2186,20,29,34,36.62,48.95,24.42,1008.80,2026-03-14 17:45:37
1495,2138,20,29,34,36.59,49.05,24.42,1008.86,2026-03-14 17:45:40
1496,1982,19,31,34,36.57,49.05,23.96,1008.82,2026-03-14 17:45:43
1497,1891,19,31,34,36.66,49.05,24.42,1008.77,2026-03-14 17:45:46
1498,1885,19,30,33,36.65,49.05,24.42,1008.77,2026-03-14 17:45:49
1499,2071,19,30,33,36.65,49.05,23.96,1008.79,2026-03-14 17:45:52
1500,2215,19,30,33,36.66,48.95,23.96,1008.79,2026-03-14 17:45:55
1501,2439,19,30,33,36.69,48.95,23.96,1008.78,2026-03-14 17:45:59
1502,2232,19,30,33,36.69,48.95,23.96,1008.82,2026-03-14 17:46:02
1503,2136,19,30,33,36.68,48.95,23.96,1008.74,2026-03-14 17:46:05
1504,1993,19,30,33,36.71,48.75,23.50,1008.78,2026-03-14 17:46:08
1505,2006,19,30,33,36.71,48.66,24.42,1008.80,2026-03-14 17:46:11
1506,2078,19,30,33,36.71,48.75,24.42,1008.80,2026-03-14 17:46:14
1507,2132,19,30,33,36.71,48.66,23.50,1008.82,2026-03-14 17:46:17
1508,2238,19,30,33,36.73,48.66,23.50,1008.75,2026-03-14 17:46:21
1509,2153,19,30,33,36.75,48.66,23.96,1008.81,2026-03-14 17:46:24
1510,2154,19,30,33,36.75,48.57,23.96,1008.79,2026-03-14 17:46:27
1511,2109,19,30,33,36.73,48.57,23.96,1008.76,2026-03-14 17:46:30
1512,2367,19,30,33,36.71,48.47,23.96,1008.79,2026-03-14 17:46:33
1513,2497,19,30,33,36.75,48.47,23.50,1008.79,2026-03-14 17:46:36
1514,2636,19,30,33,36.72,48.37,23.96,1008.82,2026-03-14 17:46:40
1515,2597,19,30,33,36.76,48.37,23.50,1008.82,2026-03-14 17:46:43
1516,2252,19,30,33,36.76,48.37,23.50,1008.80,2026-03-14 17:46:46
1517,2040,19,30,33,36.76,48.37,23.50,1008.77,2026-03-14 17:46:49
1518,2055,19,30,33,36.76,48.37,23.50,1008.77,2026-03-14 17:46:52
1519,2239,19,30,33,36.78,48.15,23.50,1008.80,2026-03-14 17:46:56
1520,2428,19,30,33,36.76,48.18,23.50,1008.76,2026-03-14 17:46:59
1521,2472,19,30,33,36.80,48.05,23.50,1008.76,2026-03-14 17:47:02
1522,2496,19,30,33,36.80,48.05,23.50,1008.77,2026-03-14 17:47:05
1523,2283,19,30,33,36.76,47.98,23.50,1008.78,2026-03-14 17:47:08
1524,2083,19,30,33,36.73,47.98,23.04,1008.80,2026-03-14 17:47:11
1525,2045,19,30,33,36.72,47.98,23.50,1008.79,2026-03-14 17:47:15
1526,2124,19,30,33,36.73,47.98,23.50,1008.82,2026-03-14 17:47:18
1527,2341,19,30,33,36.72,47.88,23.50,1008.77,2026-03-14 17:47:21
1528,2409,19,30,33,36.66,48.18,23.96,1008.77,2026-03-14 17:47:24
1529,2268,19,30,33,36.65,48.18,23.50,1008.82,2026-03-14 17:47:27
1530,2091,19,30,33,36.66,48.37,23.50,1008.84,2026-03-14 17:47:30
1531,1939,19,30,33,36.65,48.37,23.50,1008.81,2026-03-14 17:47:34
1532,1964,19,30,33,36.65,48.37,23.50,1008.81,2026-03-14 17:47:37
1533,2054,19,30,33,36.64,48.37,23.50,1008.83,2026-03-14 17:47:40
1534,2123,19,30,33,36.64,48.37,23.50,1008.81,2026-03-14 17:47:43
1535,2120,19,30,33,36.65,48.37,23.04,1008.80,2026-03-14 17:47:46
1536,2117,19,30,33,36.65,48.37,23.04,1008.80,2026-03-14 17:47:49
1537,1949,19,30,33,36.65,48.37,23.04,1008.81,2026-03-14 17:47:52
1538,1873,19,30,33,36.64,48.37,23.50,1008.83,2026-03-14 17:47:56
1539,2151,19,30,33,36.64,48.37,23.04,1008.83,2026-03-14 17:47:59
1540,1987,19,30,33,36.64,48.27,23.50,1008.79,2026-03-14 17:48:02
1541,1928,19,30,33,36.65,48.27,23.50,1008.79,2026-03-14 17:48:05
1542,1923,19,30,33,36.65,48.27,23.04,1008.82,2026-03-14 17:48:08
1543,1767,19,30,33,36.65,48.27,23.50,1008.83,2026-03-14 17:48:11
1544,1761,19,30,33,36.62,48.37,23.50,1008.87,2026-03-14 17:48:15
1545,1859,19,30,33,36.62,48.37,23.04,1008.83,2026-03-14 17:48:18
1546,1923,19,30,33,36.60,48.27,23.04,1008.81,2026-03-14 17:48:21
1547,2097,19,30,33,36.60,48.27,23.04,1008.82,2026-03-14 17:48:24
1548,2279,19,30,33,36.59,48.27,23.04,1008.81,2026-03-14 17:48:27
1549,2114,19,30,33,36.57,48.27,23.50,1008.84,2026-03-14 17:48:30
1550,1918,19,30,33,36.56,48.37,23.04,1008.80,2026-03-14 17:48:34
1551,1833,19,30,33,36.60,48.27,22.58,1008.78,2026-03-14 17:48:37
1552,1966,19,30,33,36.60,48.27,22.12,1008.77,2026-03-14 17:48:40
1553,1966,19,30,33,36.57,48.27,22.58,1008.80,2026-03-14 17:48:43
1554,1965,19,30,33,36.57,48.18,23.04,1008.81,2026-03-14 17:48:46
1555,1869,19,30,33,36.56,48.18,23.50,1008.80,2026-03-14 17:48:49
1556,1701,19,30,33,36.57,48.18,23.04,1008.80,2026-03-14 17:48:53
1557,1648,19,30,33,36.53,48.27,23.04,1008.82,2026-03-14 17:48:56
1558,1615,19,30,33,36.49,48.49,23.04,1008.83,2026-03-14 17:48:59
1559,1741,19,30,33,36.51,48.47,23.04,1008.83,2026-03-14 17:49:02
1560,1892,20,30,34,36.49,48.58,23.04,1008.77,2026-03-14 17:49:05
1561,1963,20,30,34,36.50,48.68,22.58,1008.81,2026-03-14 17:49:08
1562,2014,19,29,33,36.50,48.68,23.04,1008.81,2026-03-14 17:49:12
1563,2088,19,29,33,36.50,48.68,23.04,1008.81,2026-03-14 17:49:15
1564,1933,19,29,33,36.51,48.66,22.58,1008.83,2026-03-14 17:49:18
1565,1862,19,29,33,36.46,48.78,23.04,1008.82,2026-03-14 17:49:21
1566,1972,19,29,33,36.46,48.78,22.58,1008.77,2026-03-14 17:49:24
1567,2131,19,29,33,36.50,48.78,23.04,1008.79,2026-03-14 17:49:27
1568,2252,19,29,33,36.49,48.78,23.04,1008.80,2026-03-14 17:49:31
1569,2241,19,29,33,36.50,48.78,23.04,1008.80,2026-03-14 17:49:34
1570,2315,19,29,33,36.46,48.78,22.58,1008.81,2026-03-14 17:49:37
1571,2392,19,29,33,36.47,48.78,22.58,1008.81,2026-03-14 17:49:40
1572,2233,19,29,33,36.47,48.78,22.58,1008.80,2026-03-14 17:49:43
1573,2277,19,29,33,36.49,48.88,22.58,1008.76,2026-03-14 17:49:46
1574,2313,19,29,33,36.49,48.97,23.04,1008.83,2026-03-14 17:49:49
1575,2286,19,29,33,36.49,48.97,23.04,1008.80,2026-03-14 17:49:53
1576,2212,19,29,33,36.47,48.97,23.04,1008.82,2026-03-14 17:49:56
1577,2052,19,29,33,36.50,48.97,22.58,1008.78,2026-03-14 17:49:59
1578,2000,19,29,33,36.50,48.97,22.58,1008.82,2026-03-14 17:50:02
1579,2100,19,29,33,36.51,48.95,23.04,1008.82,2026-03-14 17:50:05
1580,2197,19,29,33,36.50,48.97,22.58,1008.77,2026-03-14 17:50:08
1581,2417,19,29,33,36.51,48.95,22.58,1008.80,2026-03-14 17:50:12
1582,2447,19,29,33,36.51,48.95,22.58,1008.80,2026-03-14 17:50:15
1583,2181,19,29,33,36.49,48.97,22.58,1008.82,2026-03-14 17:50:18
1584,2009,19,29,33,36.49,49.07,22.58,1008.81,2026-03-14 17:50:21
1585,2110,19,29,33,36.46,49.17,22.58,1008.82,2026-03-14 17:50:24
1586,2350,19,29,33,36.46,49.27,22.58,1008.78,2026-03-14 17:50:27
1587,2361,19,29,33,36.46,49.27,22.58,1008.81,2026-03-14 17:50:30
1588,2464,19,29,33,36.49,49.27,22.12,1008.83,2026-03-14 17:50:34
1589,2486,19,29,33,36.47,49.27,22.12,1008.84,2026-03-14 17:50:37
1590,2376,19,29,33,36.47,49.27,22.12,1008.84,2026-03-14 17:50:40
1591,2064,19,29,33,36.46,49.27,22.58,1008.82,2026-03-14 17:50:43
1592,1987,19,29,33,36.44,49.27,22.58,1008.78,2026-03-14 17:50:46
1593,1963,19,29,33,36.54,49.34,22.58,1008.77,2026-03-14 17:50:49
1594,2132,19,29,33,36.53,49.24,22.12,1008.82,2026-03-14 17:50:53
1595,2406,19,29,33,36.53,49.34,22.12,1008.78,2026-03-14 17:50:56
1596,2551,19,29,33,36.54,49.34,22.12,1008.82,2026-03-14 17:50:59
1597,2330,19,29,33,36.54,49.34,22.12,1008.76,2026-03-14 17:51:02
1598,2067,19,29,33,36.56,49.34,22.12,1008.80,2026-03-14 17:51:05
1599,1972,19,29,33,36.56,49.34,22.12,1008.80,2026-03-14 17:51:08
1600,2142,19,29,33,36.57,49.34,22.12,1008.83,2026-03-14 17:51:12
1601,2194,19,29,33,36.56,49.44,22.12,1008.81,2026-03-14 17:51:15
1602,2223,19,29,33,36.56,49.44,22.12,1008.79,2026-03-14 17:51:18
1603,2192,19,29,33,36.56,49.44,22.12,1008.79,2026-03-14 17:51:21
1604,1937,19,29,33,36.57,49.44,22.12,1008.80,2026-03-14 17:51:24
1605,1696,19,29,33,36.64,49.44,22.12,1008.81,2026-03-14 17:51:27
1606,1596,19,29,33,36.65,49.44,22.12,1008.81,2026-03-14 17:51:30
1607,1589,19,29,33,36.66,49.44,22.12,1008.78,2026-03-14 17:51:34
1608,1570,19,29,33,36.65,49.44,22.12,1008.78,2026-03-14 17:51:37
1609,1462,19,29,33,36.68,49.54,22.58,1008.80,2026-03-14 17:51:40
1610,1362,19,29,33,36.68,49.54,22.12,1008.83,2026-03-14 17:51:43
1611,1298,19,29,33,36.68,49.54,22.12,1008.77,2026-03-14 17:51:46
1612,1261,19,29,33,36.66,49.63,22.58,1008.84,2026-03-14 17:51:49
1613,1292,19,29,33,36.66,49.63,22.12,1008.82,2026-03-14 17:51:53
1614,1331,19,29,33,36.69,49.73,22.12,1008.84,2026-03-14 17:51:56
1615,1407,19,29,33,36.71,49.82,22.12,1008.78,2026-03-14 17:51:59
1616,1487,19,29,33,36.69,49.82,22.12,1008.78,2026-03-14 17:52:02
1617,1397,19,29,33,36.69,49.82,21.66,1008.83,2026-03-14 17:52:05
1618,1325,19,29,33,36.69,49.82,22.12,1008.82,2026-03-14 17:52:08
1619,1360,19,29,33,36.64,49.82,22.12,1008.81,2026-03-14 17:52:12
1620,1318,19,29,33,36.64,49.92,21.20,1008.82,2026-03-14 17:52:15
1621,1282,19,29,33,36.64,50.02,22.12,1008.78,2026-03-14 17:52:18
1622,1256,19,29,33,36.64,50.02,21.66,1008.78,2026-03-14 17:52:21
1623,1211,19,29,33,36.65,50.02,21.66,1008.81,2026-03-14 17:52:24
1624,1175,19,29,33,36.64,50.02,21.66,1008.80,2026-03-14 17:52:27
1625,1140,20,29,34,36.62,50.12,21.20,1008.78,2026-03-14 17:52:31
1626,1135,20,29,34,36.62,50.31,22.12,1008.78,2026-03-14 17:52:34
1627,1148,19,28,33,36.62,50.31,21.66,1008.78,2026-03-14 17:52:37
1628,1167,19,29,33,36.62,50.31,21.66,1008.80,2026-03-14 17:52:40
1629,1179,19,29,33,36.65,50.31,21.66,1008.77,2026-03-14 17:52:43
1630,1166,19,29,33,36.66,50.31,21.66,1008.76,2026-03-14 17:52:46
1631,1145,19,29,33,36.65,50.31,21.66,1008.80,2026-03-14 17:52:50
1632,1138,19,29,33,36.65,50.31,21.66,1008.85,2026-03-14 17:52:53
1633,1161,19,29,33,36.65,50.31,21.20,1008.83,2026-03-14 17:52:56
1634,1189,19,29,33,36.71,50.31,21.66,1008.81,2026-03-14 17:52:59
1635,1200,19,29,33,36.69,50.31,21.66,1008.79,2026-03-14 17:53:02
1636,1184,19,29,33,36.72,50.31,21.20,1008.79,2026-03-14 17:53:05
1637,1164,19,29,33,36.69,50.31,21.66,1008.80,2026-03-14 17:53:09
1638,1145,19,29,33,36.69,50.31,21.66,1008.83,2026-03-14 17:53:12
1639,1151,19,29,33,36.69,50.31,21.66,1008.80,2026-03-14 17:53:15
1640,1175,19,29,33,36.71,50.31,21.66,1008.81,2026-03-14 17:53:18
1641,1199,19,29,33,36.69,50.41,21.66,1008.81,2026-03-14 17:53:22
1642,1209,19,29,33,36.71,50.41,21.20,1008.81,2026-03-14 17:53:25
1643,1215,19,29,33,36.71,50.41,21.66,1008.80,2026-03-14 17:53:28
1644,1193,19,29,33,36.73,50.51,21.66,1008.80,2026-03-14 17:53:31
1645,1168,19,29,33,36.80,50.38,21.20,1008.79,2026-03-14 17:53:34
1646,1178,19,29,33,36.80,50.38,21.20,1008.79,2026-03-14 17:53:37
1647,1212,19,29,33,36.81,50.38,21.20,1008.76,2026-03-14 17:53:41
1648,1240,19,29,33,36.81,50.38,21.20,1008.78,2026-03-14 17:53:44
1649,1227,19,29,33,36.80,50.38,21.66,1008.77,2026-03-14 17:53:47
1650,1211,19,29,33,36.80,50.48,21.20,1008.78,2026-03-14 17:53:50
1651,1189,19,29,33,36.78,50.48,21.66,1008.79,2026-03-14 17:53:53
1652,1165,19,29,33,36.80,50.48,21.20,1008.77,2026-03-14 17:53:56
1653,1171,19,29,33,36.76,50.51,21.20,1008.78,2026-03-14 17:54:00
1654,1181,19,29,33,36.68,50.60,21.66,1008.83,2026-03-14 17:54:03
1655,1195,19,29,33,36.69,50.60,21.20,1008.83,2026-03-14 17:54:06
1656,1193,19,29,33,36.71,50.60,21.66,1008.81,2026-03-14 17:54:09
1657,1171,19,29,33,36.69,50.60,21.20,1008.78,2026-03-14 17:54:12
1658,1145,19,29,33,36.73,50.60,21.20,1008.79,2026-03-14 17:54:15
1659,1139,19,29,33,36.72,50.41,21.20,1008.78,2026-03-14 17:54:19
1660,1164,19,29,33,36.73,50.51,21.20,1008.78,2026-03-14 17:54:22
1661,1167,19,29,33,36.76,50.41,21.20,1008.79,2026-03-14 17:54:25
1662,1175,19,29,33,36.73,50.41,21.20,1008.81,2026-03-14 17:54:28
1663,1156,19,29,33,36.71,50.60,20.74,1008.77,2026-03-14 17:54:31
1664,1139,19,29,33,36.71,50.70,21.20,1008.83,2026-03-14 17:54:34
1665,1119,19,29,33,36.73,50.60,21.20,1008.75,2026-03-14 17:54:38
1666,1117,19,29,33,36.71,50.60,21.20,1008.83,2026-03-14 17:54:41
1667,1133,19,29,33,36.80,50.48,21.20,1008.80,2026-03-14 17:54:44
1668,1130,19,29,33,36.83,50.38,21.20,1008.79,2026-03-14 17:54:47
1669,1146,19,29,33,36.83,50.29,21.20,1008.78,2026-03-14 17:54:50
1670,1152,19,29,33,36.88,50.09,21.20,1008.78,2026-03-14 17:54:54
1671,1140,19,29,33,36.88,50.09,21.20,1008.78,2026-03-14 17:54:57
1672,1125,19,29,33,36.87,50.09,21.20,1008.81,2026-03-14 17:55:00
1673,1134,19,29,33,36.87,50.09,20.74,1008.77,2026-03-14 17:55:03
1674,1147,19,29,33,36.88,49.99,21.20,1008.77,2026-03-14 17:55:07
1675,1152,19,29,33,36.90,49.51,65.89,1008.78,2026-03-14 17:55:10
1676,1138,19,29,33,36.91,49.51,64.51,1008.79,2026-03-14 17:55:13
1677,1118,19,29,33,36.91,49.51,65.89,1008.77,2026-03-14 17:55:16
1678,1099,19,29,33,36.90,49.51,49.31,1008.79,2026-03-14 17:55:19
1679,1103,19,29,33,36.91,49.51,61.29,1008.79,2026-03-14 17:55:22
1680,1130,19,29,33,36.90,49.51,62.21,1008.75,2026-03-14 17:55:26
1681,1137,19,29,33,36.90,49.51,62.21,1008.78,2026-03-14 17:55:29
1682,1169,19,29,33,36.87,49.51,61.29,1008.77,2026-03-14 17:55:32
1683,1174,19,29,33,36.85,49.61,62.67,1008.81,2026-03-14 17:55:36
1684,1151,19,29,33,36.84,49.71,64.97,1008.82,2026-03-14 17:55:39
1685,1123,19,29,33,36.87,49.80,62.67,1008.80,2026-03-14 17:55:42
1686,1114,19,29,33,36.78,49.90,63.13,1008.79,2026-03-14 17:55:45
1687,1128,19,29,33,36.76,50.02,63.59,1008.81,2026-03-14 17:55:48
1688,1143,19,29,33,36.78,49.99,64.51,1008.82,2026-03-14 17:55:52
1689,1144,19,29,33,36.75,50.02,64.51,1008.84,2026-03-14 17:55:55
1690,1119,19,29,33,36.75,50.02,63.59,1008.84,2026-03-14 17:55:58
1691,1102,19,29,33,36.76,50.12,64.05,1008.79,2026-03-14 17:56:01
1692,1080,19,29,33,36.78,50.09,62.21,1008.81,2026-03-14 17:56:04
1693,1089,19,29,33,36.81,50.09,62.67,1008.79,2026-03-14 17:56:07
1694,1110,19,29,33,36.81,50.09,62.67,1008.79,2026-03-14 17:56:10
1695,1130,19,29,33,36.83,49.99,63.13,1008.82,2026-03-14 17:56:14
1696,1143,19,29,33,36.83,49.99,64.51,1008.78,2026-03-14 17:56:17
1697,1133,19,29,33,36.80,49.99,64.51,1008.82,2026-03-14 17:56:20
1698,1103,19,29,33,36.81,49.80,62.21,1008.80,2026-03-14 17:56:23
1699,1085,19,29,33,36.85,49.71,63.13,1008.78,2026-03-14 17:56:26
1700,1097,19,29,33,36.85,49.61,63.13,1008.82,2026-03-14 17:56:29
1701,1149,19,29,33,36.87,49.61,61.75,1008.79,2026-03-14 17:56:33
1702,1210,19,29,33,36.88,49.61,61.75,1008.79,2026-03-14 17:56:36
1703,1183,19,29,33,36.85,49.61,62.21,1008.77,2026-03-14 17:56:39
1704,1149,19,29,33,36.90,49.51,62.67,1008.81,2026-03-14 17:56:42
1705,1117,19,29,33,36.85,49.51,62.21,1008.77,2026-03-14 17:56:45
1706,1098,19,29,33,36.85,49.61,63.13,1008.79,2026-03-14 17:56:48
1707,1121,19,29,33,36.88,49.61,64.05,1008.81,2026-03-14 17:56:52
1708,1161,19,29,33,36.87,49.61,62.67,1008.81,2026-03-14 17:56:55
1709,1162,19,29,33,36.88,49.61,61.29,1008.81,2026-03-14 17:56:58
1710,1166,19,29,33,36.85,49.61,63.13,1008.79,2026-03-14 17:57:01
1711,1110,19,29,33,36.80,49.71,62.21,1008.77,2026-03-14 17:57:08
1712,1096,19,29,33,36.78,49.71,63.13,1008.80,2026-03-14 17:57:11
1713,1084,19,29,33,36.78,49.80,63.59,1008.78,2026-03-14 17:57:14
1714,1089,19,29,33,36.71,50.02,64.05,1008.80,2026-03-14 17:57:17
1715,1072,19,29,33,36.69,50.02,62.67,1008.78,2026-03-14 17:57:20
1716,1049,19,29,33,36.71,50.02,64.05,1008.78,2026-03-14 17:57:24
1717,1038,19,29,33,36.71,50.12,63.13,1008.74,2026-03-14 17:57:27
1718,1038,19,29,33,36.72,50.12,63.59,1008.80,2026-03-14 17:57:30
1719,1046,19,29,33,36.72,50.21,62.67,1008.81,2026-03-14 17:57:33
1720,1071,19,29,33,36.78,50.19,62.67,1008.80,2026-03-14 17:57:40
1721,1072,19,29,33,36.73,50.21,60.83,1008.77,2026-03-14 17:57:43
1722,1066,19,29,33,36.69,50.21,61.29,1008.77,2026-03-14 17:57:46
1723,1050,19,29,33,36.76,50.31,60.83,1008.79,2026-03-14 17:57:49
1724,1044,19,29,33,36.76,50.31,60.36,1008.79,2026-03-14 17:57:52
1725,1050,19,29,33,36.75,50.31,62.21,1008.77,2026-03-14 17:57:56
1726,1061,19,29,33,36.76,50.31,62.21,1008.79,2026-03-14 17:57:59
1727,1067,19,29,33,36.72,50.31,60.83,1008.79,2026-03-14 17:58:02
1728,1031,19,29,33,36.80,50.29,60.83,1008.81,2026-03-14 17:58:09
1729,1075,19,29,33,36.78,50.19,60.83,1008.78,2026-03-14 17:58:30
1730,1064,19,29,33,36.80,49.99,60.36,1008.79,2026-03-14 17:58:33
1731,1075,19,29,33,36.80,50.09,60.36,1008.84,2026-03-14 17:58:36
1732,1094,19,29,33,36.81,50.19,61.29,1008.80,2026-03-14 17:58:40
1733,1107,19,29,33,36.84,50.19,62.21,1008.79,2026-03-14 17:58:43
1734,1099,19,29,33,36.84,50.19,60.36,1008.80,2026-03-14 17:58:46
1735,1087,19,29,33,36.84,50.19,60.36,1008.78,2026-03-14 17:58:49
1736,1079,19,29,33,36.83,50.19,61.29,1008.80,2026-03-14 17:58:52
1737,1078,19,29,33,36.83,50.19,62.21,1008.78,2026-03-14 17:58:56
1738,1112,19,29,33,36.81,50.29,61.29,1008.79,2026-03-14 17:58:59
1739,1152,19,29,33,36.85,50.29,60.83,1008.77,2026-03-14 17:59:02
1740,1183,19,29,33,36.83,50.38,29.95,1008.79,2026-03-14 17:59:06
1741,1189,20,30,32,36.83,50.38,28.57,1008.84,2026-03-14 17:59:09
1742,1180,19,29,30,36.84,50.38,61.29,1008.80,2026-03-14 17:59:12
1743,1172,19,29,30,36.85,50.38,60.36,1008.75,2026-03-14 17:59:15
1744,1171,19,29,30,36.84,50.38,60.83,1008.80,2026-03-14 17:59:19
1745,1184,19,29,30,36.87,50.38,58.98,1008.77,2026-03-14 17:59:22
1746,1207,19,29,30,36.85,50.38,60.36,1008.77,2026-03-14 17:59:25
1747,1223,19,29,30,36.87,50.38,59.44,1008.80,2026-03-14 17:59:28
1748,1193,19,29,30,36.84,50.38,60.36,1008.78,2026-03-14 17:59:31
1749,1175,19,29,30,36.90,50.38,60.83,1008.79,2026-03-14 17:59:35
1750,1160,19,29,30,36.88,50.38,59.90,1008.79,2026-03-14 17:59:38
1751,1166,19,29,30,36.88,50.38,58.52,1008.78,2026-03-14 17:59:41
1752,1189,19,29,30,36.90,50.38,60.36,1008.82,2026-03-14 17:59:44
1753,1243,19,29,30,36.90,50.38,60.83,1008.82,2026-03-14 17:59:47
1754,1273,19,29,30,36.90,50.29,59.44,1008.79,2026-03-14 17:59:51
1755,1248,19,29,30,36.91,50.29,58.98,1008.79,2026-03-14 17:59:54
1756,1233,19,29,30,36.91,50.29,59.90,1008.79,2026-03-14 17:59:57
1757,1210,19,29,30,36.91,50.29,60.36,1008.77,2026-03-14 18:00:00
1758,1229,19,29,30,36.91,50.29,59.44,1008.79,2026-03-14 18:00:03
1759,1226,19,29,30,36.87,50.38,59.44,1008.81,2026-03-14 18:00:07
1760,1225,19,29,30,36.87,50.38,58.52,1008.78,2026-03-14 18:00:10
1761,1205,19,29,30,36.85,50.38,58.98,1008.78,2026-03-14 18:00:13
1762,1182,19,29,30,36.83,50.38,60.36,1008.81,2026-03-14 18:00:16
1763,1159,19,29,30,36.91,50.38,58.52,1008.83,2026-03-14 18:00:20
1764,1160,19,29,30,36.88,50.38,60.36,1008.78,2026-03-14 18:00:23
1765,1175,19,29,30,36.88,50.29,58.98,1008.78,2026-03-14 18:00:26
1766,1197,19,29,30,36.88,50.29,58.52,1008.77,2026-03-14 18:00:29
1767,1206,19,29,30,36.87,50.38,59.44,1008.78,2026-03-14 18:00:32
1768,1203,19,29,30,36.81,50.48,58.98,1008.79,2026-03-14 18:00:35
1769,1193,19,29,30,36.80,50.58,59.90,1008.82,2026-03-14 18:00:39
1770,1182,19,29,30,36.80,50.58,59.44,1008.82,2026-03-14 18:00:42
1771,1199,19,29,30,36.83,50.68,59.90,1008.80,2026-03-14 18:00:45
1772,1212,19,29,30,36.83,50.68,59.44,1008.83,2026-03-14 18:00:48
1773,1223,19,29,30,36.85,50.68,58.06,1008.79,2026-03-14 18:00:51
1774,1218,19,29,30,36.80,50.68,58.98,1008.81,2026-03-14 18:00:54
1775,1205,19,29,30,36.78,50.87,59.90,1008.81,2026-03-14 18:00:57
1776,1195,19,29,30,36.84,50.87,59.90,1008.83,2026-03-14 18:01:01
1777,1187,19,29,30,36.85,50.87,58.52,1008.83,2026-03-14 18:01:04
1778,1225,19,29,30,36.84,50.87,58.06,1008.82,2026-03-14 18:01:07
1779,1240,19,29,30,36.85,50.87,58.06,1008.84,2026-03-14 18:01:10
1780,1255,19,29,30,36.87,50.87,58.06,1008.82,2026-03-14 18:01:13
1781,1257,19,29,30,36.85,50.87,59.90,1008.82,2026-03-14 18:01:17
1782,1244,19,29,30,36.85,50.87,58.52,1008.82,2026-03-14 18:01:20
1783,1230,19,29,30,36.83,50.77,59.90,1008.80,2026-03-14 18:01:23
1784,1221,19,29,30,36.90,50.77,57.60,1008.81,2026-03-14 18:01:26
1785,1258,19,29,30,36.88,50.77,58.98,1008.81,2026-03-14 18:01:30
1786,1268,19,29,30,36.88,50.77,58.52,1008.80,2026-03-14 18:01:33
1787,1276,19,29,30,36.90,50.77,57.60,1008.81,2026-03-14 18:01:36
1788,1266,19,29,30,36.94,50.68,58.06,1008.81,2026-03-14 18:01:39
1789,1237,19,29,30,36.94,50.68,58.06,1008.79,2026-03-14 18:01:42
1790,1225,19,29,30,36.94,50.68,57.60,1008.82,2026-03-14 18:01:46
1791,1229,19,29,30,36.95,50.68,58.52,1008.80,2026-03-14 18:01:49
1792,1257,19,29,30,36.95,50.68,59.44,1008.78,2026-03-14 18:01:52
1793,1278,19,29,30,36.94,50.68,58.98,1008.80,2026-03-14 18:01:55
1794,1290,19,29,30,36.91,50.87,59.44,1008.80,2026-03-14 18:01:58
1795,1289,19,29,30,36.88,50.87,59.44,1008.84,2026-03-14 18:02:01
1796,1269,19,29,30,36.90,50.87,58.06,1008.84,2026-03-14 18:02:05
1797,1256,19,29,30,36.88,50.87,57.60,1008.82,2026-03-14 18:02:08
1798,1262,19,29,30,36.90,50.87,59.44,1008.82,2026-03-14 18:02:11
1799,1274,19,29,30,36.90,50.87,58.52,1008.84,2026-03-14 18:02:14
1800,1290,19,29,30,36.91,50.96,58.06,1008.84,2026-03-14 18:02:17
1801,1303,19,29,30,36.90,50.96,57.14,1008.84,2026-03-14 18:02:21
1802,1277,19,29,30,36.90,50.96,58.98,1008.82,2026-03-14 18:02:24
1803,1261,19,29,30,36.90,50.96,58.52,1008.82,2026-03-14 18:02:27
1804,1250,19,29,30,36.87,51.06,58.98,1008.83,2026-03-14 18:02:30
1805,1265,22,33,40,36.88,51.06,58.98,1008.84,2026-03-14 18:02:33
1806,1287,22,33,40,36.88,51.06,58.06,1008.84,2026-03-14 18:02:36
1807,1310,22,33,40,36.88,51.06,57.14,1008.85,2026-03-14 18:02:39
1808,1327,22,33,40,36.87,51.06,58.52,1008.81,2026-03-14 18:02:43
1809,1309,22,33,40,36.87,50.96,58.06,1008.82,2026-03-14 18:02:46
1810,1282,22,33,40,36.88,50.96,56.68,1008.83,2026-03-14 18:02:49
1811,1269,22,33,40,36.90,50.96,58.52,1008.80,2026-03-14 18:02:52
1812,1283,22,33,40,36.90,50.96,58.52,1008.85,2026-03-14 18:02:55
1813,1296,22,33,40,36.93,50.96,57.60,1008.82,2026-03-14 18:02:58
1814,1305,22,33,40,36.93,50.87,54.84,1008.84,2026-03-14 18:03:02
1815,1291,22,33,40,36.90,50.87,56.68,1008.84,2026-03-14 18:03:05
1816,1268,22,33,40,36.94,50.87,55.30,1008.83,2026-03-14 18:03:08
1817,1242,22,33,40,36.98,50.77,58.06,1008.84,2026-03-14 18:03:11
1818,1243,22,33,40,36.98,50.77,57.14,1008.88,2026-03-14 18:03:14
1819,1265,22,33,40,36.93,50.77,58.06,1008.86,2026-03-14 18:03:17
1820,1282,22,33,40,36.98,50.77,58.06,1008.81,2026-03-14 18:03:21
1821,1300,22,33,40,36.98,50.68,58.98,1008.83,2026-03-14 18:03:24
1822,1305,22,33,40,36.98,50.58,57.60,1008.87,2026-03-14 18:03:27
1823,1287,22,33,40,36.94,50.58,57.14,1008.88,2026-03-14 18:03:30
1824,1253,22,33,40,36.95,50.58,57.14,1008.88,2026-03-14 18:03:33
1825,1260,22,33,40,36.95,50.58,59.44,1008.88,2026-03-14 18:03:36
1826,1281,22,33,40,36.95,50.58,58.06,1008.86,2026-03-14 18:03:39
1827,1304,22,33,40,36.91,50.58,57.14,1008.83,2026-03-14 18:03:43
1828,1314,22,33,40,36.93,50.87,57.14,1008.88,2026-03-14 18:03:46
1829,1295,22,33,40,36.91,50.87,58.06,1008.87,2026-03-14 18:03:49
1830,1270,22,33,40,36.91,50.87,58.52,1008.89,2026-03-14 18:03:52
1831,1250,22,33,40,36.90,50.87,57.14,1008.85,2026-03-14 18:03:56
1832,1261,22,33,40,36.94,50.87,58.06,1008.85,2026-03-14 18:03:59
1833,1283,22,33,40,36.94,50.87,59.44,1008.85,2026-03-14 18:04:02
1834,1294,22,33,40,36.91,50.87,57.60,1008.85,2026-03-14 18:04:05
1835,1303,22,33,40,36.90,50.87,58.52,1008.85,2026-03-14 18:04:08
1836,1295,22,33,40,36.95,50.77,58.52,1008.84,2026-03-14 18:04:11
1837,1274,22,33,40,36.95,50.77,58.52,1008.83,2026-03-14 18:04:14
1838,1279,22,33,40,36.98,50.77,57.14,1008.83,2026-03-14 18:04:18
1839,1284,22,33,40,36.95,50.77,58.98,1008.84,2026-03-14 18:04:21
1840,1306,22,33,40,36.93,50.77,57.14,1008.86,2026-03-14 18:04:24
1841,1299,22,33,40,36.91,50.77,56.68,1008.87,2026-03-14 18:04:27
1842,1272,22,33,40,36.94,50.68,58.98,1008.84,2026-03-14 18:04:30
1843,1250,22,33,40,36.93,50.68,57.14,1008.84,2026-03-14 18:04:33
1844,1224,22,33,40,36.93,50.68,58.52,1008.83,2026-03-14 18:04:37
1845,1224,22,33,40,36.88,50.68,58.98,1008.89,2026-03-14 18:04:40
1846,1236,22,33,40,36.94,50.68,58.52,1008.87,2026-03-14 18:04:43
1847,1255,22,33,40,36.93,50.68,58.06,1008.81,2026-03-14 18:04:46
1848,1276,22,33,40,36.91,50.68,56.68,1008.85,2026-03-14 18:04:49
1849,1289,22,33,40,36.93,50.68,58.06,1008.85,2026-03-14 18:04:52
1850,1272,22,33,40,36.93,50.68,58.52,1008.85,2026-03-14 18:04:56
1851,1235,22,33,40,36.95,50.68,56.68,1008.86,2026-03-14 18:04:59
1852,1230,22,33,40,36.93,50.68,57.60,1008.91,2026-03-14 18:05:02
1853,1252,22,33,40,36.94,50.68,57.14,1008.90,2026-03-14 18:05:05
1854,1262,22,33,40,36.93,50.58,56.68,1008.86,2026-03-14 18:05:08
1855,1257,22,33,40,36.91,50.48,57.14,1008.88,2026-03-14 18:05:11
1856,1247,22,33,40,36.93,50.48,56.68,1008.88,2026-03-14 18:05:14
1857,1212,22,33,40,36.93,50.48,58.52,1008.87,2026-03-14 18:05:18
1858,1181,22,33,40,36.91,50.48,57.14,1008.87,2026-03-14 18:05:21
1859,1174,22,33,40,37.00,49.99,57.60,1008.88,2026-03-14 18:05:24
1860,1183,22,33,40,37.00,49.99,56.22,1008.86,2026-03-14 18:05:27
1861,1190,22,33,40,37.02,49.99,57.14,1008.86,2026-03-14 18:05:30
1862,1203,22,33,40,37.02,49.90,58.52,1008.87,2026-03-14 18:05:34
1863,1187,22,33,40,36.98,49.80,57.60,1008.88,2026-03-14 18:05:37
1864,1170,22,33,40,36.95,49.99,57.14,1008.92,2026-03-14 18:05:40
1865,1151,22,33,40,36.95,49.99,58.52,1008.92,2026-03-14 18:05:43
1866,1168,22,33,40,36.94,49.99,56.68,1008.90,2026-03-14 18:05:46
1867,1183,22,33,40,36.94,49.99,58.52,1008.86,2026-03-14 18:05:50
1868,1190,22,32,37,36.93,49.99,57.14,1008.86,2026-03-14 18:05:53
1869,1180,22,32,37,36.87,50.38,56.68,1008.92,2026-03-14 18:05:56
1870,1152,23,32,38,36.88,50.38,58.06,1008.92,2026-03-14 18:05:59
1871,1138,23,32,38,36.88,50.38,57.60,1008.86,2026-03-14 18:06:02
1872,1125,23,32,38,36.90,50.38,56.22,1008.86,2026-03-14 18:06:05
1873,1137,23,32,38,36.91,50.38,56.22,1008.89,2026-03-14 18:06:09
1874,1146,23,32,38,36.85,50.19,56.22,1008.90,2026-03-14 18:06:12
1875,1152,23,32,38,36.85,50.19,56.68,1008.88,2026-03-14 18:06:15
1876,1152,23,32,38,36.85,50.19,58.06,1008.89,2026-03-14 18:06:18
1877,1126,23,32,38,36.85,50.19,56.68,1008.90,2026-03-14 18:06:21
1878,1107,23,32,38,36.87,49.99,55.76,1008.89,2026-03-14 18:06:24
1879,1101,23,32,38,36.90,50.09,58.06,1008.84,2026-03-14 18:06:28
1880,1112,23,32,38,36.94,49.90,56.68,1008.88,2026-03-14 18:06:31
1881,1126,23,32,38,36.94,49.90,56.22,1008.88,2026-03-14 18:06:34
1882,1125,23,32,38,36.94,49.90,57.60,1008.88,2026-03-14 18:06:37
1883,1108,23,32,38,36.93,49.90,57.60,1008.90,2026-03-14 18:06:41
1884,1082,23,32,38,36.91,49.90,57.60,1008.88,2026-03-14 18:06:44
1885,1063,23,32,38,36.88,49.80,57.14,1008.87,2026-03-14 18:06:47
1886,1074,23,32,38,36.87,49.71,56.22,1008.88,2026-03-14 18:06:50
1887,1087,23,32,38,36.87,49.71,58.06,1008.88,2026-03-14 18:06:53
1888,1090,23,32,38,36.88,49.61,57.14,1008.88,2026-03-14 18:06:56
1889,1103,23,32,38,36.88,49.51,56.22,1008.84,2026-03-14 18:06:59
1890,1101,23,32,38,36.85,49.51,57.60,1008.92,2026-03-14 18:07:03
1891,1072,23,32,38,36.81,49.51,56.68,1008.88,2026-03-14 18:07:06
1892,1045,23,32,38,36.81,49.51,56.22,1008.90,2026-03-14 18:07:09
1893,1051,23,32,38,36.80,49.51,56.22,1008.90,2026-03-14 18:07:12
1894,1055,23,32,38,36.81,49.61,57.60,1008.94,2026-03-14 18:07:15
1895,1059,23,32,38,36.81,49.61,56.22,1008.90,2026-03-14 18:07:19
1896,1050,23,32,38,36.80,49.61,56.22,1008.89,2026-03-14 18:07:22
1897,1030,23,32,38,36.78,49.71,55.76,1008.85,2026-03-14 18:07:25
1898,1016,23,32,38,36.73,49.82,57.60,1008.91,2026-03-14 18:07:28
1899,1020,23,32,38,36.78,49.90,57.60,1008.90,2026-03-14 18:07:31
1900,1051,23,32,38,36.76,49.92,55.30,1008.93,2026-03-14 18:07:35
1901,1062,23,32,38,36.75,49.92,56.68,1008.93,2026-03-14 18:07:38
1902,1068,23,32,38,36.75,49.92,55.76,1008.95,2026-03-14 18:07:41
1903,1067,23,32,38,36.69,50.02,57.60,1008.93,2026-03-14 18:07:44
1904,1047,23,32,38,36.69,50.12,57.14,1008.89,2026-03-14 18:07:47
1905,1033,23,32,38,36.69,50.12,55.76,1008.89,2026-03-14 18:07:50
1906,1039,23,32,38,36.69,50.12,55.30,1008.89,2026-03-14 18:07:54
1907,1048,23,32,38,36.66,50.21,56.22,1008.93,2026-03-14 18:07:57
1908,1052,23,32,38,36.68,50.21,57.14,1008.90,2026-03-14 18:08:00
1909,1048,23,32,38,36.66,50.12,55.76,1008.89,2026-03-14 18:08:03
1910,1035,23,32,38,36.66,50.21,55.76,1008.90,2026-03-14 18:08:06
1911,1020,23,32,38,36.65,50.21,55.30,1008.92,2026-03-14 18:08:09
1912,1016,23,32,38,36.64,50.31,55.30,1008.94,2026-03-14 18:08:13
1913,1023,23,32,38,36.62,50.31,56.68,1008.94,2026-03-14 18:08:16
1914,1038,23,32,38,36.62,50.41,57.14,1008.91,2026-03-14 18:08:19
1915,1045,23,32,38,36.62,50.41,55.76,1008.90,2026-03-14 18:08:22
1916,1046,23,32,38,36.54,50.41,55.30,1008.91,2026-03-14 18:08:25
1917,1031,23,32,38,36.62,50.51,55.30,1008.92,2026-03-14 18:08:28
1918,1017,23,32,38,36.64,50.41,56.68,1008.96,2026-03-14 18:08:32
1919,1011,23,32,38,36.59,50.41,56.68,1008.91,2026-03-14 18:08:35
1920,1017,23,32,38,36.59,50.41,56.22,1008.94,2026-03-14 18:08:38
1921,1027,23,32,38,36.65,50.41,56.22,1008.90,2026-03-14 18:08:41
1922,1037,23,32,38,36.62,50.41,55.30,1008.92,2026-03-14 18:08:44
1923,1020,23,32,38,36.64,50.31,55.30,1008.94,2026-03-14 18:08:47
1924,1000,23,32,38,36.64,50.31,56.68,1008.94,2026-03-14 18:08:51
1925,988,23,32,38,36.65,50.31,54.84,1008.89,2026-03-14 18:08:54
1926,983,23,32,38,36.65,50.21,56.22,1008.93,2026-03-14 18:08:57
1927,993,23,32,38,36.68,49.92,56.22,1008.89,2026-03-14 18:09:00
1928,1000,23,32,38,36.71,49.82,55.30,1008.90,2026-03-14 18:09:03
1929,1010,23,32,38,36.71,49.82,54.84,1008.90,2026-03-14 18:09:06
1930,1077,23,32,38,36.71,49.82,55.30,1008.90,2026-03-14 18:09:10
1931,1198,23,32,38,36.71,49.82,54.84,1008.91,2026-03-14 18:09:13
1932,1239,20,32,38,36.71,49.82,56.22,1008.92,2026-03-14 18:09:16
1933,1212,20,32,38,36.69,49.63,54.84,1008.95,2026-03-14 18:09:19
1934,1316,20,32,38,36.71,49.63,54.84,1008.92,2026-03-14 18:09:22
1935,1481,19,31,38,36.71,49.63,55.30,1008.96,2026-03-14 18:09:25
1936,1552,19,31,38,36.76,49.54,54.37,1008.92,2026-03-14 18:09:28
1937,1499,19,31,38,36.75,49.54,54.84,1008.92,2026-03-14 18:09:32
1938,1421,19,31,38,36.75,49.54,54.84,1008.97,2026-03-14 18:09:35
1939,1362,19,31,38,36.76,49.54,56.22,1008.98,2026-03-14 18:09:38
1940,1311,19,31,38,36.76,49.54,56.22,1008.94,2026-03-14 18:09:41
1941,1360,19,31,38,36.78,49.51,54.84,1008.96,2026-03-14 18:09:44
1942,1505,19,31,38,36.76,49.54,56.22,1008.96,2026-03-14 18:09:47
1943,1571,19,31,38,36.72,49.54,56.22,1008.95,2026-03-14 18:09:51
1944,1578,19,31,38,36.73,49.54,54.37,1008.94,2026-03-14 18:09:54
1945,1523,19,31,38,36.73,49.54,55.76,1008.94,2026-03-14 18:09:57
1946,1415,19,31,38,36.73,49.54,56.22,1008.94,2026-03-14 18:10:00
1947,1383,19,31,38,36.73,49.54,55.76,1008.91,2026-03-14 18:10:03
1948,1500,19,31,38,36.71,49.54,54.84,1008.99,2026-03-14 18:10:06
1949,1528,19,31,38,36.71,49.44,54.84,1008.95,2026-03-14 18:10:09
1950,1387,19,31,38,36.68,49.44,56.68,1008.94,2026-03-14 18:10:13
1951,1273,19,31,38,36.69,49.44,55.76,1008.97,2026-03-14 18:10:16
1952,1188,19,31,38,36.69,49.54,55.76,1008.98,2026-03-14 18:10:19
1953,1130,19,31,38,36.69,49.54,54.37,1008.98,2026-03-14 18:10:22
1954,1100,19,31,38,36.69,49.54,56.68,1008.95,2026-03-14 18:10:25
1955,1078,19,31,38,36.68,49.54,53.91,1008.96,2026-03-14 18:10:29
1956,1072,19,31,38,36.65,49.54,54.84,1008.95,2026-03-14 18:10:32
1957,1047,19,31,38,36.62,49.54,53.91,1008.97,2026-03-14 18:10:35
1958,1016,19,31,38,36.68,49.54,53.91,1008.92,2026-03-14 18:10:38
1959,996,19,31,38,36.62,49.54,55.30,1008.96,2026-03-14 18:10:41
1960,993,19,31,38,36.62,49.54,56.22,1009.00,2026-03-14 18:10:45
1961,1010,19,31,38,36.60,49.54,55.30,1008.94,2026-03-14 18:10:48
1962,1022,19,31,38,36.62,49.54,54.37,1009.01,2026-03-14 18:10:51
1963,1000,19,31,38,36.64,49.54,55.30,1009.00,2026-03-14 18:10:54
1964,983,19,31,38,36.59,49.44,56.22,1008.99,2026-03-14 18:10:58
1965,962,19,31,38,36.59,49.54,56.22,1008.96,2026-03-14 18:11:01
1966,957,19,31,38,36.56,49.54,54.37,1008.99,2026-03-14 18:11:04
1967,958,19,31,38,36.51,49.82,55.30,1008.98,2026-03-14 18:11:07
1968,958,19,31,38,36.51,49.82,54.37,1009.00,2026-03-14 18:11:10
1969,965,19,31,38,36.53,49.82,55.30,1009.00,2026-03-14 18:11:14
1970,968,19,31,38,36.51,49.82,56.22,1009.01,2026-03-14 18:11:17
1971,959,19,31,38,36.53,49.82,55.76,1009.01,2026-03-14 18:11:20
1972,952,19,31,38,36.53,49.82,54.37,1009.01,2026-03-14 18:11:23
1973,951,19,31,38,36.51,49.73,54.37,1008.97,2026-03-14 18:11:26
1974,961,19,31,38,36.53,49.73,55.76,1009.00,2026-03-14 18:11:29
1975,965,19,31,38,36.51,49.73,54.84,1008.93,2026-03-14 18:11:32
1976,967,19,31,38,36.54,49.73,56.22,1008.96,2026-03-14 18:11:36
1977,956,19,31,38,36.49,49.85,54.37,1009.02,2026-03-14 18:11:39
1978,946,19,31,38,36.50,49.85,54.84,1008.99,2026-03-14 18:11:42
1979,935,19,31,38,36.47,49.85,53.45,1009.02,2026-03-14 18:11:45
1980,939,19,31,38,36.43,49.95,55.76,1009.00,2026-03-14 18:11:48
1981,948,19,31,38,36.44,50.04,55.76,1008.96,2026-03-14 18:11:51
1982,954,19,31,38,36.41,50.04,54.37,1008.96,2026-03-14 18:11:55
1983,959,19,31,38,36.44,50.04,55.76,1009.01,2026-03-14 18:11:58
1984,956,19,31,38,36.47,50.04,55.30,1008.99,2026-03-14 18:12:01
1985,947,19,31,38,36.47,50.04,53.91,1009.01,2026-03-14 18:12:04
1986,940,19,31,38,36.47,50.04,53.91,1008.95,2026-03-14 18:12:07
1987,954,19,31,38,36.49,49.95,56.22,1008.96,2026-03-14 18:12:10
1988,969,19,31,38,36.47,49.95,55.30,1008.99,2026-03-14 18:12:13
1989,973,19,31,38,36.47,49.95,53.91,1008.99,2026-03-14 18:12:17
1990,970,19,31,38,36.47,49.95,53.91,1009.01,2026-03-14 18:12:20
1991,956,19,31,38,36.46,49.95,54.37,1008.96,2026-03-14 18:12:23
1992,950,19,31,38,36.47,49.95,55.30,1008.96,2026-03-14 18:12:26
1993,942,19,31,38,36.50,49.95,55.76,1008.96,2026-03-14 18:12:29
1994,949,19,31,38,36.49,49.95,53.45,1009.00,2026-03-14 18:12:32
1995,959,19,31,38,36.49,49.95,55.76,1009.00,2026-03-14 18:12:36
1996,962,19,31,38,36.49,49.95,54.37,1008.98,2026-03-14 18:12:39
1997,965,19,31,38,36.47,49.95,54.84,1008.99,2026-03-14 18:12:42
1998,955,19,31,38,36.53,50.02,53.45,1008.97,2026-03-14 18:12:45
1999,943,19,31,38,36.54,50.02,52.99,1008.95,2026-03-14 18:12:48
2000,941,19,31,38,36.53,49.92,54.37,1008.98,2026-03-14 18:12:51
2001,948,19,31,38,36.54,49.92,54.37,1008.98,2026-03-14 18:12:55
2002,955,19,31,38,36.56,49.73,55.30,1008.99,2026-03-14 18:12:58
2003,959,19,31,38,36.60,49.73,55.30,1008.94,2026-03-14 18:13:01
2004,948,19,31,38,36.59,49.73,55.30,1008.95,2026-03-14 18:13:04
2005,935,19,31,38,36.56,49.73,55.30,1009.00,2026-03-14 18:13:07
2006,928,19,31,38,36.60,49.73,55.30,1009.01,2026-03-14 18:13:10
2007,935,19,31,38,36.60,49.63,53.91,1008.97,2026-03-14 18:13:14
2008,996,19,31,38,36.64,49.63,53.45,1008.90,2026-03-14 18:13:17
2009,1157,19,31,38,36.62,49.63,54.84,1008.98,2026-03-14 18:13:20
2010,1279,19,31,38,36.56,49.63,53.45,1008.99,2026-03-14 18:13:23
2011,1324,19,31,38,36.56,49.73,54.37,1009.00,2026-03-14 18:13:26
2012,1299,19,31,38,36.54,49.73,55.30,1008.99,2026-03-14 18:13:29
2013,1220,19,31,38,36.54,49.73,54.37,1009.00,2026-03-14 18:13:33
2014,1178,19,31,38,36.51,49.73,55.30,1008.98,2026-03-14 18:13:36
2015,1193,19,31,38,36.57,49.73,53.91,1008.99,2026-03-14 18:13:39
2016,1306,19,31,38,36.57,49.73,54.37,1009.01,2026-03-14 18:13:42
2017,1336,19,31,38,36.54,49.54,54.37,1008.97,2026-03-14 18:13:45
2018,1529,19,31,38,36.57,49.54,55.30,1008.99,2026-03-14 18:13:48
2019,1406,19,31,38,36.56,49.54,53.91,1008.99,2026-03-14 18:13:51
2020,1288,19,31,38,36.57,49.54,52.99,1009.01,2026-03-14 18:13:55
2021,1282,19,31,38,36.56,49.54,52.99,1009.00,2026-03-14 18:13:58
2022,1287,19,31,38,36.60,49.44,52.53,1008.96,2026-03-14 18:14:01
2023,1339,19,31,38,36.59,49.24,53.91,1008.97,2026-03-14 18:14:04
2024,1339,19,31,38,36.59,49.15,54.84,1008.98,2026-03-14 18:14:07
2025,1336,19,31,38,36.56,49.15,54.84,1008.96,2026-03-14 18:14:10
2026,1249,19,31,38,36.56,49.15,53.91,1008.96,2026-03-14 18:14:13
2027,1165,19,31,38,36.59,49.15,52.99,1008.98,2026-03-14 18:14:17
2028,1158,19,31,38,36.59,49.15,53.45,1009.01,2026-03-14 18:14:20
2029,1180,19,31,38,36.57,49.15,52.53,1009.01,2026-03-14 18:14:23
2030,1248,19,31,38,36.56,49.05,53.91,1008.98,2026-03-14 18:14:26
2031,1254,19,31,38,36.50,49.17,54.84,1008.94,2026-03-14 18:14:29
2032,1205,19,31,38,36.47,49.27,52.99,1008.99,2026-03-14 18:14:32
2033,1109,19,31,38,36.47,49.27,52.99,1008.99,2026-03-14 18:14:36
2034,1070,19,31,38,36.46,49.27,53.45,1008.95,2026-03-14 18:14:39
2035,1106,19,31,38,36.47,49.27,52.53,1008.96,2026-03-14 18:14:42
2036,1142,19,31,38,36.50,49.27,54.84,1008.98,2026-03-14 18:14:45
2037,1206,19,31,38,36.49,49.37,52.53,1009.02,2026-03-14 18:14:48
2038,1221,19,31,38,36.50,49.37,52.53,1009.01,2026-03-14 18:14:51
2039,1182,19,31,38,36.50,49.37,53.91,1008.95,2026-03-14 18:14:55
2040,1112,19,31,38,36.47,49.37,54.84,1009.01,2026-03-14 18:14:58
2041,1069,19,31,38,36.44,49.46,54.84,1008.94,2026-03-14 18:15:01
2042,1139,19,31,38,36.46,49.46,54.84,1009.00,2026-03-14 18:15:04
2043,1263,19,31,38,36.47,49.37,54.37,1008.92,2026-03-14 18:15:07
2044,1374,19,31,38,36.50,49.37,52.53,1008.93,2026-03-14 18:15:10
2045,1314,19,31,38,36.44,49.37,52.53,1008.96,2026-03-14 18:15:13
2046,1212,19,31,38,36.46,49.37,54.37,1009.01,2026-03-14 18:15:17
2047,1129,19,31,38,36.46,49.37,53.45,1009.00,2026-03-14 18:15:20
2048,1099,19,31,38,36.47,49.46,54.84,1008.98,2026-03-14 18:15:23
2049,1182,19,31,38,36.44,49.46,52.07,1008.99,2026-03-14 18:15:26
2050,1211,19,31,38,36.46,49.46,53.45,1008.96,2026-03-14 18:15:29
2051,1247,19,31,38,36.39,49.46,54.37,1008.96,2026-03-14 18:15:32
2052,1168,19,31,38,36.43,49.56,53.91,1008.96,2026-03-14 18:15:36
2053,1113,19,31,38,36.43,49.46,53.91,1009.00,2026-03-14 18:15:39
2054,1057,19,31,38,36.41,49.46,54.37,1009.00,2026-03-14 18:15:42
2055,1058,19,31,38,36.39,49.46,52.99,1009.00,2026-03-14 18:15:45
2056,1160,19,31,38,36.39,49.56,52.99,1008.98,2026-03-14 18:15:48
2057,1165,19,31,38,36.39,49.56,53.91,1008.97,2026-03-14 18:15:51
2058,1115,19,31,38,36.41,49.56,52.07,1008.93,2026-03-14 18:15:55
2059,1053,19,31,38,36.43,49.56,54.37,1008.98,2026-03-14 18:15:58
2060,1005,19,31,38,36.43,49.56,53.45,1008.97,2026-03-14 18:16:01
2061,990,21,30,37,36.41,49.56,53.45,1008.94,2026-03-14 18:16:04
2062,989,21,30,37,36.43,49.56,52.99,1008.99,2026-03-14 18:16:07
2063,991,21,30,37,36.38,49.56,52.53,1008.98,2026-03-14 18:16:10
2064,1000,21,29,37,36.37,49.66,52.07,1008.99,2026-03-14 18:16:13
2065,1048,21,29,37,36.37,49.76,52.99,1008.95,2026-03-14 18:16:17
2066,1085,21,29,37,36.35,49.76,54.37,1009.01,2026-03-14 18:16:20
2067,1035,21,29,37,36.37,49.76,52.99,1009.01,2026-03-14 18:16:23
2068,1002,21,29,37,36.39,49.76,51.61,1009.04,2026-03-14 18:16:26
2069,1008,21,29,37,36.38,49.76,53.45,1009.02,2026-03-14 18:16:29
2070,1062,21,29,37,36.41,49.66,54.37,1008.99,2026-03-14 18:16:32
2071,1052,21,29,37,36.41,49.66,52.99,1008.99,2026-03-14 18:16:36
2072,1043,21,29,37,36.39,49.66,52.07,1008.96,2026-03-14 18:16:39
2073,995,21,29,37,36.43,49.66,53.91,1008.98,2026-03-14 18:16:42
2074,975,21,29,37,36.37,49.66,52.53,1009.03,2026-03-14 18:16:45
2075,975,21,29,37,36.35,49.76,52.53,1009.02,2026-03-14 18:16:48
2076,982,21,29,37,36.34,49.95,52.07,1009.01,2026-03-14 18:16:51
2077,992,21,29,37,36.32,50.04,52.07,1008.98,2026-03-14 18:16:55
2078,1014,21,29,37,36.31,49.95,52.99,1008.98,2026-03-14 18:16:58
2079,1141,21,29,37,36.31,50.04,53.91,1009.00,2026-03-14 18:17:01
2080,1077,21,29,37,36.29,50.04,52.07,1008.96,2026-03-14 18:17:04
2081,1022,21,29,37,36.31,50.04,51.61,1008.96,2026-03-14 18:17:07
2082,1008,21,29,37,36.34,50.14,51.61,1008.98,2026-03-14 18:17:10
2083,1006,21,29,37,36.35,50.14,53.45,1008.99,2026-03-14 18:17:14
2084,1005,21,29,37,36.34,50.14,53.45,1008.99,2026-03-14 18:17:17
2085,989,21,29,37,36.38,50.14,52.53,1008.99,2026-03-14 18:17:20
2086,967,21,29,37,36.34,50.14,52.53,1008.99,2026-03-14 18:17:23
2087,961,21,29,37,36.35,50.24,51.61,1008.96,2026-03-14 18:17:26
2088,963,21,29,37,36.37,50.24,52.53,1008.95,2026-03-14 18:17:29
2089,994,21,29,37,36.32,50.24,51.15,1008.96,2026-03-14 18:17:32
2090,1011,21,29,37,36.31,50.24,50.69,1009.05,2026-03-14 18:17:36
2091,1018,21,29,37,36.32,50.24,52.99,1008.95,2026-03-14 18:17:39
2092,1019,21,29,37,36.34,50.24,52.53,1008.98,2026-03-14 18:17:42
2093,1001,21,29,37,36.31,50.34,53.45,1008.97,2026-03-14 18:17:45
2094,1001,21,29,37,36.31,50.43,52.99,1008.95,2026-03-14 18:17:48
2095,1012,21,29,37,36.34,50.43,52.99,1008.97,2026-03-14 18:17:51
2096,1066,21,29,37,36.32,50.43,51.15,1008.98,2026-03-14 18:17:55
2097,1093,21,29,37,36.31,50.53,53.45,1008.95,2026-03-14 18:17:58
2098,1243,21,29,37,36.31,50.53,51.61,1009.01,2026-03-14 18:18:01
2099,1165,21,29,37,36.32,50.53,52.99,1009.01,2026-03-14 18:18:04
2100,1094,21,29,37,36.32,50.53,52.53,1009.02,2026-03-14 18:18:07
2101,1048,21,29,37,36.31,50.53,52.99,1009.00,2026-03-14 18:18:10
2102,1027,21,29,37,36.37,50.53,52.99,1008.94,2026-03-14 18:18:13
2103,1045,21,29,37,36.37,50.53,51.15,1008.98,2026-03-14 18:18:17
2104,1062,21,29,37,36.38,50.43,52.07,1008.97,2026-03-14 18:18:20
2105,1232,21,29,37,36.38,50.43,52.99,1008.97,2026-03-14 18:18:23
2106,1174,21,29,37,36.38,50.43,52.99,1008.93,2026-03-14 18:18:26
2107,1137,21,29,37,36.39,50.43,51.61,1008.94,2026-03-14 18:18:29
2108,1102,21,29,37,36.41,50.43,53.45,1009.00,2026-03-14 18:18:32
2109,1102,21,29,37,36.34,50.43,51.61,1008.99,2026-03-14 18:18:36
2110,1206,21,29,37,36.34,50.43,51.15,1009.01,2026-03-14 18:18:39
2111,1285,21,29,37,36.37,50.43,50.69,1009.03,2026-03-14 18:18:42
2112,1274,21,29,37,36.41,50.43,50.23,1008.99,2026-03-14 18:18:45
2113,1183,21,29,37,36.39,50.43,50.23,1009.02,2026-03-14 18:18:48
2114,1146,21,29,37,36.39,50.43,50.69,1009.02,2026-03-14 18:18:51
2115,1125,21,29,37,36.41,50.34,52.53,1008.97,2026-03-14 18:18:54
2116,1192,21,29,37,36.41,50.34,52.99,1008.99,2026-03-14 18:18:58
2117,1196,21,29,37,36.41,50.34,30.87,1008.99,2026-03-14 18:19:04
2118,1158,21,29,37,36.43,50.34,27.65,1009.00,2026-03-14 18:19:07
2119,1102,21,29,37,36.37,50.73,2.76,1009.29,2026-03-14 18:19:10
2120,1058,21,29,37,35.84,71.30,4.15,1010.02,2026-03-14 18:19:13
2121,1024,21,29,37,35.82,72.17,4.15,1009.72,2026-03-14 18:19:17
2122,1016,21,29,37,35.85,80.35,17.51,1008.93,2026-03-14 18:19:20
2123,1020,21,29,37,35.87,79.76,17.97,1008.95,2026-03-14 18:19:23
2124,1018,19,29,32,35.97,66.53,50.69,1008.95,2026-03-14 18:19:26
2125,992,19,29,32,36.03,56.59,52.53,1008.96,2026-03-14 18:19:29
2126,978,19,29,32,36.01,54.64,50.23,1008.99,2026-03-14 18:19:33
2127,970,19,29,32,36.09,52.79,52.99,1008.98,2026-03-14 18:19:36
2128,1075,19,29,32,36.15,52.01,50.69,1009.01,2026-03-14 18:19:39
2129,1122,19,29,32,36.15,51.72,52.53,1008.97,2026-03-14 18:19:42
2130,1099,19,29,32,36.17,51.53,52.53,1009.00,2026-03-14 18:19:45
2131,1073,19,29,32,36.17,51.23,50.23,1008.97,2026-03-14 18:19:48
2132,1033,19,29,32,36.20,51.14,40.09,1008.97,2026-03-14 18:19:52
2133,994,19,29,32,36.20,51.04,51.61,1008.97,2026-03-14 18:19:55
2134,971,19,29,32,36.20,50.95,50.23,1008.96,2026-03-14 18:19:58
2135,967,19,29,32,36.22,50.95,50.69,1009.01,2026-03-14 18:20:01
2136,974,19,29,32,36.23,50.95,50.23,1008.98,2026-03-14 18:20:04
2137,979,19,29,32,36.22,50.95,51.61,1008.95,2026-03-14 18:20:07
2138,973,19,29,32,36.25,50.75,52.53,1009.03,2026-03-14 18:20:10
2139,969,19,29,32,36.25,50.65,51.15,1009.05,2026-03-14 18:20:14
2140,973,19,29,32,36.25,50.65,49.77,1009.05,2026-03-14 18:20:17
2141,1075,19,29,32,36.25,50.56,51.61,1009.04,2026-03-14 18:20:20
2142,1094,19,29,32,36.28,50.14,50.23,1008.99,2026-03-14 18:20:23
2143,1159,19,29,32,36.32,50.04,52.53,1008.99,2026-03-14 18:20:26
2144,1258,19,29,32,36.35,49.76,51.61,1009.00,2026-03-14 18:20:29
2145,1356,19,29,32,36.34,49.76,52.07,1009.05,2026-03-14 18:20:33
2146,1387,19,29,32,36.32,49.76,50.69,1008.98,2026-03-14 18:20:36
2147,1287,19,29,32,36.32,49.66,52.53,1008.99,2026-03-14 18:20:40
2148,1224,19,29,32,36.37,49.56,52.07,1009.04,2026-03-14 18:20:43
2149,1220,19,29,32,36.37,49.56,51.61,1009.04,2026-03-14 18:20:46
2150,1328,19,29,32,36.37,49.56,50.23,1009.03,2026-03-14 18:20:49
2151,1391,19,29,32,36.38,49.46,50.69,1008.99,2026-03-14 18:20:53
2152,1388,19,29,32,36.37,49.37,50.23,1009.06,2026-03-14 18:20:56
2153,1278,19,29,32,36.34,49.37,49.77,1009.01,2026-03-14 18:20:59
2154,1188,19,29,32,36.35,49.27,51.61,1009.03,2026-03-14 18:21:02
2155,1167,19,29,32,36.35,49.27,50.23,1009.01,2026-03-14 18:21:05
2156,1205,19,29,32,36.38,49.27,52.07,1009.01,2026-03-14 18:21:09
2157,1343,19,29,32,36.35,49.37,50.23,1009.04,2026-03-14 18:21:12
2158,1458,19,29,32,36.32,49.37,50.23,1009.06,2026-03-14 18:21:15
2159,1474,19,29,32,36.32,49.37,50.23,1009.06,2026-03-14 18:21:18
2160,1412,19,29,32,36.32,49.37,51.61,1009.06,2026-03-14 18:21:21
2161,1305,19,29,32,36.34,49.27,51.61,1009.04,2026-03-14 18:21:24
2162,1267,19,29,32,36.28,49.46,51.15,1008.99,2026-03-14 18:21:28
2163,1313,19,29,32,36.19,49.58,50.69,1008.99,2026-03-14 18:21:31
2164,1377,19,29,32,36.22,49.68,52.07,1009.01,2026-03-14 18:21:34
2165,1404,19,29,32,36.22,49.68,51.15,1009.01,2026-03-14 18:21:37
2166,1317,19,29,32,36.20,49.68,49.77,1009.01,2026-03-14 18:21:40
2167,1222,19,29,32,36.23,49.68,49.77,1009.04,2026-03-14 18:21:43
2168,1156,19,29,32,36.25,49.68,51.15,1009.04,2026-03-14 18:21:47
2169,1161,19,29,32,36.28,49.56,50.23,1008.98,2026-03-14 18:21:50
2170,1269,19,29,32,36.27,49.58,51.61,1009.02,2026-03-14 18:21:53
2171,1404,19,29,32,36.27,49.58,51.61,1009.00,2026-03-14 18:21:56
2172,1484,19,29,32,36.22,49.68,51.61,1009.02,2026-03-14 18:21:59
2173,1468,19,29,32,36.22,49.68,50.23,1009.02,2026-03-14 18:22:02
2174,1324,19,29,32,36.23,49.78,50.23,1009.04,2026-03-14 18:22:05
2175,1249,19,29,32,36.27,49.68,50.69,1009.03,2026-03-14 18:22:08
2176,1271,19,29,32,36.27,49.68,49.31,1009.03,2026-03-14 18:22:12
2177,1349,19,29,32,36.23,49.68,49.77,1009.02,2026-03-14 18:22:15
2178,1402,19,29,32,36.27,49.68,51.15,1009.07,2026-03-14 18:22:18
2179,1397,19,29,32,36.25,49.68,49.31,1009.04,2026-03-14 18:22:22
2180,1285,19,29,32,36.23,49.78,49.77,1009.00,2026-03-14 18:22:25
2181,1190,19,29,32,36.23,49.78,49.77,1009.02,2026-03-14 18:22:28
2182,1166,19,29,32,36.22,49.78,50.69,1009.02,2026-03-14 18:22:32
2183,1221,19,29,32,36.22,49.78,49.77,1009.00,2026-03-14 18:22:35
2184,1288,19,29,32,36.22,49.78,50.23,1009.00,2026-03-14 18:22:38
2185,1310,19,29,32,36.22,49.78,50.69,1009.03,2026-03-14 18:22:41
2186,1268,19,29,32,36.25,49.78,49.77,1009.03,2026-03-14 18:22:44
2187,1192,19,29,32,36.27,49.78,49.77,1009.03,2026-03-14 18:22:47
2188,1111,20,30,36,36.28,49.76,50.23,1009.05,2026-03-14 18:22:51
2189,1116,20,30,37,36.27,49.68,50.69,1009.03,2026-03-14 18:22:54
2190,1170,20,30,37,36.27,49.49,50.69,1009.02,2026-03-14 18:22:57
2191,1232,20,30,37,36.27,49.49,51.61,1009.01,2026-03-14 18:23:00
2192,1272,20,30,37,36.28,49.46,49.77,1009.05,2026-03-14 18:23:03
2193,1228,20,30,37,36.31,49.27,51.15,1009.05,2026-03-14 18:23:06
2194,1150,20,30,37,36.32,49.27,49.77,1009.05,2026-03-14 18:23:09
2195,1099,20,30,37,36.32,49.27,51.15,1009.01,2026-03-14 18:23:13
2196,1114,20,30,37,36.31,49.27,49.77,1009.00,2026-03-14 18:23:16
2197,1187,20,30,37,36.34,49.27,49.31,1009.05,2026-03-14 18:23:19
2198,1304,20,30,37,36.32,49.27,50.69,1009.03,2026-03-14 18:23:22
2199,1341,20,30,37,36.31,49.27,51.15,1009.06,2026-03-14 18:23:25
2200,1337,20,30,37,36.31,49.17,48.84,1009.06,2026-03-14 18:23:28
2201,1242,20,30,37,36.28,49.37,50.23,1009.02,2026-03-14 18:23:31
2202,1167,20,30,37,36.28,49.37,48.84,1009.04,2026-03-14 18:23:35
2203,1180,20,30,37,36.27,49.39,51.15,1009.01,2026-03-14 18:23:38
2204,1209,20,30,37,36.23,49.49,49.31,1009.04,2026-03-14 18:23:41
2205,1311,20,30,37,36.16,49.68,51.15,1009.06,2026-03-14 18:23:44
2206,1310,20,30,37,36.13,49.78,49.31,1009.04,2026-03-14 18:23:47
2207,1238,20,30,37,36.15,49.78,48.84,1009.02,2026-03-14 18:23:50
2208,1158,20,30,37,36.15,49.78,48.84,1009.04,2026-03-14 18:23:54
2209,1126,20,30,37,36.16,49.78,50.23,1009.03,2026-03-14 18:23:57
2210,1175,20,30,37,36.15,49.78,49.31,1009.05,2026-03-14 18:24:00
2211,1235,20,30,37,36.12,49.87,49.77,1008.99,2026-03-14 18:24:03
2212,1286,20,30,37,36.12,49.87,48.84,1009.06,2026-03-14 18:24:06
2213,1266,20,30,37,36.13,49.87,49.31,1009.06,2026-03-14 18:24:09
2214,1222,20,30,37,36.13,49.97,50.69,1009.06,2026-03-14 18:24:13
2215,1147,20,30,37,36.15,49.97,49.31,1009.02,2026-03-14 18:24:16
2216,1122,20,30,37,36.13,49.97,48.84,1009.04,2026-03-14 18:24:19
2217,1203,20,30,37,36.15,49.97,50.23,1009.04,2026-03-14 18:24:22
2218,1272,20,30,37,36.15,49.97,50.23,1009.04,2026-03-14 18:24:25
2219,1291,20,30,37,36.15,49.87,48.84,1008.98,2026-03-14 18:24:29
2220,1230,20,30,37,36.25,49.68,48.38,1009.10,2026-03-14 18:24:32
2221,1143,20,30,37,36.25,49.68,49.77,1009.10,2026-03-14 18:24:35
2222,1103,20,30,37,36.25,49.68,50.69,1009.06,2026-03-14 18:24:38
2223,1103,20,30,37,36.28,49.56,49.31,1009.07,2026-03-14 18:24:41
2224,1195,20,30,37,36.27,49.49,48.84,1009.02,2026-03-14 18:24:44
2225,1286,20,30,37,36.27,49.49,29.95,1009.03,2026-03-14 18:24:48
2226,1321,20,30,37,36.20,49.49,47.92,1009.08,2026-03-14 18:24:51
2227,1300,20,30,37,36.17,49.68,49.31,1009.06,2026-03-14 18:24:54
2228,1207,20,30,37,36.17,49.68,47.92,1009.08,2026-03-14 18:24:57
2229,1158,20,30,37,36.20,49.68,49.77,1009.09,2026-03-14 18:25:00
2230,1160,20,30,37,36.22,49.78,48.38,1009.05,2026-03-14 18:25:03
2231,1255,20,30,37,36.22,49.78,47.46,1009.05,2026-03-14 18:25:07
2232,1284,20,30,37,36.20,49.78,48.38,1009.04,2026-03-14 18:25:10
2233,1247,20,30,37,36.28,49.56,47.92,1009.01,2026-03-14 18:25:13
2234,1175,20,30,37,36.28,49.56,49.77,1009.05,2026-03-14 18:25:16
2235,1116,20,30,37,36.29,49.56,48.38,1009.05,2026-03-14 18:25:19
2236,1119,20,30,37,36.29,49.56,47.92,1009.01,2026-03-14 18:25:22
2237,1176,20,30,37,36.32,49.56,50.23,1009.06,2026-03-14 18:25:26
2238,1256,20,30,37,36.32,49.37,47.92,1009.08,2026-03-14 18:25:29
2239,1342,20,30,37,36.32,49.37,48.38,1009.06,2026-03-14 18:25:32
2240,1324,20,30,37,36.32,49.37,47.46,1009.12,2026-03-14 18:25:35
2241,1248,20,30,37,36.32,49.37,47.92,1009.10,2026-03-14 18:25:38
2242,1180,20,30,37,36.37,49.37,47.92,1009.06,2026-03-14 18:25:42
2243,1203,20,30,37,36.25,49.49,47.92,1009.07,2026-03-14 18:25:45
2244,1304,20,30,37,36.27,49.58,49.31,1009.09,2026-03-14 18:25:48
2245,1358,20,30,37,36.25,49.58,47.92,1009.07,2026-03-14 18:25:51
2246,1368,20,30,37,36.25,49.58,47.92,1009.09,2026-03-14 18:25:55
2247,1283,20,30,37,36.27,49.68,47.46,1009.10,2026-03-14 18:25:58
2248,1215,20,30,37,36.25,49.68,48.38,1009.10,2026-03-14 18:26:01
2249,1222,20,30,37,36.27,49.68,49.77,1009.11,2026-03-14 18:26:04
2250,1335,20,30,37,36.29,49.66,49.31,1009.04,2026-03-14 18:26:07
2251,1507,20,30,37,36.29,49.76,49.77,1009.07,2026-03-14 18:26:10
2252,1584,20,30,36,36.29,49.66,48.38,1009.14,2026-03-14 18:26:13
2253,1673,20,30,36,36.28,49.66,49.77,1009.10,2026-03-14 18:26:17
2254,1547,20,30,35,36.28,49.66,47.92,1009.06,2026-03-14 18:26:20
2255,1404,20,30,35,36.28,49.66,48.84,1009.09,2026-03-14 18:26:23
2256,1343,20,30,35,36.31,49.76,48.38,1009.10,2026-03-14 18:26:26
2257,1454,20,30,35,36.31,49.76,49.77,1009.06,2026-03-14 18:26:29
2258,1580,20,30,35,36.31,49.76,48.84,1009.08,2026-03-14 18:26:33
2259,1692,20,30,35,36.31,49.76,49.77,1009.04,2026-03-14 18:26:36
2260,1584,20,30,35,36.32,49.76,48.38,1009.06,2026-03-14 18:26:39
2261,1433,20,30,35,36.31,49.76,49.77,1009.11,2026-03-14 18:26:42
2262,1332,20,30,35,36.29,49.76,47.92,1009.11,2026-03-14 18:26:45
2263,1315,20,30,35,36.29,49.76,49.77,1009.09,2026-03-14 18:26:48
2264,1415,20,30,35,36.31,49.76,49.31,1009.08,2026-03-14 18:26:52
2265,1581,20,30,35,36.31,49.76,47.46,1009.05,2026-03-14 18:26:55
2266,1634,20,30,35,36.31,49.76,47.46,1009.06,2026-03-14 18:26:58
2267,1532,20,30,35,36.34,49.76,47.92,1009.08,2026-03-14 18:27:01
2268,1363,20,30,35,36.34,49.76,47.00,1009.08,2026-03-14 18:27:04
2269,1240,20,30,35,36.31,49.76,47.46,1009.07,2026-03-14 18:27:07
2270,1234,20,30,35,36.35,49.95,49.31,1009.09,2026-03-14 18:27:11
2271,1271,20,30,35,36.32,49.85,47.46,1009.13,2026-03-14 18:27:14
2272,1227,20,30,35,36.35,49.76,48.38,1009.07,2026-03-14 18:27:17
2273,1166,20,30,35,36.34,49.76,47.46,1009.15,2026-03-14 18:27:20
2274,1113,20,30,35,36.34,49.76,49.31,1009.10,2026-03-14 18:27:23
2275,1085,20,30,35,36.39,49.66,48.84,1009.04,2026-03-14 18:27:27
2276,1111,20,30,35,36.38,49.66,47.00,1009.07,2026-03-14 18:27:30
2277,1356,20,30,35,36.43,49.66,47.00,1009.10,2026-03-14 18:27:33
2278,1622,20,30,35,36.44,49.66,47.92,1009.09,2026-03-14 18:27:36
2279,1839,20,30,35,36.44,49.66,46.54,1009.07,2026-03-14 18:27:40
2280,1840,20,30,35,36.47,49.76,44.70,1009.14,2026-03-14 18:27:43
2281,1611,20,30,35,36.44,49.76,48.38,1009.10,2026-03-14 18:27:46
2282,1480,20,30,35,36.44,49.76,48.38,1009.09,2026-03-14 18:27:49
2283,1452,20,30,35,36.46,49.76,47.00,1009.09,2026-03-14 18:27:52
2284,1395,20,30,35,36.47,49.66,47.46,1009.03,2026-03-14 18:27:56
2285,1382,20,30,35,36.49,49.66,47.92,1009.09,2026-03-14 18:27:59
2286,1402,20,30,35,36.47,49.76,47.92,1009.09,2026-03-14 18:28:02
2287,1344,20,30,35,36.47,49.76,47.46,1009.09,2026-03-14 18:28:05
2288,1241,20,30,35,36.49,4,48.38,1009.09,2026-03-14 18:28:08
2289,1179,20,30,35,36.47,49.76,48.84,1009.10,2026-03-14 18:28:11
2290,1146,20,30,35,36.44,49.76,48.38,1009.07,2026-03-14 18:28:15
2291,1120,20,30,35,36.44,49.76,43.78,1009.08,2026-03-14 18:28:18
2292,1104,20,30,35,36.39,49.85,45.62,1009.12,2026-03-14 18:28:21
2293,1057,20,30,35,36.44,49.95,47.92,1009.09,2026-03-14 18:28:24
2294,1017,20,30,35,36.44,49.95,48.38,1009.10,2026-03-14 18:28:28
2295,998,20,30,35,36.38,50.04,46.08,1009.10,2026-03-14 18:28:31
2296,996,20,30,35,36.37,50.04,47.00,1009.07,2026-03-14 18:28:34
2297,995,20,30,35,36.37,50.04,47.92,1009.07,2026-03-14 18:28:37
2298,1103,20,30,35,36.38,50.04,48.38,1009.12,2026-03-14 18:28:40
2299,1103,20,30,35,36.37,50.04,47.92,1009.10,2026-03-14 18:28:44
2300,1076,20,30,35,36.37,50.24,46.54,1009.11,2026-03-14 18:28:47
2301,1058,20,30,35,36.39,50.24,46.54,1009.14,2026-03-14 18:28:50
2302,1147,20,30,35,36.38,50.34,46.08,1009.12,2026-03-14 18:28:53
2303,1335,20,30,35,36.37,50.24,46.08,1009.11,2026-03-14 18:28:56
2304,1634,20,30,35,36.38,50.34,46.54,1009.10,2026-03-14 18:29:00
2305,1860,20,30,35,36.37,50.34,48.38,1009.10,2026-03-14 18:29:03
2306,1912,20,30,35,36.35,50.43,48.38,1009.11,2026-03-14 18:29:06
2307,2248,20,30,35,36.37,50.43,47.00,1009.10,2026-03-14 18:29:09
2308,2324,20,30,35,36.37,50.43,46.08,1009.05,2026-03-14 18:29:12
2309,2329,20,30,35,36.38,50.53,46.54,1009.11,2026-03-14 18:29:16
2310,2143,20,30,35,36.39,50.43,47.92,1009.15,2026-03-14 18:29:19
2311,2054,20,30,35,36.32,50.53,47.92,1009.11,2026-03-14 18:29:22
2312,1790,20,30,35,36.31,50.53,47.46,1009.16,2026-03-14 18:29:25
2313,1572,20,30,35,36.25,50.75,46.08,1009.12,2026-03-14 18:29:28
2314,1406,20,30,35,36.20,50.95,44.70,1009.11,2026-03-14 18:29:32
2315,1247,20,29,34,36.20,50.95,45.16,1009.11,2026-03-14 18:29:35
2316,1189,20,29,34,36.16,51.04,46.08,1009.16,2026-03-14 18:29:38
2317,1146,20,29,33,35.99,51.26,46.54,1009.16,2026-03-14 18:29:41
2318,1111,19,27,30,36.01,51.33,44.24,1009.14,2026-03-14 18:29:45
2319,1080,20,28,31,36.12,51.33,44.24,1009.13,2026-03-14 18:29:48
2320,1017,20,28,31,36.13,51.33,45.62,1009.15,2026-03-14 18:29:51
2321,987,20,28,31,36.08,51.14,47.92,1009.15,2026-03-14 18:29:54
2322,979,20,28,31,36.08,51.14,47.46,1009.15,2026-03-14 18:29:57
2323,988,20,28,31,36.07,51.14,48.38,1009.14,2026-03-14 18:30:01
2324,994,20,28,31,36.09,51.14,46.08,1009.14,2026-03-14 18:30:04
2325,981,20,28,31,36.07,51.14,47.00,1009.15,2026-03-14 18:30:07
2326,968,20,28,31,36.08,51.23,46.54,1009.13,2026-03-14 18:30:10
2327,955,20,28,31,36.07,51.23,46.08,1009.12,2026-03-14 18:30:14
2328,958,20,28,31,36.05,51.23,47.00,1009.14,2026-03-14 18:30:17
2329,969,20,28,31,36.07,51.23,46.54,1009.11,2026-03-14 18:30:20
2330,983,20,28,31,36.12,51.23,47.92,1009.11,2026-03-14 18:30:23
2331,998,20,28,31,36.09,51.23,47.00,1009.13,2026-03-14 18:30:26
2332,1007,20,28,31,36.08,51.33,45.62,1009.14,2026-03-14 18:30:30
2333,991,20,28,31,36.09,51.62,42.39,1009.16,2026-03-14 18:30:33
2334,979,20,28,31,36.08,51.53,41.01,1009.16,2026-03-14 18:30:36
2335,968,20,28,31,36.07,51.62,44.24,1009.15,2026-03-14 18:30:39
2336,973,20,28,31,36.09,51.62,41.01,1009.18,2026-03-14 18:30:42
2337,968,20,28,31,36.09,51.62,42.39,1009.12,2026-03-14 18:30:45
2338,958,20,28,31,36.09,51.62,44.24,1009.16,2026-03-14 18:30:48
2339,944,20,28,31,36.12,51.72,43.32,1009.15,2026-03-14 18:30:52
2340,937,20,28,31,36.13,51.72,42.85,1009.15,2026-03-14 18:30:55
2341,933,20,28,31,36.12,51.72,43.78,1009.15,2026-03-14 18:30:58
2342,943,20,28,31,36.12,51.62,43.32,1009.11,2026-03-14 18:31:01
2343,955,20,28,31,36.19,51.62,48.84,1009.13,2026-03-14 18:31:04
2344,970,20,28,31,36.19,51.62,47.92,1009.13,2026-03-14 18:31:07
2345,984,20,28,31,36.19,51.62,47.46,1009.13,2026-03-14 18:31:11
2346,982,20,28,31,36.16,51.62,46.08,1009.12,2026-03-14 18:31:14
2347,973,20,28,31,36.08,51.72,47.46,1009.10,2026-03-14 18:31:17
2348,962,20,28,31,36.08,51.82,47.92,1009.16,2026-03-14 18:31:20
2349,974,20,28,31,36.07,51.72,45.62,1009.16,2026-03-14 18:31:23
2350,987,20,28,31,36.07,51.82,47.92,1009.12,2026-03-14 18:31:27
2351,996,20,28,31,35.94,52.14,45.62,1009.12,2026-03-14 18:31:30
2352,999,20,28,31,35.93,52.23,47.46,1009.09,2026-03-14 18:31:33
2353,983,20,28,31,35.87,52.23,47.00,1009.12,2026-03-14 18:31:36
2354,977,20,28,31,35.90,52.33,45.62,1009.12,2026-03-14 18:31:39
2355,973,20,28,31,35.90,52.33,45.62,1009.11,2026-03-14 18:31:42
2356,995,20,28,31,35.90,52.33,46.54,1009.07,2026-03-14 18:31:45
2357,1037,20,28,31,35.82,52.53,47.92,1009.18,2026-03-14 18:31:48
2358,1085,20,28,31,35.84,52.53,46.54,1009.18,2026-03-14 18:31:52
2359,1108,20,28,31,35.84,52.53,45.62,1009.15,2026-03-14 18:31:55
2360,1095,20,28,31,35.81,52.62,46.08,1009.15,2026-03-14 18:31:58
2361,1065,20,28,31,35.80,52.72,47.00,1009.13,2026-03-14 18:32:01
2362,1048,20,28,31,35.81,52.72,46.54,1009.18,2026-03-14 18:32:04
2363,1062,20,28,31,35.80,52.72,47.46,1009.16,2026-03-14 18:32:07
2364,1073,20,28,31,35.78,52.72,45.62,1009.16,2026-03-14 18:32:11
2365,1145,20,28,31,35.77,52.82,45.62,1009.15,2026-03-14 18:32:14
2366,1158,20,28,31,35.78,52.82,47.92,1009.14,2026-03-14 18:32:17
2367,1098,20,28,31,35.77,52.82,47.92,1009.11,2026-03-14 18:32:20
2368,1238,20,28,31,35.70,52.94,47.46,1009.17,2026-03-14 18:32:23
2369,1251,20,28,31,35.70,52.94,45.62,1009.14,2026-03-14 18:32:27
2370,1287,20,28,31,35.68,52.94,45.62,1009.14,2026-03-14 18:32:30
2371,1365,20,28,31,35.70,52.94,46.54,1009.15,2026-03-14 18:32:33
2372,1438,20,28,31,35.68,52.94,47.92,1009.13,2026-03-14 18:32:36
2373,1486,20,28,31,35.66,52.94,46.54,1009.14,2026-03-14 18:32:40
2374,1367,20,28,31,35.68,53.04,45.62,1009.15,2026-03-14 18:32:43
2375,1285,20,28,31,35.66,53.04,46.54,1009.18,2026-03-14 18:32:46
2376,1243,20,28,31,35.63,53.04,47.92,1009.15,2026-03-14 18:32:49
2377,1236,20,28,31,35.65,53.04,47.00,1009.12,2026-03-14 18:32:52
2378,1330,20,28,31,35.62,53.04,46.08,1009.12,2026-03-14 18:32:55
2379,1288,20,28,31,35.60,53.04,47.00,1009.12,2026-03-14 18:32:59
2380,1247,20,28,31,35.63,53.04,47.46,1009.14,2026-03-14 18:33:02
2381,1267,20,28,31,35.62,53.04,46.08,1009.13,2026-03-14 18:33:05
2382,1210,18,28,32,35.59,53.14,45.16,1009.17,2026-03-14 18:33:08
2383,1178,18,28,32,35.58,53.33,46.54,1009.09,2026-03-14 18:33:11
2384,1155,18,28,32,35.59,53.33,47.46,1009.14,2026-03-14 18:33:15
2385,1147,18,28,32,35.58,53.33,46.54,1009.15,2026-03-14 18:33:18
2386,1262,18,28,32,35.56,53.33,46.08,1009.17,2026-03-14 18:33:21
2387,1325,18,28,32,35.56,53.33,45.16,1009.12,2026-03-14 18:33:24
2388,1244,18,28,32,35.56,53.33,46.08,1009.15,2026-03-14 18:33:27
2389,1182,18,28,32,35.55,53.33,47.46,1009.10,2026-03-14 18:33:31
2390,1328,18,28,32,35.56,53.42,45.16,1009.14,2026-03-14 18:33:34
2391,1327,18,28,32,35.59,53.42,45.16,1009.14,2026-03-14 18:33:37
2392,1297,18,28,32,35.59,53.42,45.62,1009.13,2026-03-14 18:33:40
2393,1232,18,28,32,35.58,53.42,47.00,1009.11,2026-03-14 18:33:43
2394,1255,18,28,32,35.56,53.42,47.46,1009.13,2026-03-14 18:33:47
2395,1242,18,28,32,35.53,53.42,45.62,1009.16,2026-03-14 18:33:50
2396,1224,18,28,32,35.53,53.42,47.00,1009.16,2026-03-14 18:33:53
2397,1270,18,28,32,35.55,53.42,45.16,1009.16,2026-03-14 18:33:56
2398,1237,18,28,32,35.56,53.42,46.08,1009.15,2026-03-14 18:33:59
2399,1209,18,28,32,35.55,53.42,45.16,1009.14,2026-03-14 18:34:02
2400,1158,18,28,32,35.55,53.42,46.54,1009.15,2026-03-14 18:34:06
2401,1114,18,28,32,35.55,53.42,45.16,1009.15,2026-03-14 18:34:09
2402,1088,18,28,32,35.53,53.42,45.16,1009.13,2026-03-14 18:34:12
2403,1138,18,28,32,35.52,53.42,45.16,1009.18,2026-03-14 18:34:15
2404,1171,18,28,32,35.47,53.45,45.62,1009.15,2026-03-14 18:34:18
2405,1249,18,28,32,35.47,53.45,45.16,1009.12,2026-03-14 18:34:22
2406,1239,18,28,32,35.47,53.45,45.62,1009.12,2026-03-14 18:34:25
2407,1176,18,28,32,35.47,53.45,47.00,1009.12,2026-03-14 18:34:28
2408,1124,18,28,32,35.52,53.42,45.16,1009.15,2026-03-14 18:34:31
2409,1097,18,28,32,35.53,53.23,45.16,1009.19,2026-03-14 18:34:34
2410,1100,18,28,32,35.55,53.23,47.46,1009.16,2026-03-14 18:34:37
2411,1110,18,28,32,35.56,53.14,45.62,1009.20,2026-03-14 18:34:40
2412,1205,18,28,32,35.53,53.14,45.62,1009.15,2026-03-14 18:34:44
2413,1341,18,28,32,35.48,53.16,45.16,1009.16,2026-03-14 18:34:47
2414,1397,18,28,32,35.48,53.16,46.08,1009.17,2026-03-14 18:34:50
2415,1351,18,28,32,35.47,53.16,46.54,1009.17,2026-03-14 18:34:53
2416,1337,18,28,32,35.47,53.16,47.46,1009.21,2026-03-14 18:34:56
2417,1385,18,28,32,35.52,53.14,45.16,1009.19,2026-03-14 18:34:59
2418,1313,18,28,32,35.56,53.04,44.70,1009.16,2026-03-14 18:35:02
2419,1432,18,28,32,35.56,53.14,45.16,1009.16,2026-03-14 18:35:06
2420,1479,18,28,32,35.58,53.04,47.00,1009.16,2026-03-14 18:35:09
2421,1361,18,28,32,35.59,53.04,45.16,1009.15,2026-03-14 18:35:12
2422,1261,18,28,32,35.58,53.04,45.16,1009.18,2026-03-14 18:35:15
2423,1235,18,28,32,35.58,53.04,46.08,1009.18,2026-03-14 18:35:18
2424,1257,18,28,32,35.58,53.04,45.16,1009.20,2026-03-14 18:35:21
2425,1279,18,28,32,35.56,53.04,45.16,1009.17,2026-03-14 18:35:24
2426,1796,18,28,32,35.55,53.04,47.00,1009.15,2026-03-14 18:35:28
2427,1670,18,28,32,35.55,53.04,46.54,1009.13,2026-03-14 18:35:31
2428,1550,18,28,32,35.52,53.04,45.62,1009.18,2026-03-14 18:35:34
2429,1429,18,28,32,35.53,53.14,45.62,1009.15,2026-03-14 18:35:37
2430,1392,18,28,32,35.53,53.14,46.54,1009.15,2026-03-14 18:35:40
2431,1471,18,28,32,35.55,53.14,47.00,1009.13,2026-03-14 18:35:43
2432,1596,18,28,32,35.52,53.04,45.62,1009.17,2026-03-14 18:35:47
2433,1648,18,28,32,35.48,53.16,44.70,1009.16,2026-03-14 18:35:50
2434,1617,18,28,32,35.47,53.16,47.00,1009.14,2026-03-14 18:35:53
2435,1530,18,28,32,35.45,53.16,44.70,1009.14,2026-03-14 18:35:56
2436,1461,18,28,32,35.47,53.16,46.08,1009.17,2026-03-14 18:35:59
2437,1525,18,28,32,35.47,53.26,44.70,1009.21,2026-03-14 18:36:03
2438,1686,18,28,32,35.43,53.36,45.62,1009.16,2026-03-14 18:36:06
2439,1801,18,28,32,35.43,53.36,44.70,1009.16,2026-03-14 18:36:09
2440,1915,18,28,32,35.40,53.36,46.54,1009.18,2026-03-14 18:36:12
2441,1953,18,28,32,35.37,53.45,47.00,1009.19,2026-03-14 18:36:15
2442,1910,18,28,32,35.40,53.55,44.70,1009.10,2026-03-14 18:36:18
2443,1869,18,28,32,35.38,53.55,44.70,1009.15,2026-03-14 18:36:21
2444,1754,18,28,32,35.40,53.55,44.70,1009.15,2026-03-14 18:36:25
2445,1724,19,28,33,35.38,53.55,45.62,1009.12,2026-03-14 18:36:28
2446,1762,19,28,33,35.40,53.45,44.70,1009.15,2026-03-14 18:36:31
2447,1702,18,27,32,35.36,53.55,44.70,1009.16,2026-03-14 18:36:34
2448,1560,18,27,32,35.36,53.55,44.70,1009.15,2026-03-14 18:36:37
2449,1434,18,27,32,35.37,53.55,45.16,1009.17,2026-03-14 18:36:40
2450,1335,18,27,32,35.38,53.65,45.16,1009.17,2026-03-14 18:36:43
2451,1332,18,27,32,35.38,53.65,46.54,1009.17,2026-03-14 18:36:47
2452,1339,18,27,32,35.38,53.55,46.54,1009.20,2026-03-14 18:36:50
2453,1340,18,27,32,35.37,53.55,44.70,1009.22,2026-03-14 18:36:53
2454,1324,18,27,32,35.34,53.65,46.08,1009.15,2026-03-14 18:36:56
2455,1266,18,27,32,35.38,53.65,45.16,1009.19,2026-03-14 18:36:59
2456,1210,18,27,32,35.38,53.65,43.32,1009.18,2026-03-14 18:37:02
2457,1186,18,27,32,35.38,53.65,41.93,1009.18,2026-03-14 18:37:06
2458,1210,18,27,32,35.36,53.65,44.70,1009.16,2026-03-14 18:37:09
2459,1221,18,27,32,35.34,53.75,43.78,1009.19,2026-03-14 18:37:12
2460,1214,18,27,32,35.41,53.75,42.39,1009.19,2026-03-14 18:37:15
2461,1183,18,27,32,35.41,53.75,44.70,1009.19,2026-03-14 18:37:18
2462,1144,18,27,32,35.43,53.75,46.08,1009.21,2026-03-14 18:37:21
2463,1118,18,27,32,35.41,53.65,44.24,1009.16,2026-03-14 18:37:24
2464,1124,18,27,32,35.43,53.65,42.39,1009.12,2026-03-14 18:37:28
2465,1156,18,27,32,35.43,53.65,41.93,1009.18,2026-03-14 18:37:31
2466,1198,18,27,32,35.43,53.65,40.09,1009.17,2026-03-14 18:37:34
2467,1225,18,27,32,35.43,53.65,39.17,1009.14,2026-03-14 18:37:37
2468,1206,18,27,32,35.44,53.65,36.86,1009.17,2026-03-14 18:37:40
2469,1169,18,27,32,35.44,53.65,41.93,1009.17,2026-03-14 18:37:43
2470,1150,18,27,32,35.41,53.75,43.78,1009.18,2026-03-14 18:37:46
2471,1156,18,27,32,35.37,53.75,43.32,1009.15,2026-03-14 18:37:49
2472,1190,18,27,32,35.43,53.75,12.90,1009.18,2026-03-14 18:37:53
2473,1205,18,27,32,35.43,53.75,13.36,1009.21,2026-03-14 18:37:56
2474,1207,18,27,32,35.38,53.75,43.78,1009.25,2026-03-14 18:37:59
2475,1167,18,27,32,35.40,53.75,46.08,1009.21,2026-03-14 18:38:02
2476,1133,18,27,32,35.40,53.75,44.70,1009.23,2026-03-14 18:38:05
2477,1135,18,27,32,35.41,53.85,46.08,1009.20,2026-03-14 18:38:08
2478,1156,18,27,32,35.41,53.75,46.08,1009.18,2026-03-14 18:38:12
2479,1262,18,27,32,35.38,53.75,44.70,1009.17,2026-03-14 18:38:15
2480,1645,18,27,32,35.43,53.65,45.62,1009.20,2026-03-14 18:38:18
2481,1539,18,27,32,35.43,53.65,46.54,1009.17,2026-03-14 18:38:21
2482,1427,18,27,32,35.44,53.65,45.16,1009.20,2026-03-14 18:38:24
2483,1345,18,27,32,35.45,53.65,45.62,1009.20,2026-03-14 18:38:27
2484,1337,18,27,32,35.47,53.65,45.16,1009.19,2026-03-14 18:38:30
2485,1336,18,27,32,35.45,53.55,44.24,1009.24,2026-03-14 18:38:34
2486,1702,18,27,32,35.45,53.55,44.24,1009.17,2026-03-14 18:38:37
2487,1835,18,27,32,35.45,53.65,46.08,1009.20,2026-03-14 18:38:40
2488,1898,18,27,32,35.50,53.55,44.70,1009.22,2026-03-14 18:38:43
2489,1703,18,27,32,35.50,53.55,43.78,1009.22,2026-03-14 18:38:46
2490,1555,18,27,32,35.50,53.55,44.24,1009.18,2026-03-14 18:38:49
2491,1451,18,27,32,35.50,53.55,45.16,1009.20,2026-03-14 18:38:52
2492,1452,18,27,32,35.48,53.55,41.93,1009.21,2026-03-14 18:38:56
2493,1464,18,27,32,35.48,53.55,43.78,1009.19,2026-03-14 18:38:59
2494,1454,18,27,32,35.48,53.55,45.16,1009.21,2026-03-14 18:39:02
2495,1426,18,27,32,35.53,53.52,40.55,1009.15,2026-03-14 18:39:05
2496,1370,18,27,32,35.48,53.55,45.62,1009.22,2026-03-14 18:39:08
2497,1303,18,27,32,35.48,53.65,45.62,1009.19,2026-03-14 18:39:11
2498,1275,18,27,32,35.56,53.62,45.62,1009.17,2026-03-14 18:39:15
2499,1359,18,27,32,35.56,53.62,44.24,1009.17,2026-03-14 18:39:18
2500,1464,18,27,32,35.50,53.55,39.63,1009.15,2026-03-14 18:39:21
2501,1470,18,27,32,35.53,53.52,45.16,1009.20,2026-03-14 18:39:24
2502,1469,18,27,32,35.53,53.52,43.78,1009.20,2026-03-14 18:39:27
2503,1377,18,27,32,35.50,53.65,43.78,1009.20,2026-03-14 18:39:30
2504,1356,18,27,32,35.52,53.52,44.24,1009.23,2026-03-14 18:39:34
2505,1355,18,27,32,35.53,53.52,44.24,1009.19,2026-03-14 18:39:37
2506,1386,18,27,32,35.50,53.45,43.78,1009.25,2026-03-14 18:39:40
2507,1553,18,27,32,35.50,53.45,43.78,1009.21,2026-03-14 18:39:43
2508,1530,18,27,32,35.47,53.45,45.16,1009.21,2026-03-14 18:39:46
2509,1468,18,27,32,35.58,53.23,43.32,1009.23,2026-03-14 18:39:49
2510,1381,18,27,32,35.56,53.23,43.32,1009.26,2026-03-14 18:39:53
2511,1317,18,27,32,35.56,53.23,43.32,1009.26,2026-03-14 18:39:56
2512,1429,18,27,32,35.58,53.23,42.85,1009.23,2026-03-14 18:39:59
2513,1478,18,27,32,35.56,53.23,43.78,1009.20,2026-03-14 18:40:02
2514,1489,18,27,32,35.59,53.23,44.24,1009.16,2026-03-14 18:40:05
2515,1459,18,27,32,35.56,53.23,41.47,1009.21,2026-03-14 18:40:08
2516,1388,18,27,32,35.53,53.33,44.70,1009.21,2026-03-14 18:40:12
2517,1320,18,27,32,35.52,53.33,45.62,1009.22,2026-03-14 18:40:15
2518,1303,18,27,32,35.53,53.42,41.93,1009.25,2026-03-14 18:40:18
2519,1372,18,27,32,35.55,53.42,44.24,1009.23,2026-03-14 18:40:21
2520,1504,18,27,32,35.56,53.42,46.08,1009.27,2026-03-14 18:40:24
2521,1596,18,27,32,35.60,53.33,44.24,1009.21,2026-03-14 18:40:28
2522,1556,18,27,32,35.60,53.33,44.24,1009.15,2026-03-14 18:40:31
2523,1469,18,27,32,35.60,53.33,43.32,1009.18,2026-03-14 18:40:34
2524,1372,18,27,32,35.62,53.23,45.62,1009.22,2026-03-14 18:40:37
2525,1327,18,27,32,35.58,53.23,45.16,1009.24,2026-03-14 18:40:40
2526,1484,18,27,32,35.59,53.23,45.16,1009.24,2026-03-14 18:40:43
2527,1479,18,27,32,35.66,53.04,43.32,1009.17,2026-03-14 18:40:47
2528,1434,18,27,32,35.66,53.04,42.85,1009.17,2026-03-14 18:40:50
2529,1375,18,27,32,35.66,53.04,43.32,1009.23,2026-03-14 18:40:53
2530,1302,18,27,32,35.65,53.04,44.70,1009.19,2026-03-14 18:40:56
2531,1295,18,27,32,35.66,53.04,40.55,1009.24,2026-03-14 18:40:59
2532,1308,18,27,32,35.60,53.04,43.32,1009.21,2026-03-14 18:41:02
2533,1336,18,27,32,35.62,53.04,43.32,1009.22,2026-03-14 18:41:05
2534,1404,18,27,32,35.66,53.04,45.62,1009.20,2026-03-14 18:41:09
2535,1433,18,27,32,35.63,52.94,45.62,1009.26,2026-03-14 18:41:12
2536,1425,18,27,32,35.65,52.94,44.70,1009.24,2026-03-14 18:41:15
2537,1434,18,27,32,35.66,52.94,45.16,1009.22,2026-03-14 18:41:18
2538,1370,18,27,32,35.66,52.94,43.78,1009.27,2026-03-14 18:41:21
2539,1361,18,27,32,35.66,52.94,45.16,1009.23,2026-03-14 18:41:24
2540,1663,18,27,32,35.62,53.04,43.78,1009.26,2026-03-14 18:41:28
2541,1981,18,27,32,35.65,53.04,45.16,1009.25,2026-03-14 18:41:31
2542,2145,18,27,32,35.59,53.04,42.39,1009.23,2026-03-14 18:41:34
2543,2090,18,27,32,35.59,53.04,42.39,1009.27,2026-03-14 18:41:37
2544,2046,18,27,32,35.60,53.04,43.32,1009.22,2026-03-14 18:41:40
2545,2089,18,27,32,35.58,53.14,41.47,1009.25,2026-03-14 18:41:43
2546,2135,18,27,32,35.65,53.14,43.32,1009.22,2026-03-14 18:41:47
2547,2221,18,27,32,35.65,53.14,45.16,1009.24,2026-03-14 18:41:50
2548,2286,18,27,32,35.66,53.04,41.47,1009.24,2026-03-14 18:41:53
2549,2259,18,27,32,35.66,53.14,42.39,1009.24,2026-03-14 18:41:56
2550,2129,18,27,32,35.70,53.04,42.39,1009.19,2026-03-14 18:41:59
2551,1884,18,27,32,35.63,53.23,40.55,1009.23,2026-03-14 18:42:02
2552,1747,18,27,32,35.65,53.23,41.47,1009.21,2026-03-14 18:42:05
2553,1718,18,27,32,35.62,53.23,41.93,1009.23,2026-03-14 18:42:08
2554,1765,18,27,32,35.62,53.23,41.01,1009.16,2026-03-14 18:42:12
2555,1775,18,27,32,35.63,53.33,42.39,1009.19,2026-03-14 18:42:15
2556,1751,18,27,32,35.55,53.42,41.01,1009.26,2026-03-14 18:42:18
2557,1596,18,27,32,35.53,53.42,41.93,1009.20,2026-03-14 18:42:21
2558,1536,18,27,32,35.55,53.42,42.39,1009.20,2026-03-14 18:42:24
2559,1580,18,27,32,35.58,53.52,40.55,1009.19,2026-03-14 18:42:28
2560,1766,18,27,32,35.59,53.52,41.01,1009.19,2026-03-14 18:42:31
2561,1910,18,27,32,35.59,53.52,40.55,1009.25,2026-03-14 18:42:34
2562,1951,18,27,32,35.59,53.52,42.85,1009.20,2026-03-14 18:42:37
2563,1914,18,27,32,35.55,53.62,44.24,1009.24,2026-03-14 18:42:40
2564,1880,18,27,32,35.55,53.62,42.85,1009.25,2026-03-14 18:42:43
2565,1996,18,27,32,35.56,53.62,42.85,1009.26,2026-03-14 18:42:47
2566,2129,18,27,32,35.52,53.62,40.55,1009.22,2026-03-14 18:42:50
2567,2232,18,27,32,35.52,53.72,40.09,1009.25,2026-03-14 18:42:53
2568,2358,18,27,32,35.52,53.72,39.63,1009.26,2026-03-14 18:42:56
2569,2359,18,27,32,35.53,53.72,40.55,1009.24,2026-03-14 18:42:59
2570,2261,18,27,32,35.55,53.72,41.01,1009.27,2026-03-14 18:43:03
2571,2107,18,27,32,35.59,53.72,41.47,1009.27,2026-03-14 18:43:06
2572,2062,18,27,32,35.58,53.72,41.01,1009.26,2026-03-14 18:43:09
2573,2139,18,27,32,35.59,53.72,41.93,1009.25,2026-03-14 18:43:12
2574,2445,20,29,31,35.60,53.62,42.39,1009.25,2026-03-14 18:43:15
2575,2637,20,29,31,35.60,53.62,42.39,1009.22,2026-03-14 18:43:18
2576,2849,20,29,31,35.60,53.62,43.78,1009.22,2026-03-14 18:43:21
2577,2820,19,28,30,35.58,53.62,41.93,1009.22,2026-03-14 18:43:25
2578,2770,19,28,30,35.56,53.72,44.70,1009.22,2026-03-14 18:43:28
2579,2655,19,28,30,35.55,53.72,43.78,1009.24,2026-03-14 18:43:31
2580,2682,19,28,30,35.56,53.81,19.35,1009.25,2026-03-14 18:43:34
2581,2853,19,28,30,35.58,53.81,43.32,1009.21,2026-03-14 18:43:38
2582,2956,19,28,30,35.58,53.81,44.24,1009.25,2026-03-14 18:43:41
2583,2989,19,28,30,35.56,53.81,43.32,1009.24,2026-03-14 18:43:44
2584,2830,19,28,30,35.58,53.81,42.85,1009.30,2026-03-14 18:43:47
2585,2683,19,28,30,35.60,53.81,43.78,1009.23,2026-03-14 18:43:50
2586,2666,19,28,30,35.63,53.72,43.78,1009.24,2026-03-14 18:43:53
2587,2750,19,28,30,35.65,53.72,42.85,1009.28,2026-03-14 18:43:57
2588,2881,19,28,30,35.59,53.72,41.93,1009.29,2026-03-14 18:44:00
2589,2935,19,28,30,35.56,53.91,43.78,1009.27,2026-03-14 18:44:03
2590,2974,19,28,30,35.56,53.91,42.39,1009.27,2026-03-14 18:44:06
2591,2847,19,28,30,35.59,53.91,42.85,1009.24,2026-03-14 18:44:09
2592,2753,19,28,30,35.58,53.91,44.24,1009.25,2026-03-14 18:44:12
2593,2735,19,28,30,35.60,53.91,44.70,1009.28,2026-03-14 18:44:15
2594,2849,19,28,30,35.60,53.91,42.85,1009.23,2026-03-14 18:44:19
2595,2963,19,28,30,35.60,53.91,44.24,1009.27,2026-03-14 18:44:22
2596,3063,19,28,30,35.59,53.91,42.85,1009.27,2026-03-14 18:44:25
2597,2896,19,28,30,35.62,53.91,42.85,1009.20,2026-03-14 18:44:28
2598,2643,19,28,30,35.65,53.81,42.39,1009.29,2026-03-14 18:44:31
2599,2480,19,28,30,35.63,53.81,43.32,1009.22,2026-03-14 18:44:34
2600,2487,19,28,30,35.60,53.81,42.85,1009.25,2026-03-14 18:44:37
2601,2638,19,28,30,35.60,53.91,44.70,1009.29,2026-03-14 18:44:41
2602,2803,19,28,30,35.62,53.91,43.32,1009.28,2026-03-14 18:44:44
2603,2706,19,28,30,35.60,53.91,44.24,1009.25,2026-03-14 18:44:47
2604,2605,19,28,30,35.62,53.91,43.78,1009.28,2026-03-14 18:44:50
2605,2351,19,28,30,35.63,53.91,41.01,1009.22,2026-03-14 18:44:53
2606,2205,19,28,30,35.65,54.01,41.01,1009.24,2026-03-14 18:44:56
2607,2182,19,28,30,35.65,54.01,40.55,1009.23,2026-03-14 18:44:59
2608,2356,19,28,30,35.66,54.01,40.09,1009.24,2026-03-14 18:45:03
2609,2380,19,28,30,35.60,54.01,43.32,1009.30,2026-03-14 18:45:06
2610,2327,19,28,30,35.60,54.01,44.70,1009.27,2026-03-14 18:45:09
2611,2144,19,28,30,35.60,54.01,44.70,1009.27,2026-03-14 18:45:12
2612,1973,19,28,30,35.62,54.01,43.78,1009.30,2026-03-14 18:45:15
2613,1893,19,28,30,35.63,53.81,42.39,1009.28,2026-03-14 18:45:18
2614,1933,19,28,30,35.63,53.81,44.24,1009.28,2026-03-14 18:45:22
2615,2062,19,28,30,35.65,53.72,44.24,1009.30,2026-03-14 18:45:25
2616,2144,19,28,30,35.65,53.72,43.78,1009.19,2026-03-14 18:45:28
2617,2007,19,28,30,35.65,53.72,43.78,1009.31,2026-03-14 18:45:31
2618,1824,19,28,30,35.68,53.72,43.32,1009.27,2026-03-14 18:45:34
2619,1654,19,28,30,35.68,53.72,44.24,1009.30,2026-03-14 18:45:38
2620,1568,19,28,30,35.68,53.72,42.39,1009.26,2026-03-14 18:45:41
2621,1557,19,28,30,35.68,53.72,43.32,1009.28,2026-03-14 18:45:44
2622,1545,19,28,30,35.70,53.72,42.39,1009.28,2026-03-14 18:45:47
2623,1506,19,28,30,35.70,53.72,42.85,1009.33,2026-03-14 18:45:50
2624,1422,19,28,30,35.70,53.72,43.32,1009.29,2026-03-14 18:45:53
2625,1359,19,28,30,35.70,53.72,39.63,1009.23,2026-03-14 18:45:57
2626,1318,19,28,30,35.68,53.72,41.93,1009.30,2026-03-14 18:46:00
2627,1322,19,28,30,35.68,53.72,41.93,1009.25,2026-03-14 18:46:03
2628,1390,19,28,30,35.68,53.72,43.78,1009.25,2026-03-14 18:46:06
2629,1578,19,28,30,35.68,53.72,43.32,1009.26,2026-03-14 18:46:09
2630,1611,19,28,30,35.72,53.72,43.32,1009.28,2026-03-14 18:46:12
2631,1574,19,28,30,35.74,53.72,41.93,1009.28,2026-03-14 18:46:15
2632,1517,19,28,30,35.71,53.72,41.93,1009.31,2026-03-14 18:46:19
2633,1446,19,28,30,35.68,53.81,44.24,1009.27,2026-03-14 18:46:22
2634,1448,19,28,30,35.70,53.81,42.85,1009.27,2026-03-14 18:46:25
2635,1496,19,28,30,35.70,53.72,44.24,1009.32,2026-03-14 18:46:28
2636,1506,19,28,30,35.74,53.72,42.39,1009.25,2026-03-14 18:46:31
2637,1451,19,28,30,35.72,53.72,43.78,1009.30,2026-03-14 18:46:34
2638,1373,17,26,27,35.74,53.72,41.93,1009.30,2026-03-14 18:46:37
2639,1312,17,26,28,35.72,53.81,44.24,1009.26,2026-03-14 18:46:41
2640,1301,17,26,28,35.74,53.72,43.32,1009.32,2026-03-14 18:46:44
2641,1322,17,26,28,35.72,53.72,41.93,1009.32,2026-03-14 18:46:47
2642,1382,17,26,28,35.72,53.81,44.24,1009.30,2026-03-14 18:46:50
2643,1404,17,26,28,35.74,53.81,41.47,1009.29,2026-03-14 18:46:54
2644,1402,17,26,28,35.72,53.81,40.09,1009.29,2026-03-14 18:46:57
2645,1348,17,26,28,35.74,53.81,39.17,1009.26,2026-03-14 18:47:00
2646,1287,17,26,28,35.77,53.69,43.32,1009.28,2026-03-14 18:47:03
2647,1284,17,26,28,35.78,53.69,41.93,1009.31,2026-03-14 18:47:06
2648,1310,17,26,28,35.80,53.69,42.85,1009.29,2026-03-14 18:47:09
2649,1376,17,26,28,35.78,53.69,41.93,1009.32,2026-03-14 18:47:13
2650,1379,17,26,28,35.75,53.69,41.01,1009.29,2026-03-14 18:47:16
2651,1336,17,26,28,35.78,53.69,41.93,1009.27,2026-03-14 18:47:19
2652,1285,17,26,28,35.78,53.69,42.85,1009.27,2026-03-14 18:47:22
2653,1255,17,26,28,35.77,53.79,43.78,1009.29,2026-03-14 18:47:25
2654,1274,17,26,28,35.80,53.69,42.39,1009.29,2026-03-14 18:47:28
2655,1310,17,26,28,35.77,53.89,39.17,1009.26,2026-03-14 18:47:32
2656,1361,17,26,28,35.74,53.91,18.89,1009.29,2026-03-14 18:47:35
2657,1395,17,26,28,35.75,53.89,20.74,1009.29,2026-03-14 18:47:38
2658,1364,17,26,28,35.75,53.89,41.93,1009.29,2026-03-14 18:47:41
2659,1311,17,26,28,35.74,53.91,41.93,1009.29,2026-03-14 18:47:44
2660,1280,17,26,28,35.72,54.01,42.39,1009.36,2026-03-14 18:47:47
2661,1302,17,26,28,35.72,54.01,43.32,1009.31,2026-03-14 18:47:51
2662,1321,17,26,28,35.72,54.01,44.24,1009.30,2026-03-14 18:47:54
2663,1353,17,26,28,35.74,54.01,41.47,1009.33,2026-03-14 18:47:57
2664,1326,17,26,28,35.78,53.99,44.24,1009.33,2026-03-14 18:48:00
2665,1279,17,26,28,35.75,53.89,41.93,1009.33,2026-03-14 18:48:03
2666,1250,17,26,28,35.75,53.99,42.39,1009.32,2026-03-14 18:48:06
2667,1243,17,26,28,35.74,54.01,43.78,1009.32,2026-03-14 18:48:09
2668,1280,17,26,28,35.74,54.01,44.24,1009.33,2026-03-14 18:48:13
2669,1320,17,26,28,35.71,54.01,43.78,1009.38,2026-03-14 18:48:16
2670,1354,17,26,28,35.68,54.11,40.55,1009.32,2026-03-14 18:48:19
2671,1340,17,26,28,35.68,54.11,41.01,1009.32,2026-03-14 18:48:22
2672,1298,17,26,28,35.68,54.11,42.85,1009.33,2026-03-14 18:48:25
2673,1265,17,26,28,35.68,54.21,41.93,1009.35,2026-03-14 18:48:29
2674,1269,17,26,28,35.70,54.21,17.05,1009.33,2026-03-14 18:48:32
2675,1305,17,26,28,35.72,54.21,41.01,1009.30,2026-03-14 18:48:35
2676,1335,17,26,28,35.70,54.21,42.39,1009.34,2026-03-14 18:48:38
2677,1321,17,26,28,35.68,54.30,42.85,1009.28,2026-03-14 18:48:41
2678,1279,17,26,28,35.71,54.30,43.78,1009.31,2026-03-14 18:48:45
2679,1238,17,26,28,35.68,54.21,41.93,1009.36,2026-03-14 18:48:48
2680,1230,17,26,28,35.68,54.21,41.93,1009.36,2026-03-14 18:48:51
2681,1259,17,26,28,35.68,54.21,42.85,1009.32,2026-03-14 18:48:54
2682,1296,17,26,28,35.70,54.30,41.93,1009.32,2026-03-14 18:48:57
2683,1320,17,26,28,35.68,54.21,41.93,1009.31,2026-03-14 18:49:00
2684,1340,17,26,28,35.72,54.21,43.78,1009.33,2026-03-14 18:49:03
2685,1301,17,26,28,35.72,54.21,41.93,1009.38,2026-03-14 18:49:07
2686,1259,17,26,28,35.72,54.21,41.93,1009.29,2026-03-14 18:49:10
2687,1256,17,26,28,35.72,54.21,43.78,1009.31,2026-03-14 18:49:13
2688,1287,17,26,28,35.78,54.18,43.78,1009.35,2026-03-14 18:49:16
2689,1316,17,26,28,35.78,54.18,42.85,1009.35,2026-03-14 18:49:19
2690,1334,17,26,28,35.78,54.08,43.32,1009.34,2026-03-14 18:49:22
2691,1286,17,26,28,35.74,54.11,41.47,1009.35,2026-03-14 18:49:26
2692,1250,17,26,28,35.77,54.08,40.55,1009.35,2026-03-14 18:49:29
2693,1222,17,26,28,35.77,54.08,42.39,1009.33,2026-03-14 18:49:32
2694,1236,17,26,28,35.78,54.08,41.47,1009.34,2026-03-14 18:49:35
2695,1269,17,26,28,35.80,54.08,41.93,1009.36,2026-03-14 18:49:39
2696,1287,17,26,28,35.78,54.08,42.85,1009.35,2026-03-14 18:49:42
2697,1303,17,26,28,35.80,54.08,44.24,1009.30,2026-03-14 18:49:45
2698,1277,17,26,28,35.81,53.99,42.85,1009.34,2026-03-14 18:49:48
2699,1239,17,26,28,35.80,53.99,42.85,1009.34,2026-03-14 18:49:51
2700,1218,17,26,28,35.81,53.99,43.32,1009.39,2026-03-14 18:49:55
2701,1229,17,26,28,35.84,53.99,41.93,1009.35,2026-03-14 18:49:58
2702,1257,17,26,28,35.80,53.99,40.09,1009.37,2026-03-14 18:50:01
2703,1271,17,26,28,35.84,53.99,43.32,1009.34,2026-03-14 18:50:04
2704,1253,17,26,28,35.81,53.99,42.85,1009.34,2026-03-14 18:50:07
2705,1222,17,26,28,35.81,53.99,42.85,1009.36,2026-03-14 18:50:10
2706,1191,17,26,28,35.81,53.99,43.32,1009.38,2026-03-14 18:50:14
2707,1183,17,26,28,35.87,53.99,41.93,1009.32,2026-03-14 18:50:17
2708,1207,17,26,28,35.82,53.99,43.32,1009.35,2026-03-14 18:50:20
2709,1246,17,26,28,35.81,53.99,42.39,1009.39,2026-03-14 18:50:23
2710,1274,17,26,28,35.81,54.08,43.78,1009.33,2026-03-14 18:50:26
2711,1269,17,26,28,35.81,54.08,42.39,1009.34,2026-03-14 18:50:30
2712,1237,17,26,28,35.81,54.08,43.32,1009.38,2026-03-14 18:50:33
2713,1208,17,26,28,35.75,54.08,41.93,1009.38,2026-03-14 18:50:36
2714,1215,17,26,28,35.78,54.18,41.93,1009.38,2026-03-14 18:50:39
2715,1246,17,26,28,35.78,54.18,41.47,1009.38,2026-03-14 18:50:42
2716,1267,17,26,28,35.78,54.18,42.39,1009.35,2026-03-14 18:50:46
2717,1261,17,26,28,35.78,54.18,41.01,1009.39,2026-03-14 18:50:49
2718,1227,17,26,28,35.81,54.08,42.39,1009.34,2026-03-14 18:50:52
2719,1204,17,26,28,35.80,54.08,41.47,1009.32,2026-03-14 18:50:55
2720,1190,17,26,28,35.81,54.08,41.47,1009.31,2026-03-14 18:50:58
2721,1220,17,26,28,35.81,54.08,39.63,1009.36,2026-03-14 18:51:02
2722,1252,17,26,28,35.80,54.08,42.39,1009.31,2026-03-14 18:51:05
2723,1266,17,26,28,35.77,54.08,43.32,1009.33,2026-03-14 18:51:08
2724,1279,17,26,28,35.77,54.08,42.39,1009.36,2026-03-14 18:51:11
2725,1254,17,26,28,35.75,54.18,43.78,1009.30,2026-03-14 18:51:14
2726,1223,17,26,28,35.75,54.18,42.85,1009.28,2026-03-14 18:51:17
2727,1219,17,26,28,35.80,54.18,41.47,1009.34,2026-03-14 18:51:21
2728,1236,17,26,28,35.81,54.08,41.93,1009.32,2026-03-14 18:51:24
2729,1264,17,26,28,35.81,54.18,42.85,1009.32,2026-03-14 18:51:27
2730,1265,17,26,28,35.80,54.18,43.78,1009.31,2026-03-14 18:51:30
2731,1241,17,26,28,35.78,54.08,42.39,1009.37,2026-03-14 18:51:33
2732,1214,17,26,28,35.80,54.18,43.78,1009.34,2026-03-14 18:51:37
2733,1185,17,26,28,35.81,54.18,42.39,1009.34,2026-03-14 18:51:40
2734,1205,17,26,28,35.81,54.18,41.01,1009.37,2026-03-14 18:51:43
2735,1219,17,26,28,35.84,54.18,43.32,1009.36,2026-03-14 18:51:46
2736,1250,17,26,28,35.80,54.28,43.32,1009.40,2026-03-14 18:51:49
2737,1267,17,26,28,35.78,54.18,41.47,1009.39,2026-03-14 18:51:53
2738,1257,17,26,28,35.80,54.18,42.85,1009.40,2026-03-14 18:51:56
2739,1222,17,26,28,35.80,54.18,43.78,1009.40,2026-03-14 18:51:59
2740,1204,17,26,28,35.81,54.18,42.85,1009.40,2026-03-14 18:52:02
2741,1223,17,26,28,35.80,54.18,42.85,1009.36,2026-03-14 18:52:05
2742,1250,17,26,28,35.82,54.18,41.93,1009.40,2026-03-14 18:52:08
2743,1269,17,26,28,35.78,54.18,41.93,1009.42,2026-03-14 18:52:12
2744,1261,17,26,28,35.78,54.18,42.85,1009.37,2026-03-14 18:52:15
2745,1215,17,26,28,35.75,54.18,43.32,1009.38,2026-03-14 18:52:18
2746,1194,17,26,28,35.74,54.30,41.93,1009.32,2026-03-14 18:52:21
2747,1185,17,26,28,35.70,54.40,41.93,1009.38,2026-03-14 18:52:24
2748,1212,17,26,28,35.70,54.40,41.01,1009.38,2026-03-14 18:52:28
2749,1241,17,26,28,35.70,54.40,41.93,1009.36,2026-03-14 18:52:31
2750,1254,17,26,28,35.70,54.40,42.85,1009.39,2026-03-14 18:52:34
2751,1259,17,26,28,35.68,54.40,39.63,1009.38,2026-03-14 18:52:37
2752,1226,17,26,28,35.63,54.50,41.47,1009.41,2026-03-14 18:52:41
2753,1198,17,26,28,35.65,54.60,43.32,1009.36,2026-03-14 18:52:44
2754,1198,17,26,28,35.66,54.60,41.01,1009.36,2026-03-14 18:52:47
2755,1231,17,26,28,35.70,54.60,42.85,1009.38,2026-03-14 18:52:50
2756,1253,17,26,28,35.71,54.50,39.17,1009.37,2026-03-14 18:52:54
2757,1250,17,26,28,35.75,54.47,43.32,1009.37,2026-03-14 18:52:57
2758,1225,17,26,28,35.80,54.38,42.39,1009.35,2026-03-14 18:53:00
2759,1200,17,26,28,35.80,54.38,44.24,1009.35,2026-03-14 18:53:03
2760,1178,17,26,28,35.78,54.38,43.32,1009.36,2026-03-14 18:53:06
2761,1194,17,26,28,35.81,54.38,41.93,1009.34,2026-03-14 18:53:09
2762,1214,17,26,28,35.80,54.28,41.47,1009.37,2026-03-14 18:53:12
2763,1249,17,26,28,35.80,54.28,42.39,1009.40,2026-03-14 18:53:16
2764,1260,17,26,28,35.78,54.28,38.71,1009.36,2026-03-14 18:53:19
2765,1236,17,26,28,35.78,54.28,41.93,1009.35,2026-03-14 18:53:22
2766,1212,17,26,29,35.78,54.28,41.93,1009.35,2026-03-14 18:53:25
2767,1188,17,26,29,35.77,54.28,41.01,1009.29,2026-03-14 18:53:28
2768,1203,17,26,30,35.74,54.40,43.78,1009.35,2026-03-14 18:53:31
2769,1223,17,26,30,35.77,54.38,42.39,1009.34,2026-03-14 18:53:34
2770,1247,17,26,30,35.75,54.38,42.39,1009.42,2026-03-14 18:53:38
2771,1235,17,26,30,35.74,54.40,41.93,1009.42,2026-03-14 18:53:41
2772,1206,17,26,30,35.74,54.40,37.32,1009.34,2026-03-14 18:53:44
2773,1185,17,26,30,35.72,54.40,37.79,1009.34,2026-03-14 18:53:47
2774,1181,17,26,30,35.72,54.40,37.32,1009.36,2026-03-14 18:53:50
2775,1208,17,26,30,35.72,54.40,12.90,1009.34,2026-03-14 18:53:53
2776,1231,17,26,30,35.72,54.40,39.63,1009.38,2026-03-14 18:53:56
2777,1253,17,26,30,35.74,54.30,42.85,1009.39,2026-03-14 18:54:00
2778,1263,17,26,30,35.75,54.38,42.85,1009.39,2026-03-14 18:54:03
2779,1226,17,26,30,35.74,54.40,41.93,1009.43,2026-03-14 18:54:06
2780,1197,17,26,30,35.75,54.28,41.01,1009.36,2026-03-14 18:54:09
2781,1191,17,26,30,35.55,54.50,21.66,1009.38,2026-03-14 18:54:12
2782,1216,17,26,30,35.53,54.50,21.66,1009.34,2026-03-14 18:54:16
2783,1229,17,26,30,35.47,54.72,22.58,1009.34,2026-03-14 18:54:19
2784,1238,17,26,30,35.36,55.11,42.85,1009.38,2026-03-14 18:54:22
2785,1216,17,26,30,35.38,55.11,42.85,1009.38,2026-03-14 18:54:25
2786,1191,17,26,30,35.38,55.11,43.78,1009.40,2026-03-14 18:54:28
2787,1170,17,26,30,35.38,55.11,41.01,1009.34,2026-03-14 18:54:31
2788,1175,17,26,30,35.41,55.01,43.78,1009.37,2026-03-14 18:54:35
2789,1206,17,26,30,35.41,55.01,44.70,1009.38,2026-03-14 18:54:38
2790,1221,17,26,30,35.41,55.01,42.39,1009.35,2026-03-14 18:54:41
2791,1236,17,26,30,35.47,54.91,42.39,1009.42,2026-03-14 18:54:44
2792,1226,17,26,30,35.48,54.82,41.93,1009.40,2026-03-14 18:54:47
2793,1203,17,26,30,35.48,54.82,40.55,1009.38,2026-03-14 18:54:50
2794,1181,17,26,30,35.48,54.82,41.47,1009.38,2026-03-14 18:54:53
2795,1190,17,26,30,35.50,54.82,42.39,1009.38,2026-03-14 18:54:57
2796,1218,17,26,30,35.48,54.82,40.55,1009.37,2026-03-14 18:55:00
2797,1232,17,26,30,35.53,54.89,32.26,1009.40,2026-03-14 18:55:03
2798,1223,17,26,30,35.52,54.89,43.78,1009.40,2026-03-14 18:55:06
2799,1199,17,26,30,35.50,54.82,44.70,1009.40,2026-03-14 18:55:09
2800,1179,17,26,30,35.50,54.82,43.78,1009.40,2026-03-14 18:55:12
2801,1176,17,26,30,35.52,54.79,42.39,1009.39,2026-03-14 18:55:16
2802,1193,17,26,30,35.52,54.89,43.78,1009.42,2026-03-14 18:55:19
2803,1217,17,26,30,35.53,54.89,42.39,1009.40,2026-03-14 18:55:22
2804,1239,17,26,30,35.55,54.89,43.32,1009.35,2026-03-14 18:55:25
2805,1250,17,26,30,35.53,54.89,42.85,1009.42,2026-03-14 18:55:28
2806,1231,17,26,30,35.53,54.89,42.85,1009.40,2026-03-14 18:55:31
2807,1208,17,26,30,35.50,54.91,43.32,1009.37,2026-03-14 18:55:35
2808,1209,17,26,30,35.53,54.89,44.24,1009.40,2026-03-14 18:55:38
2809,1227,17,26,30,35.52,54.89,44.70,1009.39,2026-03-14 18:55:41
2810,1250,17,26,30,35.60,54.89,41.47,1009.38,2026-03-14 18:55:44
2811,1249,17,26,30,35.62,54.79,41.93,1009.43,2026-03-14 18:55:47
2812,1227,17,26,30,35.60,54.79,40.09,1009.42,2026-03-14 18:55:50
2813,1202,17,26,30,35.62,54.79,42.39,1009.38,2026-03-14 18:55:53
2814,1185,17,26,30,35.60,54.79,41.93,1009.38,2026-03-14 18:55:57
2815,1191,17,26,30,35.62,54.79,42.39,1009.41,2026-03-14 18:56:00
2816,1220,17,26,30,35.63,54.79,44.24,1009.41,2026-03-14 18:56:03
2817,1247,17,26,30,35.71,54.69,43.32,1009.39,2026-03-14 18:56:06
2818,1268,17,26,30,35.71,54.69,44.70,1009.39,2026-03-14 18:56:09
2819,1254,17,26,30,35.71,54.69,43.78,1009.37,2026-03-14 18:56:13
2820,1225,17,26,30,35.66,54.69,40.09,1009.43,2026-03-14 18:56:16
2821,1202,17,26,30,35.65,54.79,44.24,1009.38,2026-03-14 18:56:19
2822,1221,17,26,30,35.63,54.79,42.39,1009.44,2026-03-14 18:56:22
2823,1241,17,26,30,35.65,54.79,43.78,1009.49,2026-03-14 18:56:25
2824,1260,17,26,30,35.63,54.79,44.24,1009.44,2026-03-14 18:56:28
2825,1250,17,26,30,35.65,54.79,44.24,1009.40,2026-03-14 18:56:32
2826,1223,17,26,30,35.68,54.79,18.89,1009.42,2026-03-14 18:56:35
2827,1203,17,26,30,35.68,54.79,43.32,1009.42,2026-03-14 18:56:38
2828,1189,17,26,30,35.68,54.79,42.39,1009.44,2026-03-14 18:56:42
2829,1207,17,26,30,35.68,54.79,43.32,1009.43,2026-03-14 18:56:45
2830,1237,17,24,29,35.66,54.79,44.70,1009.40,2026-03-14 18:56:48
2831,1251,17,24,29,35.68,54.79,41.93,1009.41,2026-03-14 18:56:51
2832,1259,17,24,29,35.70,54.79,43.32,1009.41,2026-03-14 18:56:54
2833,1225,17,24,29,35.70,54.79,43.32,1009.41,2026-03-14 18:56:57
2834,1201,17,24,29,35.71,54.79,42.85,1009.44,2026-03-14 18:57:01
2835,1201,17,24,29,35.70,54.79,41.93,1009.44,2026-03-14 18:57:04
2836,1223,17,24,29,35.68,54.79,41.93,1009.45,2026-03-14 18:57:07
2837,1246,17,24,29,35.66,54.79,43.78,1009.40,2026-03-14 18:57:10
2838,1251,17,24,29,35.70,54.79,44.24,1009.40,2026-03-14 18:57:13
2839,1228,17,24,29,35.68,54.79,43.78,1009.44,2026-03-14 18:57:16
2840,1203,17,24,29,35.71,54.79,43.32,1009.41,2026-03-14 18:57:19
2841,1180,17,24,29,35.68,54.79,44.70,1009.47,2026-03-14 18:57:23
2842,1198,17,24,29,35.68,54.89,43.78,1009.40,2026-03-14 18:57:26
2843,1220,17,24,29,35.68,54.79,43.32,1009.44,2026-03-14 18:57:29
2844,1240,17,24,29,35.65,54.79,41.93,1009.44,2026-03-14 18:57:32
2845,1244,17,24,29,35.65,54.89,44.24,1009.43,2026-03-14 18:57:35
2846,1234,17,24,29,35.66,54.89,43.78,1009.45,2026-03-14 18:57:39
2847,1204,17,24,29,35.65,54.89,42.39,1009.44,2026-03-14 18:57:42
2848,1194,17,24,29,35.65,54.89,42.39,1009.47,2026-03-14 18:57:45
2849,1217,17,24,29,35.70,54.99,44.24,1009.45,2026-03-14 18:57:48
2850,1227,17,24,29,35.68,54.99,42.39,1009.45,2026-03-14 18:57:51
2851,1246,17,24,29,35.68,54.89,43.78,1009.46,2026-03-14 18:57:55
2852,1233,17,24,29,35.70,54.99,44.24,1009.45,2026-03-14 18:57:58
2853,1202,17,24,29,35.71,54.89,42.85,1009.42,2026-03-14 18:58:01
2854,1182,17,24,29,35.71,54.89,44.24,1009.38,2026-03-14 18:58:04
2855,1179,17,24,29,35.71,54.89,42.39,1009.43,2026-03-14 18:58:07
2856,1202,17,24,29,35.66,54.89,41.93,1009.47,2026-03-14 18:58:10
2857,1216,17,24,29,35.71,54.89,42.85,1009.43,2026-03-14 18:58:14
2858,1241,17,24,29,35.70,54.89,41.93,1009.38,2026-03-14 18:58:17
2859,1242,17,24,29,35.65,54.99,43.78,1009.40,2026-03-14 18:58:20
2860,1221,17,24,29,35.66,54.99,44.24,1009.40,2026-03-14 18:58:23
2861,1203,17,24,29,35.66,54.99,43.78,1009.41,2026-03-14 18:58:26
2862,1203,17,24,29,35.66,54.99,43.32,1009.44,2026-03-14 18:58:29
2863,1229,17,24,29,35.71,54.99,32.26,1009.45,2026-03-14 18:58:33
2864,1248,17,24,29,35.74,54.99,44.24,1009.46,2026-03-14 18:58:36
2865,1252,17,24,29,35.74,54.99,43.32,1009.42,2026-03-14 18:58:39
2866,1231,17,24,29,35.74,54.89,41.93,1009.42,2026-03-14 18:58:42
2867,1205,17,24,29,35.71,54.89,43.78,1009.44,2026-03-14 18:58:45
2868,1186,17,24,29,35.68,54.89,42.39,1009.45,2026-03-14 18:58:48
2869,1204,17,24,29,35.65,54.99,41.93,1009.47,2026-03-14 18:58:52
2870,1231,17,24,29,35.65,54.99,41.93,1009.48,2026-03-14 18:58:55
2871,1244,17,24,29,35.66,54.99,43.32,1009.47,2026-03-14 18:58:58
2872,1259,17,24,29,35.66,54.99,41.93,1009.46,2026-03-14 18:59:01
2873,1248,17,24,29,35.68,54.99,41.93,1009.46,2026-03-14 18:59:04
2874,1216,17,24,29,35.68,54.99,44.24,1009.46,2026-03-14 18:59:07
2875,1198,17,24,29,35.66,54.99,44.24,1009.47,2026-03-14 18:59:10
2876,1210,17,24,29,35.68,54.99,43.32,1009.43,2026-03-14 18:59:14
2877,1235,17,24,29,35.68,54.99,43.32,1009.46,2026-03-14 18:59:17
2878,1243,17,24,29,35.66,54.99,41.93,1009.48,2026-03-14 18:59:20
2879,1234,17,24,29,35.65,54.99,41.47,1009.49,2026-03-14 18:59:23
2880,1212,17,24,29,35.65,54.99,41.93,1009.47,2026-03-14 18:59:26
2881,1196,17,24,29,35.66,54.99,42.39,1009.51,2026-03-14 18:59:29
2882,1185,17,24,29,35.66,54.99,42.39,1009.50,2026-03-14 18:59:32
2883,1203,17,24,29,35.70,54.99,41.93,1009.47,2026-03-14 18:59:35
2884,1226,17,24,29,35.66,54.99,44.70,1009.47,2026-03-14 18:59:39
2885,1246,17,24,29,35.68,54.99,43.78,1009.44,2026-03-14 18:59:42
2886,1252,17,24,29,35.68,54.99,38.71,1009.51,2026-03-14 18:59:45
2887,1226,17,24,29,35.68,54.99,16.59,1009.51,2026-03-14 18:59:48
2888,1206,17,24,29,35.66,54.99,15.21,1009.48,2026-03-14 18:59:51
2889,1193,17,24,29,35.66,54.99,43.78,1009.48,2026-03-14 18:59:54
2890,1210,17,24,29,35.68,54.99,44.24,1009.45,2026-03-14 18:59:58
2891,1237,17,24,29,35.70,54.99,44.24,1009.48,2026-03-14 19:00:01
2892,1246,17,24,29,35.70,54.99,42.85,1009.46,2026-03-14 19:00:04
2893,1222,17,24,29,35.71,54.89,42.85,1009.47,2026-03-14 19:00:07
2894,1198,17,24,29,35.71,54.89,32.72,1009.50,2026-03-14 19:00:10
2895,1180,17,24,29,35.71,54.89,40.55,1009.45,2026-03-14 19:00:13
2896,1186,17,24,29,35.72,54.89,44.24,1009.51,2026-03-14 19:00:16
2897,1209,17,24,29,35.75,54.76,43.32,1009.47,2026-03-14 19:00:20
2898,1235,17,24,29,35.75,54.76,41.93,1009.49,2026-03-14 19:00:23
2899,1251,17,24,29,35.71,54.79,42.39,1009.44,2026-03-14 19:00:26
2900,1258,17,24,29,35.72,54.89,41.93,1009.44,2026-03-14 19:00:29
2901,1231,17,24,29,35.72,54.89,42.85,1009.44,2026-03-14 19:00:32
2902,1200,17,24,29,35.74,54.79,44.24,1009.45,2026-03-14 19:00:35
2903,1208,17,24,29,35.74,54.89,41.93,1009.47,2026-03-14 19:00:38
2904,1230,17,24,29,35.72,54.89,43.78,1009.49,2026-03-14 19:00:42
2905,1251,17,24,29,35.72,54.89,43.78,1009.48,2026-03-14 19:00:45
2906,1247,17,24,29,35.72,54.89,42.39,1009.48,2026-03-14 19:00:48
2907,1232,17,24,29,35.72,54.89,41.01,1009.50,2026-03-14 19:00:51
2908,1207,17,24,29,35.75,54.86,43.78,1009.49,2026-03-14 19:00:54
2909,1201,17,24,29,35.75,54.86,42.39,1009.48,2026-03-14 19:00:57
2910,1221,17,24,29,35.74,54.89,41.93,1009.49,2026-03-14 19:01:00
2911,1243,17,24,29,35.75,54.86,43.32,1009.53,2026-03-14 19:01:03
2912,1271,17,24,29,35.74,54.89,41.01,1009.50,2026-03-14 19:01:07
2913,1273,17,24,29,35.75,54.86,41.47,1009.53,2026-03-14 19:01:10
2914,1252,17,24,29,35.74,54.99,42.85,1009.51,2026-03-14 19:01:13
2915,1230,17,24,29,35.81,54.86,41.47,1009.51,2026-03-14 19:01:16
2916,1212,17,24,29,35.81,54.86,41.93,1009.51,2026-03-14 19:01:19
2917,1229,17,24,29,35.80,54.86,41.93,1009.48,2026-03-14 19:01:22
2918,1249,17,24,29,35.77,54.86,42.85,1009.49,2026-03-14 19:01:26
2919,1264,17,24,29,35.77,54.86,43.78,1009.49,2026-03-14 19:01:29
2920,1241,17,24,29,35.75,54.86,44.24,1009.49,2026-03-14 19:01:32
2921,1214,17,24,29,35.74,54.89,43.78,1009.50,2026-03-14 19:01:35
2922,1198,17,24,29,35.72,54.99,41.93,1009.51,2026-03-14 19:01:38
2923,1197,17,24,29,35.75,54.96,41.01,1009.49,2026-03-14 19:01:41
2924,1212,17,24,29,35.70,54.99,44.24,1009.48,2026-03-14 19:01:44
2925,1240,17,24,29,35.68,54.99,41.93,1009.51,2026-03-14 19:01:48
2926,1259,17,24,29,35.66,55.08,42.39,1009.55,2026-03-14 19:01:51
2927,1258,17,24,29,35.68,55.08,41.93,1009.51,2026-03-14 19:01:54
2928,1235,17,24,29,35.65,55.18,42.85,1009.53,2026-03-14 19:01:57
2929,1207,17,24,29,35.70,55.08,43.78,1009.53,2026-03-14 19:02:00
2930,1215,17,24,29,35.70,55.08,42.39,1009.53,2026-03-14 19:02:03
2931,1239,17,24,29,35.63,55.08,41.93,1009.53,2026-03-14 19:02:06
2932,1257,17,24,29,35.65,55.08,43.32,1009.47,2026-03-14 19:02:10
2933,1268,17,24,29,35.65,55.18,44.24,1009.52,2026-03-14 19:02:13
2934,1239,17,24,29,35.66,55.18,44.24,1009.51,2026-03-14 19:02:16
2935,1204,17,24,29,35.66,55.18,41.93,1009.56,2026-03-14 19:02:19
2936,1180,17,24,29,35.66,55.18,41.01,1009.50,2026-03-14 19:02:22
2937,1198,17,24,29,35.66,55.18,42.85,1009.50,2026-03-14 19:02:25
2938,1216,17,24,29,35.66,55.18,41.01,1009.52,2026-03-14 19:02:28
2939,1247,17,24,29,35.68,55.18,40.55,1009.47,2026-03-14 19:02:32
2940,1270,17,24,29,35.70,55.18,42.39,1009.48,2026-03-14 19:02:35
2941,1263,17,24,29,35.68,55.08,42.39,1009.53,2026-03-14 19:02:38
2942,1235,17,24,29,35.68,55.08,43.78,1009.50,2026-03-14 19:02:41
2943,1207,17,24,29,35.68,55.08,43.32,1009.52,2026-03-14 19:02:44
2944,1224,17,24,29,35.63,55.18,43.78,1009.56,2026-03-14 19:02:47
2945,1236,17,24,29,35.63,55.18,42.85,1009.56,2026-03-14 19:02:50
2946,1253,17,24,29,35.63,55.18,41.01,1009.54,2026-03-14 19:02:54
2947,1247,17,24,29,35.63,55.18,41.01,1009.50,2026-03-14 19:02:57
2948,1217,17,24,29,35.65,55.27,41.93,1009.47,2026-03-14 19:03:00
2949,1190,17,24,29,35.68,55.18,44.24,1009.53,2026-03-14 19:03:03
2950,1173,17,24,29,35.66,55.18,42.85,1009.53,2026-03-14 19:03:06
2951,1193,17,24,29,35.66,55.18,43.78,1009.50,2026-03-14 19:03:09
2952,1214,17,24,29,35.68,55.08,43.78,1009.48,2026-03-14 19:03:12
2953,1235,17,24,29,35.71,54.99,42.39,1009.51,2026-03-14 19:03:16
2954,1239,17,24,29,35.71,54.99,43.78,1009.50,2026-03-14 19:03:19
2955,1216,17,24,29,35.71,54.89,41.93,1009.55,2026-03-14 19:03:22
2956,1194,17,24,29,35.72,54.89,42.39,1009.52,2026-03-14 19:03:25
2957,1184,17,24,29,35.75,54.86,41.93,1009.55,2026-03-14 19:03:28
2958,1205,17,24,29,35.80,54.76,42.39,1009.54,2026-03-14 19:03:31
2959,1221,17,24,29,35.78,54.76,43.78,1009.55,2026-03-14 19:03:34
2960,1239,17,24,29,35.81,54.66,42.39,1009.51,2026-03-14 19:03:38
2961,1216,17,24,29,35.80,54.76,42.85,1009.50,2026-03-14 19:03:41
2962,1184,17,24,29,35.74,54.79,41.93,1009.52,2026-03-14 19:03:44
2963,1166,17,24,29,35.75,54.76,42.39,1009.55,2026-03-14 19:03:47
2964,1171,17,24,29,35.74,54.79,42.85,1009.51,2026-03-14 19:03:50
2965,1199,17,24,29,35.75,54.76,41.47,1009.57,2026-03-14 19:03:54
2966,1219,17,24,29,35.74,54.79,42.39,1009.50,2026-03-14 19:03:57
2967,1244,17,24,29,35.78,54.86,43.78,1009.54,2026-03-14 19:04:00
2968,1235,17,24,29,35.77,54.86,42.39,1009.54,2026-03-14 19:04:03
2969,1209,17,24,29,35.77,54.86,41.93,1009.51,2026-03-14 19:04:06
2970,1180,17,24,29,35.77,54.86,43.32,1009.47,2026-03-14 19:04:09
2971,1184,17,24,29,35.75,54.86,42.85,1009.57,2026-03-14 19:04:13
2972,1210,17,24,29,35.81,54.66,42.39,1009.53,2026-03-14 19:04:16
2973,1222,17,24,29,35.82,54.66,41.47,1009.50,2026-03-14 19:04:19
2974,1221,17,24,29,35.82,54.66,43.32,1009.50,2026-03-14 19:04:22
2975,1197,17,24,29,35.82,54.66,43.78,1009.45,2026-03-14 19:04:25
2976,1175,17,24,29,35.84,54.66,42.39,1009.49,2026-03-14 19:04:28
2977,1174,17,24,29,35.81,54.66,42.85,1009.51,2026-03-14 19:04:32
2978,1189,17,24,29,35.81,54.76,42.85,1009.50,2026-03-14 19:04:35
2979,1220,17,24,29,35.81,54.76,41.93,1009.50,2026-03-14 19:04:38
2980,1239,17,24,29,35.78,54.76,44.24,1009.51,2026-03-14 19:04:41
2981,1236,17,24,29,35.80,54.76,41.93,1009.52,2026-03-14 19:04:45
2982,1212,17,24,29,35.78,54.76,42.39,1009.50,2026-03-14 19:04:48
2983,1184,17,24,29,35.78,54.76,43.78,1009.50,2026-03-14 19:04:51
2984,1179,17,24,29,35.78,54.76,43.78,1009.55,2026-03-14 19:04:54
2985,1207,17,24,29,35.78,54.76,42.39,1009.50,2026-03-14 19:04:57
2986,1229,17,24,29,35.77,54.76,43.78,1009.54,2026-03-14 19:05:01
2987,1233,17,24,29,35.80,54.76,41.93,1009.54,2026-03-14 19:05:04
2988,1212,17,24,29,35.77,54.76,42.39,1009.54,2026-03-14 19:05:07
2989,1195,17,24,29,35.78,54.76,43.78,1009.55,2026-03-14 19:05:10
2990,1176,17,24,29,35.77,54.76,43.78,1009.57,2026-03-14 19:05:14
2991,1184,17,24,29,35.78,54.86,41.93,1009.53,2026-03-14 19:05:17
2992,1207,17,24,29,35.80,54.86,42.85,1009.53,2026-03-14 19:05:20
2993,1226,17,24,29,35.80,54.86,43.78,1009.54,2026-03-14 19:05:23
2994,1239,17,24,29,35.80,54.76,41.47,1009.58,2026-03-14 19:05:26
2995,1221,17,24,29,35.82,54.76,42.85,1009.50,2026-03-14 19:05:30
2996,1186,17,24,29,35.82,54.76,43.78,1009.50,2026-03-14 19:05:33
2997,1184,17,24,29,35.81,54.76,43.32,1009.51,2026-03-14 19:05:36
2998,1205,17,24,29,35.82,54.76,43.32,1009.48,2026-03-14 19:05:39
2999,1221,17,24,29,35.80,54.76,41.47,1009.47,2026-03-14 19:05:43
3000,1231,17,24,29,35.82,54.76,44.24,1009.54,2026-03-14 19:05:46
3001,1204,17,24,29,35.85,54.66,17.05,1009.56,2026-03-14 19:05:49
3002,1184,17,24,29,35.81,54.66,43.78,1009.58,2026-03-14 19:05:52
3003,1160,17,24,29,35.82,54.66,42.39,1009.58,2026-03-14 19:05:55
3004,1171,17,24,29,35.84,54.66,43.78,1009.53,2026-03-14 19:05:59
3005,1189,17,24,29,35.84,54.66,43.78,1009.56,2026-03-14 19:06:02
3006,1207,17,24,29,35.85,54.66,43.32,1009.55,2026-03-14 19:06:05
3007,1232,17,24,29,35.85,54.66,44.24,1009.54,2026-03-14 19:06:08
3008,1221,17,24,29,35.87,54.66,41.93,1009.54,2026-03-14 19:06:11
3009,1196,17,24,29,35.85,54.66,42.39,1009.54,2026-03-14 19:06:14
3010,1171,17,24,29,35.85,54.66,41.93,1009.55,2026-03-14 19:06:17
3011,1180,17,24,29,35.84,54.66,43.32,1009.54,2026-03-14 19:06:21
3012,1212,17,24,29,35.85,54.66,42.39,1009.55,2026-03-14 19:06:24
3013,1225,17,24,29,35.82,54.76,42.85,1009.54,2026-03-14 19:06:27
3014,1228,17,24,29,35.81,54.76,43.78,1009.55,2026-03-14 19:06:30
3015,1206,17,24,29,35.82,54.76,42.85,1009.50,2026-03-14 19:06:33
3016,1175,17,24,29,35.87,54.76,43.78,1009.52,2026-03-14 19:06:36
3017,1163,17,24,29,35.89,54.66,42.39,1009.53,2026-03-14 19:06:39
3018,1183,17,24,29,35.90,54.66,44.24,1009.53,2026-03-14 19:06:42
3019,1206,17,24,29,35.89,54.66,42.85,1009.58,2026-03-14 19:06:46
3020,1225,17,24,29,35.85,54.66,13.82,1009.57,2026-03-14 19:06:49
3021,1240,17,24,29,35.80,54.86,43.78,1009.50,2026-03-14 19:06:52
3022,1226,17,24,29,35.82,54.86,43.32,1009.60,2026-03-14 19:06:55
3023,1192,18,27,28,35.82,54.86,44.24,1009.57,2026-03-14 19:06:58
3024,1181,18,27,28,35.81,54.86,43.32,1009.61,2026-03-14 19:07:01
3025,1196,18,27,29,35.81,54.86,43.32,1009.55,2026-03-14 19:07:05
3026,1221,17,26,28,35.82,54.86,43.32,1009.56,2026-03-14 19:07:08
3027,1236,17,26,28,35.89,54.76,43.78,1009.56,2026-03-14 19:07:11
3028,1226,17,26,28,35.89,54.76,42.39,1009.58,2026-03-14 19:07:14
3029,1202,17,26,28,35.92,54.76,43.32,1009.58,2026-03-14 19:07:17
3030,1177,17,26,28,35.96,54.47,41.47,1009.58,2026-03-14 19:07:20
3031,1168,17,26,28,35.96,54.47,42.39,1009.59,2026-03-14 19:07:24
3032,1199,17,26,28,35.96,54.47,43.32,1009.56,2026-03-14 19:07:27
3033,1224,17,26,28,35.89,54.47,41.93,1009.51,2026-03-14 19:07:30
3034,1234,17,26,28,35.87,54.47,43.78,1009.60,2026-03-14 19:07:33
3035,1239,17,26,28,35.89,54.57,42.39,1009.57,2026-03-14 19:07:36
3036,1240,17,26,28,35.97,54.47,42.39,1009.58,2026-03-14 19:07:39
3037,1221,17,26,28,35.97,54.38,40.55,1009.60,2026-03-14 19:07:43
3038,1224,17,26,28,35.97,54.38,43.78,1009.56,2026-03-14 19:07:46
3039,1253,17,26,28,35.99,54.38,41.93,1009.56,2026-03-14 19:07:49
3040,1417,17,26,28,35.97,54.38,43.32,1009.56,2026-03-14 19:07:52
3041,1691,17,26,28,35.99,54.28,43.78,1009.51,2026-03-14 19:07:55
3042,1791,17,26,28,36.00,54.38,42.39,1009.55,2026-03-14 19:07:58
3043,1703,17,26,28,35.96,54.28,42.85,1009.56,2026-03-14 19:08:01
3044,1747,17,26,28,35.92,54.38,41.01,1009.56,2026-03-14 19:08:05
3045,1729,17,26,28,35.93,54.38,41.47,1009.57,2026-03-14 19:08:08
3046,1745,17,26,28,35.89,54.47,44.24,1009.59,2026-03-14 19:08:11
3047,1675,17,26,28,35.89,54.47,42.85,1009.59,2026-03-14 19:08:14
3048,1573,17,26,28,35.89,54.47,43.78,1009.60,2026-03-14 19:08:17
3049,1465,17,26,28,35.89,54.47,41.01,1009.56,2026-03-14 19:08:20
3050,1377,17,26,28,35.85,54.47,42.39,1009.59,2026-03-14 19:08:24
3051,1323,17,26,28,35.89,54.57,43.78,1009.52,2026-03-14 19:08:27
3052,1346,17,26,28,35.85,54.57,42.85,1009.61,2026-03-14 19:08:30
3053,1410,17,26,28,35.89,54.57,44.24,1009.56,2026-03-14 19:08:33
3054,1589,17,26,28,35.89,54.57,41.93,1009.56,2026-03-14 19:08:36
3055,1510,17,26,28,35.89,54.57,43.32,1009.54,2026-03-14 19:08:39
3056,1393,17,26,28,35.87,54.57,43.78,1009.59,2026-03-14 19:08:43
3057,1318,17,26,28,35.87,54.57,43.32,1009.55,2026-03-14 19:08:46
3058,1250,17,26,28,35.85,54.57,44.24,1009.63,2026-03-14 19:08:49
3059,1230,17,26,28,35.87,54.47,41.93,1009.60,2026-03-14 19:08:53
3060,1208,17,26,28,35.89,54.57,42.39,1009.62,2026-03-14 19:08:56
3061,1198,17,26,28,35.89,54.47,41.93,1009.54,2026-03-14 19:08:59
3062,1180,17,26,28,35.84,54.47,41.93,1009.61,2026-03-14 19:09:02
3063,1124,17,26,28,35.84,54.66,41.93,1009.59,2026-03-14 19:09:05
3064,1099,17,26,28,35.85,54.66,43.32,1009.59,2026-03-14 19:09:09
3065,1099,17,26,28,35.84,54.66,44.24,1009.58,2026-03-14 19:09:12
3066,1105,17,26,28,35.84,54.66,44.24,1009.54,2026-03-14 19:09:15
3067,1111,17,26,28,35.84,54.57,42.85,1009.57,2026-03-14 19:09:18
3068,1119,17,26,28,35.84,54.57,44.24,1009.58,2026-03-14 19:09:22
3069,1092,17,26,28,35.84,54.57,43.32,1009.61,2026-03-14 19:09:25
3070,1071,17,26,28,35.85,54.57,43.32,1009.60,2026-03-14 19:09:28
3071,1075,17,26,28,35.77,54.57,42.85,1009.60,2026-03-14 19:09:31
3072,1124,17,26,28,35.74,54.60,43.78,1009.57,2026-03-14 19:09:34
3073,1274,17,26,28,35.72,54.69,41.93,1009.56,2026-03-14 19:09:37
3074,1391,17,26,28,35.72,54.69,41.93,1009.56,2026-03-14 19:09:41
3075,1455,17,26,28,35.74,54.69,43.32,1009.57,2026-03-14 19:09:44
3076,1484,17,26,28,35.71,54.69,44.24,1009.55,2026-03-14 19:09:47
3077,1410,17,26,28,35.68,54.79,36.86,1009.61,2026-03-14 19:09:50
3078,1354,17,26,28,35.68,54.79,39.17,1009.59,2026-03-14 19:09:54
3079,1395,17,26,28,35.66,54.79,41.47,1009.59,2026-03-14 19:09:57
3080,1443,17,26,28,35.65,54.79,41.93,1009.60,2026-03-14 19:10:00
3081,1569,17,26,28,35.81,54.57,39.63,1009.63,2026-03-14 19:10:03
3082,1507,17,26,28,35.82,54.57,40.09,1009.63,2026-03-14 19:10:07
3083,1399,17,26,28,35.82,54.57,41.47,1009.63,2026-03-14 19:10:10
3084,1325,17,26,28,35.85,54.47,41.01,1009.59,2026-03-14 19:10:14
3085,1366,17,26,28,35.92,54.28,41.47,1009.64,2026-03-14 19:10:17
3086,1426,17,26,28,35.93,54.28,40.55,1009.64,2026-03-14 19:10:20
3087,1546,17,26,31,35.92,54.28,38.71,1009.60,2026-03-14 19:10:23
3088,1636,17,27,31,35.93,54.18,39.17,1009.60,2026-03-14 19:10:26
3089,1676,17,27,31,36.03,53.96,41.01,1009.63,2026-03-14 19:10:29
3090,1590,17,27,31,36.03,53.86,40.09,1009.63,2026-03-14 19:10:33
3091,1480,17,27,31,36.07,53.86,41.01,1009.59,2026-03-14 19:10:36
3092,1410,17,27,31,36.15,53.57,40.55,1009.60,2026-03-14 19:10:39
3093,1370,17,27,31,36.17,53.57,39.17,1009.59,2026-03-14 19:10:42
3094,1360,17,27,31,36.20,53.57,41.01,1009.62,2026-03-14 19:10:45
3095,1387,17,27,31,36.25,53.47,41.01,1009.59,2026-03-14 19:10:48
3096,1309,17,27,31,36.27,53.47,39.63,1009.59,2026-03-14 19:10:51
3097,1242,17,27,31,36.27,53.47,39.17,1009.65,2026-03-14 19:10:54
3098,1200,17,27,31,36.28,53.45,40.55,1009.59,2026-03-14 19:10:58
3099,1193,17,27,31,36.27,53.38,41.01,1009.60,2026-03-14 19:11:01
3100,1180,17,27,31,36.28,53.35,40.55,1009.64,2026-03-14 19:11:04
3101,1175,17,27,31,36.29,53.25,40.55,1009.59,2026-03-14 19:11:07
3102,1157,17,27,31,36.29,53.25,39.63,1009.59,2026-03-14 19:11:10
3103,1110,17,27,31,36.29,53.25,39.63,1009.62,2026-03-14 19:11:13
3104,1083,17,27,31,36.31,53.25,40.09,1009.62,2026-03-14 19:11:17
3105,1069,17,27,31,36.32,53.25,41.01,1009.58,2026-03-14 19:11:20
3106,1194,17,27,31,36.34,53.16,41.47,1009.64,2026-03-14 19:11:23
3107,1271,17,27,31,36.35,53.16,41.01,1009.65,2026-03-14 19:11:26
3108,1312,17,27,31,36.35,53.16,39.63,1009.62,2026-03-14 19:11:29
3109,1348,17,27,31,36.37,53.16,39.17,1009.63,2026-03-14 19:11:32
3110,1339,17,27,31,36.37,53.06,41.47,1009.62,2026-03-14 19:11:35
3111,1285,17,27,31,36.35,53.06,40.09,1009.65,2026-03-14 19:11:39
3112,1237,17,27,31,36.39,53.06,39.63,1009.64,2026-03-14 19:11:42
3113,1236,17,27,31,36.37,53.06,40.09,1009.64,2026-03-14 19:11:45
3114,1257,17,27,31,36.37,53.06,39.63,1009.62,2026-03-14 19:11:48
3115,1332,17,27,31,36.37,53.06,39.63,1009.61,2026-03-14 19:11:52
3116,1332,17,27,31,36.41,53.16,39.63,1009.64,2026-03-14 19:11:55
3117,1351,17,27,31,36.39,53.06,40.09,1009.63,2026-03-14 19:11:58
3118,1351,17,27,31,36.43,53.06,40.09,1009.61,2026-03-14 19:12:02
3119,1351,17,27,31,36.44,52.96,41.47,1009.65,2026-03-14 19:12:05
3120,1351,17,27,31,36.44,53.06,41.47,1009.61,2026-03-14 19:12:08
3121,1351,17,27,31,36.46,52.96,39.63,1009.61,2026-03-14 19:12:12
3122,1351,17,27,31,36.38,53.06,37.79,1009.65,2026-03-14 19:12:15
3123,1351,17,27,31,36.35,53.06,7.37,1009.67,2026-03-14 19:12:18
3124,1351,17,27,31,36.34,53.16,41.47,1009.63,2026-03-14 19:12:22
3125,1351,17,27,31,36.34,53.16,41.47,1009.60,2026-03-14 19:12:25
3126,1351,17,27,31,36.37,53.16,41.47,1009.68,2026-03-14 19:12:28
3127,1351,17,27,31,36.43,53.06,41.47,1009.62,2026-03-14 19:12:31
3128,1351,17,27,31,36.41,53.06,40.09,1009.67,2026-03-14 19:12:35
3129,1351,17,27,31,36.38,53.06,41.47,1009.66,2026-03-14 19:12:38
3130,1351,17,27,31,36.39,53.06,40.55,1009.67,2026-03-14 19:12:41
3131,1351,17,27,31,36.37,53.06,41.47,1009.68,2026-03-14 19:12:45
3132,1351,17,27,31,36.37,52.96,40.55,1009.65,2026-03-14 19:12:48
3133,1351,17,27,31,36.37,53.06,39.63,1009.60,2026-03-14 19:12:51
3134,1351,17,27,31,36.37,53.06,39.63,1009.65,2026-03-14 19:12:54
3135,1351,17,27,31,36.41,53.06,39.63,1009.66,2026-03-14 19:12:58
3136,1351,17,27,31,36.43,53.06,40.09,1009.71,2026-03-14 19:13:01
3137,1351,17,27,31,36.43,52.96,39.63,1009.71,2026-03-14 19:13:04
3138,1351,17,27,31,36.46,52.96,40.55,1009.65,2026-03-14 19:13:08
3139,1351,17,27,31,36.47,52.86,41.01,1009.66,2026-03-14 19:13:12
3140,1351,17,27,31,36.47,52.86,39.17,1009.67,2026-03-14 19:13:15
3141,1351,17,27,31,36.39,52.86,41.01,1009.68,2026-03-14 19:13:18
3142,1351,17,27,31,36.38,52.86,39.63,1009.67,2026-03-14 19:13:21
3143,1351,17,27,31,36.43,53.06,37.79,1009.64,2026-03-14 19:13:25
3144,1351,17,27,31,36.51,52.84,39.63,1009.66,2026-03-14 19:13:28
3145,1351,17,27,31,36.46,52.76,41.93,1009.68,2026-03-14 19:13:31
3146,1351,17,27,31,125.00,52.86,41.47,1009.68,2026-03-14 19:13:35
3147,1351,17,27,31,125.00,52.86,40.09,1009.68,2026-03-14 19:13:38
3148,1351,17,27,31,125.00,52.86,40.09,1009.68,2026-03-14 19:13:41
3149,500,20,30,40,125.00,53.57,62.67,1009.72,2026-03-14 19:13:55
3150,500,20,30,40,125.00,53.57,64.97,1009.72,2026-03-14 19:14:03
3151,3767,20,29,39,0,0,0,0,2026-03-14 19:14:06
3152,3759,20,29,39,125.00,53.69,65.43,1009.71,2026-03-14 19:14:09
3153,3328,20,29,38,125.00,53.69,63.59,1009.68,2026-03-14 19:14:13
3154,2823,21,30,39,125.00,53.79,65.89,1009.66,2026-03-14 19:14:16
3155,2329,20,30,38,125.00,53.79,65.89,1009.67,2026-03-14 19:14:19
3156,2156,20,30,38,125.00,53.79,65.43,1009.67,2026-03-14 19:14:23
3157,2318,19,29,37,125.00,53.79,64.05,1009.66,2026-03-14 19:14:26
3158,2518,19,29,36,125.00,53.77,65.89,1009.64,2026-03-14 19:14:29
3159,2415,19,29,36,125.00,53.79,65.89,1009.64,2026-03-14 19:14:32
3160,2185,20,30,37,125.00,53.79,65.43,1009.64,2026-03-14 19:14:36
3161,1934,20,29,37,125.00,53.79,64.05,1009.71,2026-03-14 19:14:39
3162,1775,20,29,36,125.00,53.77,65.89,1009.68,2026-03-14 19:14:42
3163,1701,20,29,36,125.00,53.79,65.89,1009.69,2026-03-14 19:14:45
3164,1773,20,29,36,125.00,53.79,62.67,1009.69,2026-03-14 19:14:49
3165,1771,20,29,36,125.00,53.79,64.05,1009.67,2026-03-14 19:14:52
3166,1921,20,29,36,125.00,53.79,65.89,1009.69,2026-03-14 19:14:55
3167,1760,20,29,36,125.00,53.89,65.89,1009.72,2026-03-14 19:14:58
3168,1554,20,29,36,125.00,53.89,64.05,1009.67,2026-03-14 19:15:02
3169,1490,20,29,36,125.00,53.89,63.59,1009.68,2026-03-14 19:15:05
3170,1488,20,29,36,125.00,53.89,64.51,1009.69,2026-03-14 19:15:08
3171,1485,20,29,36,125.00,53.89,65.43,1009.69,2026-03-14 19:15:11
3172,1477,20,29,36,125.00,53.99,64.05,1009.71,2026-03-14 19:15:15
3173,1424,20,29,36,125.00,53.99,62.67,1009.72,2026-03-14 19:15:18
3174,1348,20,29,36,125.00,53.99,65.43,1009.69,2026-03-14 19:15:21
3175,1288,20,29,36,125.00,54.08,66.36,1009.71,2026-03-14 19:15:25
3176,1277,20,29,36,125.00,54.08,64.97,1009.71,2026-03-14 19:15:28
3177,1283,20,29,36,125.00,54.08,63.13,1009.67,2026-03-14 19:15:31
3178,1292,20,29,36,125.00,54.08,63.59,1009.70,2026-03-14 19:15:34
3179,1260,20,29,36,125.00,54.08,65.89,1009.66,2026-03-14 19:15:37
3180,1216,20,29,36,125.00,54.08,65.89,1009.68,2026-03-14 19:15:41
3181,1177,20,29,36,125.00,54.08,63.59,1009.72,2026-03-14 19:15:44
3182,1183,20,29,36,125.0.72,125.00#54.08,64.97,1009.68,2026-03-14 19:15:47
3183,1257,20,29,36,125.00,53.99,62.67,1009.73,2026-03-14 19:15:50
3184,1260,20,29,36,125.00,53.99,63.13,1009.73,2026-03-14 19:15:53
3185,1263,20,29,36,125.00,53.99,64.51,1009.73,2026-03-14 19:15:57
3186,1215,20,29,36,125.00,53.89,63.13,1009.69,2026-03-14 19:16:00
3187,1163,20,29,36,125.00,53.89,64.97,1009.69,2026-03-14 19:16:03
3188,1132,20,29,36,125.00,53.89,65.89,1009.71,2026-03-14 19:16:07
3189,1137,20,29,36,125.00,53.89,64.05,1009.69,2026-03-14 19:16:10
3190,1145,20,29,36,125.00,53.89,64.97,1009.75,2026-03-14 19:16:13
3191,1167,20,29,36,125.00,53.89,63.59,1009.73,2026-03-14 19:16:16
3192,1134,20,29,36,125.00,53.89,62.67,1009.73,2026-03-14 19:16:19
3193,1100,20,29,36,125.00,53.89,64.51,1009.73,2026-03-14 19:16:23
3194,1077,20,29,36,125.00,53.89,66.36,1009.69,2026-03-14 19:16:27
3195,1093,20,29,36,125.00,53.89,65.89,1009.70,2026-03-14 19:16:30
3196,1120,20,29,36,125.00,53.79,64.05,1009.75,2026-03-14 19:16:33
3197,1134,20,29,36,125.00,53.79,63.59,1009.70,2026-03-14 19:16:37
3198,1132,20,29,36,125.00,53.79,65.89,1009.71,2026-03-14 19:16:40
3199,1101,20,29,36,125.00,53.91,62.67,1009.72,2026-03-14 19:16:43
3200,1074,20,29,36,125.00,53.99,62.67,1009.73,2026-03-14 19:16:47
3201,1062,20,29,36,125.00,53.89,62.67,1009.70,2026-03-14 19:16:50
3202,1080,20,29,36,125.00,53.89,66.36,1009.76,2026-03-14 19:16:53
3203,1095,20,29,36,125.00,53.89,63.59,1009.68,2026-03-14 19:16:56
3204,1396,20,29,36,125.00,53.89,66.36,1009.71,2026-03-14 19:17:00
3205,1566,20,29,36,125.00,53.89,64.05,1009.73,2026-03-14 19:17:03
3206,1589,20,29,36,125.00,53.79,62.67,1009.70,2026-03-14 19:17:06
3207,1512,20,29,36,125.00,53.89,63.59,1009.70,2026-03-14 19:17:09
3208,1463,20,29,36,125.00,53.79,64.51,1009.70,2026-03-14 19:17:13
3209,1539,20,29,36,125.00,53.79,64.51,1009.75,2026-03-14 19:17:16
3210,1663,20,29,36,125.00,53.69,65.43,1009.70,2026-03-14 19:17:19
3211,1753,20,29,36,125.00,53.69,65.43,1009.73,2026-03-14 19:17:22
3212,1784,20,29,36,125.00,53.59,63.59,1009.71,2026-03-14 19:17:26
3213,1673,20,29,36,125.00,53.69,65.89,1009.70,2026-03-14 19:17:29
3214,1551,20,29,36,0,0,0,0,2026-03-14 19:17:32
3215,1515,20,29,36,0,0,0,0,2026-03-14 19:17:35
3216,1586,20,29,36,0,0,0,0,2026-03-14 19:17:39
3217,1695,20,29,36,0,0,0,0,2026-03-14 19:17:42
3218,1689,20,29,36,0,0,0,0,2026-03-14 19:17:45
3219,1613,20,29,36,0,0,0,0,2026-03-14 19:17:48
3220,1562,20,29,36,0,0,0,0,2026-03-14 19:17:52
3221,1481,20,29,36,0,0,0,0,2026-03-14 19:17:55
3222,1546,20,29,36,0,0,0,0,2026-03-14 19:17:58
3223,1662,20,29,35,0,0,0,0,2026-03-14 19:18:02
3224,1728,20,29,35,0,0,0,0,2026-03-14 19:18:05
3225,1766,20,29,35,0,0,0,0,2026-03-14 19:18:08
3226,1888,20,29,35,0,0,0,0,2026-03-14 19:18:12
3227,1671,20,29,35,125.00,53.79,61.29,1009.74,2026-03-14 19:18:15
3228,1540,20,29,35,125.00,53.79,59.90,1009.75,2026-03-14 19:18:18
3229,1545,20,29,35,125.00,53.79,61.75,1009.75,2026-03-14 19:18:21
3230,1521,20,29,35,125.00,53.79,63.59,1009.70,2026-03-14 19:18:25
3231,1510,20,29,35,125.00,53.79,61.75,1009.73,2026-03-14 19:18:28
3236,0,0,0,0,125.00,61.90,39.63,1010.41,2026-03-14 20:25:52
3237,0,0,0,0,125.00,61.90,39.17,1010.41,2026-03-14 20:25:56
3238,0,0,0,0,125.00,61.87,39.17,1010.41,2026-03-14 20:25:59
3239,0,0,0,0,125.00,61.87,38.25,1010.40,2026-03-14 20:26:03
3240,0,0,0,0,125.00,61.87,39.17,1010.40,2026-03-14 20:26:06
3241,0,0,0,0,125.00,61.87,38.25,1010.40,2026-03-14 20:26:09
3242,0,0,0,0,125.00,61.80,38.25,1010.41,2026-03-14 20:26:13
3243,0,0,0,0,125.00,61.80,39.63,1010.41,2026-03-14 20:26:16
3244,0,0,0,0,125.00,61.80,37.79,1010.41,2026-03-14 20:26:19
3245,0,0,0,0,125.00,61.80,38.71,1010.41,2026-03-14 20:26:22
3246,0,0,0,0,125.00,61.87,39.17,1010.40,2026-03-14 20:26:26
3247,0,0,0,0,125.00,61.87,39.63,1010.36,2026-03-14 20:26:29
3248,0,0,0,0,125.00,61.87,38.71,1010.36,2026-03-14 20:26:32
3249,0,0,0,0,125.00,61.87,37.32,1010.41,2026-03-14 20:26:35
3250,0,0,0,0,125.00,61.77,38.71,1010.37,2026-03-14 20:26:39
3251,0,0,0,0,125.00,61.68,7.37,1010.40,2026-03-14 20:26:42
3252,0,0,0,0,125.00,61.77,34.56,1010.40,2026-03-14 20:26:45
3253,0,0,0,0,125.00,61.68,34.56,1010.38,2026-03-14 20:26:49
3254,0,0,0,0,125.00,61.68,35.02,1010.39,2026-03-14 20:26:52
3255,0,0,0,0,125.00,61.68,35.94,1010.39,2026-03-14 20:26:55
3256,0,0,0,0,125.00,61.68,35.94,1010.37,2026-03-14 20:26:59
3257,0,0,0,0,125.00,61.77,34.10,1010.42,2026-03-14 20:27:03
3258,0,0,0,0,125.00,61.87,35.02,1010.40,2026-03-14 20:27:06
3259,0,0,0,0,125.00,61.87,34.10,1010.38,2026-03-14 20:27:09
3260,0,0,0,0,125.00,61.97,36.40,1010.38,2026-03-14 20:27:12
3261,0,0,0,0,125.00,61.97,36.40,1010.39,2026-03-14 20:27:16
3262,0,0,0,0,125.00,61.97,35.48,1010.38,2026-03-14 20:27:19
3263,0,0,0,0,125.00,61.97,34.56,1010.39,2026-03-14 20:27:22
3264,0,0,0,0,125.00,61.97,35.94,1010.39,2026-03-14 20:27:25
3265,0,0,0,0,125.00,61.97,35.48,1010.39,2026-03-14 20:27:29
3266,0,0,0,0,125.00,62.07,36.40,1010.35,2026-03-14 20:27:32
3267,0,0,0,0,125.00,62.07,35.02,1010.41,2026-03-14 20:27:35
3268,0,0,0,0,125.00,62.07,34.56,1010.41,2026-03-14 20:27:38
3269,0,0,0,0,125.00,62.16,34.10,1010.40,2026-03-14 20:27:42
3270,0,0,0,0,125.00,62.35,35.48,1010.38,2026-03-14 20:27:45
3271,0,0,0,0,125.00,62.26,35.94,1010.42,2026-03-14 20:27:48
3272,0,0,0,0,125.00,62.35,35.02,1010.42,2026-03-14 20:27:52
3273,0,0,0,0,125.00,62.35,34.10,1010.42,2026-03-14 20:27:55
3274,0,0,0,0,125.00,62.26,35.02,1010.41,2026-03-14 20:27:58
3275,0,0,0,0,125.00,62.45,33.64,1010.40,2026-03-14 20:28:01
3276,0,0,0,0,125.00,62.45,35.02,1010.40,2026-03-14 20:28:04
3277,0,0,0,0,125.00,62.45,33.64,1010.43,2026-03-14 20:28:08
3278,0,0,0,0,125.00,62.65,35.48,1010.38,2026-03-14 20:28:11
3279,0,0,0,0,125.00,62.65,34.10,1010.40,2026-03-14 20:28:14
3280,0,0,0,0,125.00,62.74,35.48,1010.40,2026-03-14 20:28:17
3281,0,0,0,0,125.00,62.94,36.86,1010.38,2026-03-14 20:28:20
3282,0,0,0,0,125.00,63.04,35.02,1010.43,2026-03-14 20:28:24
3283,0,0,0,0,125.00,62.94,35.48,1010.41,2026-03-14 20:28:27
3284,0,0,0,0,125.00,62.94,35.02,1010.41,2026-03-14 20:28:30
3285,0,0,0,0,125.00,62.84,35.02,1010.39,2026-03-14 20:28:33
3286,0,0,0,0,125.00,62.84,34.10,1010.40,2026-03-14 20:28:37
3287,0,0,0,0,125.00,62.84,35.02,1010.38,2026-03-14 20:28:40
3288,0,0,0,0,125.00,62.84,36.40,1010.41,2026-03-14 20:28:43
3289,0,0,0,0,125.00,62.84,35.94,1010.39,2026-03-14 20:28:46
3290,0,0,0,0,125.00,62.94,34.56,1010.41,2026-03-14 20:28:50
3291,0,0,0,0,125.00,62.94,34.56,1010.42,2026-03-14 20:28:53
3292,0,0,0,0,125.00,63.17,34.56,1010.43,2026-03-14 20:28:56
3293,0,0,0,0,125.00,63.23,35.94,1010.39,2026-03-14 20:28:59
3294,0,0,0,0,125.00,63.23,35.94,1010.41,2026-03-14 20:29:02
3295,0,0,0,0,125.00,63.23,34.56,1010.40,2026-03-14 20:29:05
3296,0,0,0,0,125.00,63.23,36.40,1010.40,2026-03-14 20:29:09
3297,0,0,0,0,125.00,63.23,34.56,1010.40,2026-03-14 20:29:12
3298,0,0,0,0,125.00,63.26,36.40,1010.41,2026-03-14 20:29:15
3299,0,0,0,0,125.00,63.26,36.40,1010.43,2026-03-14 20:29:18
3300,0,0,0,0,125.00,63.13,35.48,1010.39,2026-03-14 20:29:21
3301,0,0,0,0,125.00,63.13,35.02,1010.46,2026-03-14 20:29:25
3302,0,0,0,0,125.00,63.17,35.94,1010.46,2026-03-14 20:29:28
3303,0,0,0,0,125.00,63.13,35.94,1010.39,2026-03-14 20:29:31
3304,0,0,0,0,125.00,63.13,35.94,1010.41,2026-03-14 20:29:34
3305,0,0,0,0,125.00,63.13,34.10,1010.41,2026-03-14 20:29:38
3306,0,0,0,0,125.00,63.04,34.56,1010.44,2026-03-14 20:29:41
3307,0,0,0,0,125.00,63.13,34.10,1010.44,2026-03-14 20:29:44
3308,0,0,0,0,125.00,63.13,35.02,1010.44,2026-03-14 20:29:47
3309,0,0,0,0,125.00,63.17,35.48,1010.42,2026-03-14 20:29:50
3310,0,0,0,0,125.00,63.23,34.10,1010.37,2026-03-14 20:29:54
3311,0,0,0,0,125.00,63.23,35.02,1010.37,2026-03-14 20:29:57
3312,0,0,0,0,125.00,63.23,35.94,1010.44,2026-03-14 20:30:00
3313,0,0,0,0,125.00,63.13,34.10,1010.41,2026-03-14 20:30:03
3314,0,0,0,0,125.00,63.04,34.56,1010.44,2026-03-14 20:30:07
3315,0,0,0,0,125.00,63.04,34.56,1010.42,2026-03-14 20:30:10
3316,0,0,0,0,125.00,63.13,34.10,1010.42,2026-03-14 20:30:13
3317,0,0,0,0,125.00,63.13,34.10,1010.43,2026-03-14 20:30:16
3318,0,0,0,0,125.00,63.13,35.02,1010.45,2026-03-14 20:30:20
3319,0,0,0,0,125.00,63.23,35.02,1010.42,2026-03-14 20:30:23
3320,0,0,0,0,125.00,63.52,34.10,1010.44,2026-03-14 20:30:26
3321,0,0,0,0,125.00,63.52,35.48,1010.42,2026-03-14 20:30:29
3322,0,0,0,0,125.00,63.52,35.48,1010.39,2026-03-14 20:30:32
3323,0,0,0,0,125.00,63.71,36.40,1010.45,2026-03-14 20:30:36
3324,0,0,0,0,125.00,63.71,35.48,1010.41,2026-03-14 20:30:39
3325,0,0,0,0,125.00,63.81,35.48,1010.41,2026-03-14 20:30:42
3326,0,0,0,0,125.00,63.81,35.94,1010.41,2026-03-14 20:30:45
3327,0,0,0,0,125.00,63.71,35.94,1010.44,2026-03-14 20:30:49
3328,0,0,0,0,125.00,63.81,35.94,1010.50,2026-03-14 20:30:52
3329,0,0,0,0,125.00,64.01,35.48,1010.44,2026-03-14 20:30:55
3330,0,0,0,0,125.00,64.01,35.94,1010.44,2026-03-14 20:30:59
3331,0,0,0,0,125.00,64.01,34.10,1010.41,2026-03-14 20:31:02
3332,0,0,0,0,125.00,63.91,35.48,1010.49,2026-03-14 20:31:05
3333,0,0,0,0,125.00,64.01,34.56,1010.42,2026-03-14 20:31:08
3334,0,0,0,0,125.00,63.81,34.56,1010.45,2026-03-14 20:31:12
3335,0,0,0,0,125.00,63.91,35.48,1010.45,2026-03-14 20:31:15
3336,0,0,0,0,125.00,63.91,35.94,1010.43,2026-03-14 20:31:18
3337,0,0,0,0,125.00,63.91,35.48,1010.46,2026-03-14 20:31:22
3338,0,0,0,0,125.00,64.01,34.56,1010.43,2026-03-14 20:31:25
3339,0,0,0,0,125.00,64.01,35.94,1010.46,2026-03-14 20:31:28
3340,0,0,0,0,125.00,64.20,35.48,1010.45,2026-03-14 20:31:31
3341,0,0,0,0,125.00,64.20,35.94,1010.48,2026-03-14 20:31:34
3342,0,0,0,0,125.00,64.20,35.48,1010.45,2026-03-14 20:31:38
3343,0,0,0,0,125.00,64.11,35.02,1010.50,2026-03-14 20:31:41
3344,0,0,0,0,125.00,64.14,35.02,1010.47,2026-03-14 20:31:44
3345,0,0,0,0,125.00,64.23,36.40,1010.47,2026-03-14 20:31:48
3346,0,0,0,0,125.00,64.20,36.86,1010.48,2026-03-14 20:31:51
3347,0,0,0,0,125.00,64.20,35.02,1010.45,2026-03-14 20:31:54
3348,0,0,0,0,125.00,63.91,36.40,1010.50,2026-03-14 20:31:57
3349,0,0,0,0,125.00,64.01,35.48,1010.47,2026-03-14 20:32:00
3350,0,0,0,0,125.00,63.91,34.56,1010.49,2026-03-14 20:32:04
3351,0,0,0,0,125.00,63.91,35.94,1010.47,2026-03-14 20:32:07
3352,0,0,0,0,125.00,63.71,36.40,1010.49,2026-03-14 20:32:10
3353,0,0,0,0,125.00,63.71,35.48,1010.49,2026-03-14 20:32:13
3354,0,0,0,0,125.00,63.71,34.56,1010.49,2026-03-14 20:32:17
3355,0,0,0,0,125.00,63.81,35.94,1010.46,2026-03-14 20:32:20
3356,0,0,0,0,125.00,63.91,36.40,1010.49,2026-03-14 20:32:23
3357,0,0,0,0,125.00,63.91,35.94,1010.49,2026-03-14 20:32:27
3358,0,0,0,0,125.00,64.01,35.02,1010.45,2026-03-14 20:32:30
3359,0,0,0,0,125.00,64.04,35.48,1010.48,2026-03-14 20:32:33
3360,0,0,0,0,125.00,64.01,36.40,1010.48,2026-03-14 20:32:36
3361,0,0,0,0,125.00,64.01,34.56,1010.48,2026-03-14 20:32:40
3362,0,0,0,0,125.00,64.01,35.48,1010.46,2026-03-14 20:32:43
3363,0,0,0,0,125.00,64.11,35.02,1010.46,2026-03-14 20:32:46
3364,0,0,0,0,125.00,63.91,35.02,1010.50,2026-03-14 20:32:49
3365,0,0,0,0,125.00,63.91,35.02,1010.50,2026-03-14 20:32:53
3366,0,0,0,0,125.00,63.91,35.02,1010.52,2026-03-14 20:32:56
3367,0,0,0,0,125.00,63.91,35.02,1010.50,2026-03-14 20:32:59
3368,0,0,0,0,125.00,63.91,34.10,1010.50,2026-03-14 20:33:02
3369,0,0,0,0,125.00,63.91,34.56,1010.49,2026-03-14 20:33:06
3370,0,0,0,0,125.00,63.91,35.94,1010.47,2026-03-14 20:33:09
3371,0,0,0,0,125.00,63.71,34.56,1010.53,2026-03-14 20:33:16
3372,0,0,0,0,125.00,63.68,35.48,1010.48,2026-03-14 20:33:19
3373,0,0,0,0,125.00,63.68,35.02,1010.53,2026-03-14 20:33:26
3374,0,0,0,0,125.00,63.59,35.48,1010.51,2026-03-14 20:33:29
3375,0,0,0,0,125.00,63.62,36.40,1010.47,2026-03-14 20:33:33
3376,0,0,0,0,125.00,63.49,34.56,1010.51,2026-03-14 20:33:37
3377,0,0,0,0,125.00,63.49,34.56,1010.51,2026-03-14 20:33:41
3378,0,0,0,0,125.00,63.42,35.94,1010.53,2026-03-14 20:33:44
3379,0,0,0,0,125.00,63.52,35.02,1010.53,2026-03-14 20:33:47
3380,0,0,0,0,125.00,63.52,34.56,1010.51,2026-03-14 20:33:51
3381,0,0,0,0,125.00,63.62,36.40,1010.50,2026-03-14 20:33:54
3382,0,0,0,0,125.00,63.68,34.10,1010.52,2026-03-14 20:33:57
3383,0,0,0,0,125.00,63.68,35.02,1010.50,2026-03-14 20:34:01
3384,0,0,0,0,125.00,63.68,35.94,1010.50,2026-03-14 20:34:04
3385,0,0,0,0,125.00,63.68,34.56,1010.50,2026-03-14 20:34:07
3386,0,0,0,0,125.00,63.68,35.02,1010.48,2026-03-14 20:34:11
3387,0,0,0,0,125.00,63.68,36.40,1010.53,2026-03-14 20:34:14
3388,0,0,0,0,125.00,63.59,35.02,1010.49,2026-03-14 20:34:17
3389,0,0,0,0,125.00,63.59,35.94,1010.49,2026-03-14 20:34:21
3390,0,0,0,0,125.00,63.68,35.02,1010.49,2026-03-14 20:34:24
3391,0,0,0,0,0,0,0,0,2026-03-14 20:34:47
3392,0,0,0,0,125.00,63.59,34.10,1010.56,2026-03-14 20:34:49
3393,0,0,0,0,125.00,63.59,34.56,1010.52,2026-03-14 20:34:51
3394,0,0,0,0,125.00,63.56,32.26,1010.54,2026-03-14 20:34:53
3395,0,0,0,0,125.00,63.56,33.64,1010.54,2026-03-14 20:34:55
3396,0,0,0,0,125.00,63.56,31.80,1010.58,2026-03-14 20:34:57
3397,0,0,0,0,125.00,63.68,33.18,1010.51,2026-03-14 20:34:59
3398,0,0,0,0,125.00,63.65,33.18,1010.54,2026-03-14 20:35:01
3399,0,0,0,0,125.00,63.65,33.18,1010.54,2026-03-14 20:35:04
3400,0,0,0,0,125.00,63.65,31.80,1010.55,2026-03-14 20:35:06
3401,0,0,0,0,125.00,63.75,33.18,1010.57,2026-03-14 20:35:08
3402,0,0,0,0,125.00,63.75,33.64,1010.55,2026-03-14 20:35:10
3403,0,0,0,0,125.00,63.78,32.26,1010.55,2026-03-14 20:35:12
3404,0,0,0,0,125.00,63.88,33.64,1010.55,2026-03-14 20:35:14
3405,0,0,0,0,125.00,63.95,33.64,1010.56,2026-03-14 20:35:16
3406,0,0,0,0,125.00,63.95,31.80,1010.54,2026-03-14 20:35:18
3407,0,0,0,0,125.00,64.04,32.72,1010.57,2026-03-14 20:35:20
3408,0,0,0,0,125.00,64.07,33.64,1010.56,2026-03-14 20:35:22
3409,0,0,0,0,125.00,64.04,34.10,1010.56,2026-03-14 20:35:24
3410,0,0,0,0,125.00,64.14,32.72,1010.54,2026-03-14 20:35:26
3411,0,0,0,0,125.00,64.14,34.10,1010.54,2026-03-14 20:35:28
3412,0,0,0,0,125.00,64.14,32.72,1010.51,2026-03-14 20:35:30
3413,0,0,0,0,125.00,64.14,33.18,1010.58,2026-03-14 20:35:32
3414,0,0,0,0,125.00,64.14,33.64,1010.55,2026-03-14 20:35:34
3415,0,0,0,0,125.00,64.14,32.26,1010.59,2026-03-14 20:35:36
3416,0,0,0,0,125.00,64.17,34.10,1010.57,2026-03-14 20:35:38
3417,0,0,0,0,125.00,64.17,32.72,1010.54,2026-03-14 20:35:40
3418,0,0,0,0,125.00,64.26,32.72,1010.53,2026-03-14 20:35:42
3419,0,0,0,0,125.00,64.36,33.18,1010.56,2026-03-14 20:35:44
3420,0,0,0,0,125.00,64.36,33.64,1010.55,2026-03-14 20:35:46
3421,0,0,0,0,125.00,64.26,32.26,1010.57,2026-03-14 20:35:48
3422,0,0,0,0,125.00,64.26,36.40,1010.54,2026-03-14 20:35:50
3423,0,0,0,0,125.00,64.26,35.48,1010.56,2026-03-14 20:35:52
3424,0,0,0,0,125.00,64.26,36.40,1010.58,2026-03-14 20:35:54
3425,0,0,0,0,125.00,64.26,34.56,1010.55,2026-03-14 20:35:56
3426,0,0,0,0,125.00,64.26,34.56,1010.55,2026-03-14 20:36:00
3427,0,0,0,0,125.00,64.26,35.02,1010.55,2026-03-14 20:36:02
3428,0,0,0,0,125.00,64.14,35.02,1010.58,2026-03-14 20:36:04
3429,0,0,0,0,125.00,64.14,35.94,1010.60,2026-03-14 20:36:06
3430,0,0,0,0,125.00,64.14,35.94,1010.60,2026-03-14 20:36:08
3431,0,0,0,0,125.00,64.04,35.02,1010.55,2026-03-14 20:36:10
3432,0,0,0,0,125.00,64.07,35.94,1010.58,2026-03-14 20:36:12
3433,0,0,0,0,125.00,64.17,34.56,1010.60,2026-03-14 20:36:14
3434,0,0,0,0,125.00,64.17,35.94,1010.58,2026-03-14 20:36:16
3435,0,0,0,0,125.00,64.14,35.02,1010.57,2026-03-14 20:36:18
3436,0,0,0,0,125.00,64.04,36.40,1010.53,2026-03-14 20:36:20
3437,0,0,0,0,125.00,64.04,34.56,1010.57,2026-03-14 20:36:22
3438,0,0,0,0,125.00,63.95,34.56,1010.56,2026-03-14 20:36:24
3439,0,0,0,0,125.00,63.95,33.18,1010.58,2026-03-14 20:36:26
3440,0,0,0,0,125.00,63.95,30.87,1010.58,2026-03-14 20:36:28
3441,0,0,0,0,125.00,63.95,33.64,1010.55,2026-03-14 20:36:30
3442,0,0,0,0,125.00,63.85,33.64,1010.56,2026-03-14 20:36:32
3443,0,0,0,0,125.00,63.75,32.72,1010.57,2026-03-14 20:36:34
3444,0,0,0,0,125.00,63.75,32.72,1010.59,2026-03-14 20:36:36
3445,0,0,0,0,125.00,63.75,33.18,1010.56,2026-03-14 20:36:38
3446,0,0,0,0,125.00,63.65,33.18,1010.57,2026-03-14 20:36:40
3447,0,0,0,0,125.00,63.56,33.18,1010.56,2026-03-14 20:36:42
3448,0,0,0,0,125.00,63.56,32.72,1010.57,2026-03-14 20:36:44
3449,0,0,0,0,125.00,63.56,32.26,1010.59,2026-03-14 20:36:46
3450,0,0,0,0,125.00,63.56,34.10,1010.58,2026-03-14 20:36:48
3451,0,0,0,0,125.00,63.65,33.18,1010.62,2026-03-14 20:36:50
3452,0,0,0,0,125.00,63.56,33.64,1010.59,2026-03-14 20:36:52
3453,0,0,0,0,125.00,63.65,34.56,1010.57,2026-03-14 20:36:54
3454,0,0,0,0,125.00,63.75,33.64,1010.60,2026-03-14 20:36:56
3455,0,0,0,0,125.00,63.75,33.18,1010.61,2026-03-14 20:36:58
3456,0,0,0,0,125.00,63.75,34.56,1010.59,2026-03-14 20:37:00
3457,0,0,0,0,125.00,63.65,34.56,1010.57,2026-03-14 20:37:02
3458,0,0,0,0,125.00,63.65,33.64,1010.61,2026-03-14 20:37:04
3459,0,0,0,0,125.00,63.68,33.64,1010.58,2026-03-14 20:37:06
3460,0,0,0,0,125.00,63.68,35.48,1010.61,2026-03-14 20:37:08
3461,0,0,0,0,125.00,63.78,33.64,1010.62,2026-03-14 20:37:10
3462,0,0,0,0,125.00,63.78,34.56,1010.62,2026-03-14 20:37:12
3463,0,0,0,0,125.00,63.88,34.56,1010.59,2026-03-14 20:37:14
3464,0,0,0,0,125.00,63.88,32.26,1010.57,2026-03-14 20:37:16
3465,0,0,0,0,125.00,63.88,32.26,1010.57,2026-03-14 20:37:18
3466,0,0,0,0,125.00,63.88,34.10,1010.59,2026-03-14 20:37:20
3467,0,0,0,0,125.00,63.88,33.18,1010.56,2026-03-14 20:37:22
3468,0,0,0,0,125.00,63.88,32.26,1010.58,2026-03-14 20:37:24
3469,0,0,0,0,125.00,63.88,34.56,1010.60,2026-03-14 20:37:26
3470,0,0,0,0,125.00,63.88,32.26,1010.61,2026-03-14 20:37:28
3471,0,0,0,0,125.00,63.88,33.18,1010.56,2026-03-14 20:37:30
3472,0,0,0,0,125.00,63.88,33.64,1010.57,2026-03-14 20:37:32
3473,0,0,0,0,125.00,63.88,35.02,1010.59,2026-03-14 20:37:34
3474,0,0,0,0,125.00,63.88,34.10,1010.61,2026-03-14 20:37:36
3475,0,0,0,0,125.00,63.78,32.72,1010.61,2026-03-14 20:37:38
3476,0,0,0,0,125.00,63.59,35.02,1010.63,2026-03-14 20:37:40
3477,0,0,0,0,125.00,63.59,33.64,1010.62,2026-03-14 20:37:42
3478,0,0,0,0,125.00,63.49,33.18,1010.58,2026-03-14 20:37:44
3479,0,0,0,0,125.00,63.49,36.40,1010.60,2026-03-14 20:37:46
3480,0,0,0,0,125.00,63.49,35.48,1010.61,2026-03-14 20:37:48
3481,0,0,0,0,125.00,63.49,34.10,1010.60,2026-03-14 20:37:50
3482,0,0,0,0,125.00,63.49,33.64,1010.56,2026-03-14 20:37:52
3483,0,0,0,0,125.00,63.39,35.48,1010.61,2026-03-14 20:37:54
3484,0,0,0,0,125.00,63.39,33.64,1010.60,2026-03-14 20:37:56
3485,0,0,0,0,125.00,63.29,34.10,1010.60,2026-03-14 20:37:58
3486,0,0,0,0,125.00,63.20,35.48,1010.62,2026-03-14 20:38:00
3487,0,0,0,0,125.00,63.10,35.48,1010.58,2026-03-14 20:38:02
3488,0,0,0,0,125.00,63.01,34.10,1010.64,2026-03-14 20:38:04
3489,0,0,0,0,125.00,63.01,33.18,1010.59,2026-03-14 20:38:06
3490,0,0,0,0,125.00,62.98,35.02,1010.62,2026-03-14 20:38:08
3491,0,0,0,0,125.00,62.91,33.18,1010.63,2026-03-14 20:38:10
3492,0,0,0,0,125.00,62.81,34.10,1010.59,2026-03-14 20:38:12
3493,0,0,0,0,125.00,62.78,33.18,1010.61,2026-03-14 20:38:14
3494,0,0,0,0,125.00,62.59,33.64,1010.58,2026-03-14 20:38:16
3495,0,0,0,0,125.00,62.52,35.02,1010.63,2026-03-14 20:38:18
3496,0,0,0,0,125.00,62.52,33.18,1010.61,2026-03-14 20:38:20
3497,0,0,0,0,125.00,62.49,33.18,1010.63,2026-03-14 20:38:22
3498,0,0,0,0,125.00,62.52,34.56,1010.59,2026-03-14 20:38:24
3499,0,0,0,0,125.00,62.52,34.56,1010.62,2026-03-14 20:38:26
3500,0,0,0,0,125.00,62.52,33.64,1010.64,2026-03-14 20:38:28
3501,0,0,0,0,125.00,62.62,35.02,1010.63,2026-03-14 20:38:30
3502,0,0,0,0,125.00,62.62,33.18,1010.57,2026-03-14 20:38:32
3503,0,0,0,0,125.00,62.62,33.64,1010.62,2026-03-14 20:38:34
3504,0,0,0,0,125.00,62.62,35.02,1010.61,2026-03-14 20:38:36
3505,0,0,0,0,125.00,62.62,33.18,1010.62,2026-03-14 20:38:38
3506,0,0,0,0,125.00,62.62,33.64,1010.62,2026-03-14 20:38:40
3507,0,0,0,0,125.00,62.62,33.64,1010.61,2026-03-14 20:38:42
3508,0,0,0,0,125.00,62.62,35.02,1010.59,2026-03-14 20:38:44
3509,0,0,0,0,125.00,62.62,34.10,1010.60,2026-03-14 20:38:46
3510,0,0,0,0,125.00,62.62,34.10,1010.63,2026-03-14 20:38:48
3511,0,0,0,0,125.00,62.62,35.94,1010.66,2026-03-14 20:38:50
3512,0,0,0,0,125.00,62.62,36.40,1010.62,2026-03-14 20:38:52
3513,0,0,0,0,125.00,62.71,34.56,1010.60,2026-03-14 20:38:54
3514,0,0,0,0,125.00,62.71,35.02,1010.64,2026-03-14 20:38:56
3515,0,0,0,0,125.00,62.71,34.56,1010.64,2026-03-14 20:38:58
3516,0,0,0,0,125.00,62.71,35.94,1010.65,2026-03-14 20:39:00
3517,0,0,0,0,125.00,62.81,35.94,1010.62,2026-03-14 20:39:02
3518,0,0,0,0,125.00,62.91,33.18,1010.62,2026-03-14 20:39:04
3519,0,0,0,0,125.00,62.91,33.64,1010.64,2026-03-14 20:39:06
3520,0,0,0,0,125.00,62.91,36.40,1010.66,2026-03-14 20:39:08
3521,0,0,0,0,125.00,62.94,35.48,1010.60,2026-03-14 20:39:10
3522,0,0,0,0,125.00,62.91,34.56,1010.66,2026-03-14 20:39:12
3523,0,0,0,0,125.00,62.91,33.64,1010.62,2026-03-14 20:39:14
3524,0,0,0,0,125.00,62.91,33.64,1010.62,2026-03-14 20:39:16
3525,0,0,0,0,125.00,62.81,35.02,1010.60,2026-03-14 20:39:18
3526,0,0,0,0,125.00,62.81,35.02,1010.64,2026-03-14 20:39:20
3527,0,0,0,0,125.00,62.62,33.64,1010.67,2026-03-14 20:39:22
3528,0,0,0,0,125.00,62.62,32.26,1010.66,2026-03-14 20:39:24
3529,0,0,0,0,125.00,62.62,30.87,1010.65,2026-03-14 20:39:26
3530,0,0,0,0,125.00,62.62,32.72,1010.62,2026-03-14 20:39:28
3531,0,0,0,0,125.00,62.62,30.87,1010.62,2026-03-14 20:39:30
3532,0,0,0,0,125.00,62.62,4.15,1010.60,2026-03-14 20:39:32
3533,0,0,0,0,125.00,62.71,3.69,1010.65,2026-03-14 20:39:34
3534,0,0,0,0,125.00,62.62,27.65,1010.60,2026-03-14 20:39:36
3535,0,0,0,0,125.00,62.52,29.03,1010.63,2026-03-14 20:39:38
3536,0,0,0,0,125.00,62.32,29.95,1010.61,2026-03-14 20:39:40
3537,0,0,0,0,125.00,62.23,30.41,1010.60,2026-03-14 20:39:42
3538,0,0,0,0,125.00,62.13,31.80,1010.63,2026-03-14 20:39:44
3539,0,0,0,0,125.00,62.04,31.80,1010.62,2026-03-14 20:39:46
3540,0,0,0,0,125.00,61.91,29.03,1010.68,2026-03-14 20:39:48
3541,0,0,0,0,125.00,61.81,34.10,1010.64,2026-03-14 20:39:50
3542,0,0,0,0,125.00,61.74,38.25,1010.57,2026-03-14 20:39:52
3543,0,0,0,0,125.00,61.74,39.17,1010.66,2026-03-14 20:39:54
3544,0,0,0,0,125.00,61.74,37.79,1010.64,2026-03-14 20:39:56
3545,0,0,0,0,0,0,0,0,2026-03-14 20:40:06
3546,0,0,0,0,125.00,61.94,37.32,1010.64,2026-03-14 20:40:08
3547,0,0,0,0,125.00,61.94,37.32,1010.64,2026-03-14 20:40:11
3548,0,0,0,0,125.00,61.81,36.40,1010.66,2026-03-14 20:40:13
3549,0,0,0,0,125.00,61.81,38.25,1010.66,2026-03-14 20:40:15
3550,0,0,0,0,125.00,61.74,37.79,1010.66,2026-03-14 20:40:17
3551,0,0,0,0,125.00,61.74,39.63,1010.64,2026-03-14 20:40:19
3552,0,0,0,0,125.00,61.74,38.25,1010.63,2026-03-14 20:40:21
3553,0,0,0,0,125.00,61.84,38.25,1010.62,2026-03-14 20:40:23
3554,0,0,0,0,125.00,61.84,38.25,1010.65,2026-03-14 20:40:25
3555,0,0,0,0,125.00,61.84,38.71,1010.64,2026-03-14 20:40:27
3556,0,0,0,0,125.00,61.84,36.86,1010.64,2026-03-14 20:40:29
3557,0,0,0,0,125.00,61.84,39.17,1010.60,2026-03-14 20:40:31
3558,0,0,0,0,125.00,61.84,32.72,1010.64,2026-03-14 20:40:33
3559,0,0,0,0,125.00,61.84,9.68,1010.60,2026-03-14 20:40:35
3560,0,0,0,0,125.00,61.94,9.22,1010.61,2026-03-14 20:40:37
3561,0,0,0,0,125.00,62.04,7.37,1010.62,2026-03-14 20:40:39
3562,0,0,0,0,125.00,62.04,35.02,1010.63,2026-03-14 20:40:41
3563,0,0,0,0,125.00,62.04,36.86,1010.62,2026-03-14 20:40:43
3564,0,0,0,0,125.00,61.94,36.40,1010.65,2026-03-14 20:40:45
3565,0,0,0,0,125.00,61.94,35.02,1010.65,2026-03-14 20:40:47
3566,0,0,0,0,125.00,61.94,35.94,1010.64,2026-03-14 20:40:49
3567,0,0,0,0,125.00,62.04,35.02,1010.65,2026-03-14 20:40:51
3568,0,0,0,0,125.00,61.94,36.86,1010.62,2026-03-14 20:40:53
3569,0,0,0,0,125.00,61.94,35.94,1010.60,2026-03-14 20:40:55
3570,0,0,0,0,125.00,61.91,36.40,1010.61,2026-03-14 20:40:57
3571,0,0,0,0,125.00,61.91,35.02,1010.63,2026-03-14 20:40:59
3572,0,0,0,0,125.00,61.81,35.94,1010.58,2026-03-14 20:41:01
3573,0,0,0,0,125.00,61.81,35.48,1010.65,2026-03-14 20:41:03
3574,0,0,0,0,125.00,61.71,36.86,1010.67,2026-03-14 20:41:05
3575,0,0,0,0,125.00,61.61,35.02,1010.65,2026-03-14 20:41:07
3576,0,0,0,0,125.00,61.52,35.02,1010.66,2026-03-14 20:41:09
3577,0,0,0,0,125.00,61.52,36.86,1010.63,2026-03-14 20:41:11
3578,0,0,0,0,125.00,61.52,24.88,1010.61,2026-03-14 20:41:13
3579,0,0,0,0,125.00,61.61,39.17,1010.61,2026-03-14 20:41:15
3580,0,0,0,0,125.00,61.61,39.17,1010.61,2026-03-14 20:41:17
3581,0,0,0,0,37.22,61.61,35.48,1010.60,2026-03-14 20:41:19
3582,0,0,0,0,37.22,61.61,35.94,1010.63,2026-03-14 20:41:21
3583,0,0,0,0,37.20,61.61,35.94,1010.63,2026-03-14 20:41:23
3584,0,0,0,0,37.20,61.71,37.79,1010.63,2026-03-14 20:41:25
3585,0,0,0,0,37.15,61.61,33.64,1010.62,2026-03-14 20:41:27
3586,0,0,0,0,37.17,61.61,34.10,1010.61,2026-03-14 20:41:29
3587,0,0,0,0,37.13,61.61,34.56,1010.62,2026-03-14 20:41:31
3588,0,0,0,0,37.12,61.61,34.56,1010.66,2026-03-14 20:41:33
3589,0,0,0,0,37.10,61.71,2.30,1010.61,2026-03-14 20:41:35
3590,0,0,0,0,37.12,62.10,2.30,1010.62,2026-03-14 20:41:37
3591,0,0,0,0,37.12,62.10,2.76,1010.70,2026-03-14 20:41:39
3592,0,0,0,0,37.13,62.29,7.37,1010.60,2026-03-14 20:41:41
3593,0,0,0,0,37.17,62.29,29.95,1010.62,2026-03-14 20:41:43
3594,0,0,0,0,37.17,62.19,36.86,1010.66,2026-03-14 20:41:45
3595,0,0,0,0,37.21,62.01,35.02,1010.63,2026-03-14 20:41:47
3596,0,0,0,0,37.21,61.91,34.56,1010.63,2026-03-14 20:41:49
3597,0,0,0,0,37.20,61.81,36.40,1010.63,2026-03-14 20:41:51
3598,0,0,0,0,37.21,61.71,34.56,1010.64,2026-03-14 20:41:53
3599,0,0,0,0,37.20,61.71,34.56,1010.62,2026-03-14 20:41:55
3600,0,0,0,0,37.20,61.71,35.94,1010.61,2026-03-14 20:41:57
3601,0,0,0,0,37.25,61.61,34.10,1010.65,2026-03-14 20:41:59
3602,0,0,0,0,37.27,61.52,33.18,1010.62,2026-03-14 20:42:01
3603,0,0,0,0,37.34,61.58,6.91,1010.60,2026-03-14 20:42:03
3604,0,0,0,0,37.37,61.68,30.41,1010.64,2026-03-14 20:42:05
3605,0,0,0,0,0,0,0,0,2026-03-14 20:42:11
3606,0,0,0,0,37.31,61.39,30.41,1010.63,2026-03-14 20:42:13
3607,0,0,0,0,37.34,61.39,29.03,1010.62,2026-03-14 20:42:15
3608,0,0,0,0,37.32,61.29,27.19,1010.63,2026-03-14 20:42:17
3609,0,0,0,0,37.31,61.29,26.73,1010.64,2026-03-14 20:42:19
3610,0,0,0,0,37.29,61.29,24.42,1010.66,2026-03-14 20:42:21
3611,0,0,0,0,37.32,61.78,26.27,1010.64,2026-03-14 20:42:23
3612,0,0,0,0,37.37,62.07,32.26,1010.66,2026-03-14 20:42:25
3613,0,0,0,0,37.34,61.88,26.27,1010.61,2026-03-14 20:42:27
3614,0,0,0,0,37.34,61.98,23.96,1010.65,2026-03-14 20:42:29
3615,0,0,0,0,37.39,62.26,24.88,1010.66,2026-03-14 20:42:31
3616,0,0,0,0,37.44,62.46,23.96,1010.66,2026-03-14 20:42:33
3617,0,0,0,0,37.46,62.65,23.50,1010.63,2026-03-14 20:42:35
3618,500,0,0,0,37.47,62.46,26.73,1010.63,2026-03-14 20:42:37
3619,500,0,0,0,37.56,62.04,33.64,1010.65,2026-03-14 20:42:39
3620,500,0,0,0,37.55,61.65,34.10,1010.63,2026-03-14 20:42:41
3621,1739,0,0,0,37.59,61.46,35.02,1010.66,2026-03-14 20:42:43
3622,1737,0,0,0,37.56,61.17,33.64,1010.62,2026-03-14 20:42:45
3623,1732,0,0,0,37.44,61.00,35.48,1010.65,2026-03-14 20:42:47
3624,1726,0,0,0,37.46,61.00,34.56,1010.68,2026-03-14 20:42:49
3625,1714,0,0,0,37.44,61.00,33.64,1010.67,2026-03-14 20:42:51
3626,1695,0,0,0,37.46,61.00,35.02,1010.62,2026-03-14 20:42:53
3627,1666,0,0,0,37.49,61.10,35.02,1010.60,2026-03-14 20:42:55
3628,1640,0,0,0,37.47,61.00,33.64,1010.63,2026-03-14 20:42:57
3629,1619,0,0,0,37.50,61.00,33.64,1010.66,2026-03-14 20:42:59
3630,1589,0,0,0,37.47,61.00,34.10,1010.66,2026-03-14 20:43:01
3631,1569,0,0,0,37.49,60.91,29.49,1010.63,2026-03-14 20:43:03
3632,1552,0,0,0,37.55,60.97,29.95,1010.65,2026-03-14 20:43:05
3633,1526,0,0,0,37.57,60.97,35.02,1010.68,2026-03-14 20:43:07
3634,1500,0,0,0,37.56,60.88,33.64,1010.67,2026-03-14 20:43:09
3635,1459,0,0,0,37.60,60.88,33.18,1010.65,2026-03-14 20:43:11
3636,1437,0,0,0,37.62,60.88,28.11,1010.63,2026-03-14 20:43:13
3637,1414,0,0,0,37.62,61.07,29.03,1010.73,2026-03-14 20:43:15
3638,1393,0,0,0,37.63,61.07,36.86,1010.62,2026-03-14 20:43:17
3639,1364,0,0,0,37.63,60.78,37.79,1010.65,2026-03-14 20:43:19
3640,1351,0,0,0,37.67,60.88,35.94,1010.66,2026-03-14 20:43:21
3641,1330,0,0,0,37.72,60.68,36.86,1010.66,2026-03-14 20:43:23
3642,1306,0,0,0,37.70,60.58,29.03,1010.63,2026-03-14 20:43:25
3643,1283,0,0,0,37.69,60.68,28.11,1010.65,2026-03-14 20:43:27
3644,1275,0,0,0,37.70,60.68,29.49,1010.64,2026-03-14 20:43:29
3645,1275,0,0,0,37.66,60.58,35.48,1010.69,2026-03-14 20:43:31
3646,1259,0,0,0,37.67,60.49,4.61,1010.65,2026-03-14 20:43:33
3647,1251,0,0,0,37.70,60.58,34.56,1010.65,2026-03-14 20:43:35
3648,1233,0,0,0,37.69,60.58,41.47,1010.68,2026-03-14 20:43:37
3649,1221,0,0,0,37.74,60.39,33.64,1010.65,2026-03-14 20:43:39
3650,1215,0,0,0,37.75,60.58,34.10,1010.64,2026-03-14 20:43:41
3651,1206,0,0,0,37.81,60.65,37.32,1010.63,2026-03-14 20:43:43
3652,1197,0,0,0,37.76,60.49,41.47,1010.65,2026-03-14 20:43:45
3653,1187,0,0,0,37.82,60.36,43.78,1010.66,2026-03-14 20:43:47
3654,1183,0,0,0,37.85,60.27,41.93,1010.66,2026-03-14 20:43:49
3655,1177,0,0,0,37.84,60.17,41.47,1010.64,2026-03-14 20:43:51
3656,1157,0,0,0,37.88,60.17,41.01,1010.69,2026-03-14 20:43:53
3657,1159,0,0,0,37.89,60.07,42.39,1010.72,2026-03-14 20:43:55
3658,1142,0,0,0,37.91,60.07,41.47,1010.65,2026-03-14 20:43:57
3659,1138,0,0,0,37.78,60.00,41.47,1010.69,2026-03-14 20:43:59
3660,1117,0,0,0,37.84,59.97,41.47,1010.68,2026-03-14 20:44:01
3661,1118,0,0,0,37.88,59.97,43.32,1010.68,2026-03-14 20:44:03
3662,1112,0,0,0,37.91,59.97,41.93,1010.70,2026-03-14 20:44:05
3663,1111,0,0,0,37.89,59.88,39.63,1010.67,2026-03-14 20:44:07
3664,1100,0,0,0,37.88,60.07,33.18,1010.66,2026-03-14 20:44:09
3665,1096,0,0,0,37.96,60.07,35.02,1010.69,2026-03-14 20:44:11
3666,1096,0,0,0,37.97,60.17,33.64,1010.67,2026-03-14 20:44:13
3667,1090,0,0,0,37.98,60.17,35.02,1010.69,2026-03-14 20:44:15
3668,1107,0,0,0,37.89,59.97,34.10,1010.64,2026-03-14 20:44:17
3669,1101,0,0,0,37.91,59.97,39.63,1010.66,2026-03-14 20:44:19
3670,1100,0,0,0,37.93,59.88,40.55,1010.70,2026-03-14 20:44:21
3671,1098,0,0,0,37.96,59.78,4.15,1010.71,2026-03-14 20:44:23
3672,1090,0,0,0,37.78,59.81,38.71,1010.69,2026-03-14 20:44:25
3673,1072,22,34,44,0,0,0,0,2026-03-14 20:44:32
3674,1078,23,35,43,37.76,59.81,41.01,1010.67,2026-03-14 20:44:34
3675,1072,21,34,42,37.64,59.91,42.85,1010.69,2026-03-14 20:44:36
3676,1077,21,34,42,37.62,60.00,40.55,1010.68,2026-03-14 20:44:38
3677,1060,22,35,43,37.72,60.10,42.85,1010.69,2026-03-14 20:44:40
3678,1061,21,34,42,37.70,60.10,40.09,1010.66,2026-03-14 20:44:42
3679,1048,22,35,43,37.59,60.10,42.39,1010.64,2026-03-14 20:44:44
3680,1038,22,35,43,37.55,60.10,42.39,1010.66,2026-03-14 20:44:46
3681,1030,21,34,43,37.44,60.23,40.09,1010.67,2026-03-14 20:44:48
3682,1048,22,35,44,37.47,60.32,42.39,1010.66,2026-03-14 20:44:50
3683,1048,22,35,44,37.44,60.32,40.09,1010.72,2026-03-14 20:44:52
3684,1031,21,34,43,37.37,60.42,42.39,1010.69,2026-03-14 20:44:54
3685,1022,21,34,43,37.44,60.52,40.09,1010.69,2026-03-14 20:44:56
3686,1034,22,35,44,37.41,60.52,42.39,1010.68,2026-03-14 20:44:58
3687,1036,21,34,43,37.44,60.42,42.39,1010.69,2026-03-14 20:45:00
3688,1029,21,34,43,37.37,60.42,41.01,1010.69,2026-03-14 20:45:02
3689,1023,22,35,43,37.43,60.52,43.32,1010.67,2026-03-14 20:45:04
3690,1022,22,35,43,37.47,60.61,41.01,1010.69,2026-03-14 20:45:06
3691,1023,21,34,42,37.49,60.61,42.85,1010.67,2026-03-14 20:45:08
3692,1015,21,34,42,37.50,60.52,41.47,1010.67,2026-03-14 20:45:10
3693,1006,23,35,44,37.44,60.52,42.39,1010.67,2026-03-14 20:45:12
3694,1006,23,35,44,37.47,60.52,42.39,1010.68,2026-03-14 20:45:14
3695,1002,23,35,43,37.50,60.42,41.93,1010.69,2026-03-14 20:45:16
3696,1002,23,35,43,37.55,60.49,43.32,1010.68,2026-03-14 20:45:18
3697,998,23,35,42,37.49,60.42,43.32,1010.68,2026-03-14 20:45:20
3698,996,23,35,42,37.41,60.32,41.01,1010.68,2026-03-14 20:45:22
3699,998,22,33,40,37.46,60.42,43.32,1010.73,2026-03-14 20:45:24
3700,1003,22,33,40,37.40,60.42,41.47,1010.69,2026-03-14 20:45:26
3701,990,22,33,39,37.47,60.42,42.85,1010.69,2026-03-14 20:45:28
3702,983,23,34,40,37.44,60.42,41.47,1010.65,2026-03-14 20:45:30
3703,996,22,33,39,37.43,60.42,41.93,1010.67,2026-03-14 20:45:32
3704,1001,22,33,39,37.31,60.42,41.47,1010.70,2026-03-14 20:45:34
3705,997,22,34,40,37.36,60.52,43.32,1010.70,2026-03-14 20:45:36
3706,993,22,34,40,37.36,60.52,41.01,1010.69,2026-03-14 20:45:38
3707,991,21,33,40,37.28,60.52,43.32,1010.70,2026-03-14 20:45:40
3708,991,21,33,40,37.17,60.64,41.47,1010.68,2026-03-14 20:45:42
3709,993,21,33,40,37.22,60.84,43.32,1010.69,2026-03-14 20:45:44
3710,992,22,34,41,37.20,60.84,41.47,1010.67,2026-03-14 20:45:46
3711,997,22,34,41,37.10,60.94,42.39,1010.75,2026-03-14 20:45:48
3712,998,22,33,40,37.07,61.04,41.93,1010.71,2026-03-14 20:45:50
3713,987,22,33,40,37.06,61.04,42.39,1010.65,2026-03-14 20:45:52
3714,984,22,33,40,36.99,61.07,41.93,1010.67,2026-03-14 20:45:54
3715,988,22,33,40,36.90,61.25,41.93,1010.69,2026-03-14 20:45:56
3716,986,23,34,41,36.88,61.35,41.47,1010.71,2026-03-14 20:45:58
3717,981,23,34,41,36.85,61.45,41.01,1010.68,2026-03-14 20:46:00
3718,980,23,33,41,36.83,61.55,41.47,1010.73,2026-03-14 20:46:02
3719,984,22,33,40,36.80,61.55,41.93,1010.69,2026-03-14 20:46:04
3720,984,22,33,41,36.80,61.65,40.55,1010.72,2026-03-14 20:46:06
3721,982,22,33,41,36.75,61.68,42.85,1010.69,2026-03-14 20:46:08
3722,987,22,34,41,36.71,61.77,40.55,1010.72,2026-03-14 20:46:10
3723,997,23,35,42,36.62,61.87,42.39,1010.71,2026-03-14 20:46:12
3724,999,23,34,41,36.65,62.07,40.55,1010.69,2026-03-14 20:46:14
3725,995,23,34,41,36.60,62.07,40.09,1010.66,2026-03-14 20:46:16
3726,991,23,34,40,36.56,62.16,42.39,1010.68,2026-03-14 20:46:18
3727,988,23,33,39,36.65,62.16,40.55,1010.72,2026-03-14 20:46:20
3728,982,22,32,38,36.72,62.26,41.93,1010.68,2026-03-14 20:46:22
3729,979,23,33,40,36.78,62.13,41.01,1010.66,2026-03-14 20:46:24
3730,982,23,34,41,36.78,62.13,41.47,1010.72,2026-03-14 20:46:26
3731,981,23,34,42,36.78,61.94,41.47,1010.68,2026-03-14 20:46:28
3732,976,22,33,42,36.76,61.87,40.55,1010.66,2026-03-14 20:46:30
3733,978,23,34,43,36.85,61.84,40.55,1010.71,2026-03-14 20:46:32
3734,983,23,34,43,36.78,61.74,41.93,1010.68,2026-03-14 20:46:34
3735,981,23,34,43,36.71,61.77,40.09,1010.71,2026-03-14 20:46:36
3736,981,23,33,43,36.75,61.87,42.39,1010.67,2026-03-14 20:46:38
3737,982,23,33,42,36.84,61.84,40.55,1010.72,2026-03-14 20:46:40
3738,982,23,33,42,36.78,61.74,40.55,1010.73,2026-03-14 20:46:42
3739,977,23,33,41,36.83,61.74,41.93,1010.68,2026-03-14 20:46:44
3740,975,22,32,40,36.88,61.65,40.09,1010.70,2026-03-14 20:46:46
3741,971,23,33,41,36.78,61.65,41.93,1010.67,2026-03-14 20:46:48
3742,965,22,32,40,36.72,61.68,41.93,1010.70,2026-03-14 20:46:50
3743,970,22,32,40,36.71,61.77,41.01,1010.69,2026-03-14 20:46:52
3744,966,23,33,42,36.60,61.87,40.09,1010.71,2026-03-14 20:46:54
3745,968,23,34,42,36.72,61.97,42.39,1010.72,2026-03-14 20:46:56
3746,977,23,34,42,36.72,62.07,40.09,1010.71,2026-03-14 20:46:58
3747,974,23,33,42,36.64,62.07,41.47,1010.71,2026-03-14 20:47:00
3748,962,23,33,42,36.62,62.07,41.47,1010.73,2026-03-14 20:47:02
3749,960,22,32,42,36.69,62.16,41.47,1010.70,2026-03-14 20:47:04
3750,963,23,33,43,36.71,62.16,40.09,1010.74,2026-03-14 20:47:06
3751,966,22,33,44,36.64,62.16,41.93,1010.72,2026-03-14 20:47:08
3752,952,22,33,44,36.62,62.16,41.01,1010.69,2026-03-14 20:47:10
3753,960,22,33,44,36.62,62.26,40.55,1010.71,2026-03-14 20:47:12
3754,963,22,33,44,36.71,62.26,41.47,1010.70,2026-03-14 20:47:14
3755,968,21,32,43,36.62,62.26,41.93,1010.72,2026-03-14 20:47:16
3756,952,22,33,43,36.59,62.35,41.01,1010.75,2026-03-14 20:47:18
3757,962,22,33,43,36.59,62.35,41.01,1010.75,2026-03-14 20:47:21
3758,963,21,32,43,36.69,62.45,40.09,1010.72,2026-03-14 20:47:23
3759,960,22,34,44,36.64,62.35,40.09,1010.71,2026-03-14 20:47:25
3760,967,22,34,44,36.73,62.45,42.39,1010.69,2026-03-14 20:47:27
3761,959,22,34,44,36.76,62.35,40.55,1010.72,2026-03-14 20:47:29
3762,955,21,33,43,36.64,62.35,40.09,1010.70,2026-03-14 20:47:31
3763,952,21,32,43,36.66,62.35,42.39,1010.72,2026-03-14 20:47:33
3764,958,22,33,44,36.71,62.35,40.55,1010.75,2026-03-14 20:47:35
3765,966,22,33,45,36.71,62.35,40.55,1010.73,2026-03-14 20:47:37
3766,956,22,33,45,36.65,62.35,43.32,1010.75,2026-03-14 20:47:39
3767,951,22,33,44,36.62,62.45,41.01,1010.73,2026-03-14 20:47:41
3768,967,22,33,44,36.66,62.45,41.93,1010.75,2026-03-14 20:47:43
3769,961,22,32,43,36.64,62.45,40.55,1010.72,2026-03-14 20:47:45
3770,961,22,32,42,36.65,62.45,41.47,1010.70,2026-03-14 20:47:47
3771,959,21,31,40,36.69,62.45,42.85,1010.70,2026-03-14 20:47:49
3772,962,22,32,40,36.69,62.35,41.01,1010.72,2026-03-14 20:47:51
3773,958,21,31,39,36.73,62.35,40.55,1010.72,2026-03-14 20:47:53
3774,958,21,32,38,36.71,62.26,41.01,1010.74,2026-03-14 20:47:55
3775,956,22,33,39,36.73,62.26,7.83,1010.71,2026-03-14 20:47:57
3776,955,22,33,39,36.78,62.52,8.29,1010.71,2026-03-14 20:47:59
3777,954,22,33,39,36.80,62.62,7.37,1010.71,2026-03-14 20:48:01
3778,956,22,33,40,36.81,63.01,20.28,1010.70,2026-03-14 20:48:03
3779,955,22,33,40,36.83,62.71,7.83,1010.71,2026-03-14 20:48:05
3780,957,21,32,39,36.88,72.23,9.68,1010.80,2026-03-14 20:48:07
3781,960,22,33,40,36.80,75.43,39.63,1010.71,2026-03-14 20:48:09
3782,979,22,33,40,36.90,70.39,38.25,1010.72,2026-03-14 20:48:11
3783,990,22,33,40,36.88,67.47,39.63,1010.78,2026-03-14 20:48:13
3784,998,21,32,40,36.83,65.92,39.17,1010.76,2026-03-14 20:48:15
3785,1007,21,32,40,36.75,64.30,39.63,1010.78,2026-03-14 20:48:17
3786,1023,21,32,41,36.72,63.42,37.79,1010.76,2026-03-14 20:48:19
3787,1024,22,33,42,36.69,62.84,40.09,1010.75,2026-03-14 20:48:21
3788,1044,22,33,42,36.72,62.74,41.01,1010.72,2026-03-14 20:48:23
3789,1047,22,34,42,36.76,62.65,39.17,1010.70,2026-03-14 20:48:25
3790,1061,22,33,41,36.71,62.55,41.47,1010.74,2026-03-14 20:48:27
3791,1057,22,33,40,36.65,62.55,39.63,1010.74,2026-03-14 20:48:29
3792,1053,22,33,40,36.60,62.55,40.09,1010.73,2026-03-14 20:48:31
3793,1044,21,32,40,36.71,62.55,40.09,1010.70,2026-03-14 20:48:33
3794,1038,21,32,40,36.71,62.55,38.71,1010.78,2026-03-14 20:48:35
3795,1030,21,32,41,36.75,62.55,40.09,1010.71,2026-03-14 20:48:37
3796,1022,22,33,42,36.76,62.55,38.25,1010.69,2026-03-14 20:48:39
3797,1028,22,33,43,36.81,62.42,40.09,1010.78,2026-03-14 20:48:41
3798,1027,21,32,43,36.76,62.45,39.63,1010.74,2026-03-14 20:48:43
3799,1023,21,32,42,36.81,62.42,39.63,1010.72,2026-03-14 20:48:45
3800,1022,21,32,42,36.87,62.42,39.17,1010.74,2026-03-14 20:48:47
3801,1014,21,32,42,36.80,62.42,38.71,1010.72,2026-03-14 20:48:49
3802,1017,22,33,42,36.80,62.32,40.09,1010.76,2026-03-14 20:48:51
3803,1003,22,32,41,36.83,62.32,39.17,1010.74,2026-03-14 20:48:53
3804,1004,22,32,41,36.88,62.32,16.59,1010.76,2026-03-14 20:48:55
3805,1001,21,32,40,36.84,62.23,17.51,1010.74,2026-03-14 20:48:57
3806,998,21,32,40,36.78,62.13,18.89,1010.75,2026-03-14 20:48:59
3807,995,21,32,40,36.73,62.26,40.09,1010.71,2026-03-14 20:49:01
3808,991,22,33,42,36.78,62.32,37.79,1010.74,2026-03-14 20:49:03
3809,994,23,33,41,36.84,62.32,40.09,1010.71,2026-03-14 20:49:05
3810,993,22,32,40,36.80,62.32,40.09,1010.79,2026-03-14 20:49:07
3811,997,22,32,40,36.75,62.35,38.71,1010.78,2026-03-14 20:49:09
3812,986,22,32,40,36.75,62.35,40.55,1010.75,2026-03-14 20:49:11
3813,987,23,33,40,36.68,62.35,39.63,1010.73,2026-03-14 20:49:13
3814,982,23,33,40,36.62,62.45,39.63,1010.73,2026-03-14 20:49:15
3815,983,23,33,40,36.60,62.55,39.63,1010.73,2026-03-14 20:49:17
3816,987,23,33,40,36.53,62.55,41.93,1010.71,2026-03-14 20:49:19
3817,990,22,32,39,36.51,62.74,40.09,1010.76,2026-03-14 20:49:21
3818,985,22,32,39,36.49,62.77,40.55,1010.76,2026-03-14 20:49:23
3819,984,23,33,40,36.53,62.84,41.93,1010.76,2026-03-14 20:49:25
3820,982,23,33,40,36.51,62.84,39.17,1010.72,2026-03-14 20:49:27
3821,978,23,33,40,36.56,62.84,38.71,1010.74,2026-03-14 20:49:29
3822,986,22,33,40,36.62,62.84,41.01,1010.77,2026-03-14 20:49:31
3823,985,23,34,42,36.53,62.74,42.39,1010.77,2026-03-14 20:49:33
3824,977,23,34,42,36.57,62.74,42.39,1010.74,2026-03-14 20:49:35
3825,980,23,34,42,36.65,62.74,41.47,1010.76,2026-03-14 20:49:37
3826,977,22,33,42,36.68,62.65,41.93,1010.82,2026-03-14 20:49:39
3827,973,22,33,41,36.59,62.55,40.09,1010.76,2026-03-14 20:49:41
3828,973,22,33,41,36.65,62.45,41.47,1010.76,2026-03-14 20:49:43
3829,450,12,18,25,27.5,60,300,1012,2026-03-14 12:00:00
3830,450,12,18,25,27.5,60,300,1012,2026-03-14 12:00:00
3831,450,12,18,25,27.5,60,300,1012,2026-03-14 12:00:00
3832,450,12,18,25,27.5,60,300,1012,2026-03-14 12:00:00
3833,450,12,18,25,27.5,60,300,1012,2026-03-14 22:08:38
3834,996,20,30,37,0,0,0,0,2026-03-14 22:28:14
3835,996,20,30,35,38.42,51.01,14.28,1011.84,2026-03-14 22:28:16
3836,1000,19,29,34,38.42,51.01,14.28,1011.83,2026-03-14 22:28:18
3837,996,19,29,33,38.41,50.92,14.28,1011.81,2026-03-14 22:28:20
3838,997,20,30,34,38.41,51.01,14.75,1011.85,2026-03-14 22:28:22
3839,997,19,29,33,38.41,50.92,14.75,1011.85,2026-03-14 22:28:24
3840,996,19,29,33,38.38,50.92,14.28,1011.80,2026-03-14 22:28:26
3841,993,19,30,34,38.42,51.01,14.75,1011.84,2026-03-14 22:28:28
3842,994,19,30,34,38.42,51.01,14.75,1011.82,2026-03-14 22:28:30
3843,1033,19,30,35,38.44,51.01,14.28,1011.84,2026-03-14 22:28:32
3844,1028,20,31,36,38.44,51.01,14.75,1011.83,2026-03-14 22:28:34
3845,1029,20,31,36,38.41,50.92,14.28,1011.82,2026-03-14 22:28:36
3846,1027,20,30,35,38.41,50.92,14.75,1011.85,2026-03-14 22:28:38
3847,1026,20,30,35,38.46,50.92,15.21,1011.88,2026-03-14 22:28:40
3848,1023,19,29,34,38.44,50.92,14.28,1011.83,2026-03-14 22:28:42
3849,1018,19,29,35,38.44,50.92,14.75,1011.85,2026-03-14 22:28:44
3850,1014,19,29,35,38.42,50.92,14.28,1011.85,2026-03-14 22:28:46
3851,1012,19,29,35,38.47,50.92,14.75,1011.82,2026-03-14 22:28:48
3852,1010,19,29,35,38.46,50.92,15.21,1011.83,2026-03-14 22:28:50
3853,1008,20,30,37,38.47,50.92,14.28,1011.82,2026-03-14 22:28:52
3854,1008,20,30,37,38.46,50.82,14.28,1011.84,2026-03-14 22:28:54
3855,1014,19,29,36,38.46,50.82,14.75,1011.82,2026-03-14 22:28:56
3856,1008,19,29,36,38.47,50.82,14.75,1011.86,2026-03-14 22:28:58
3857,1004,20,30,36,38.47,50.82,14.28,1011.80,2026-03-14 22:29:00
3858,993,20,30,36,38.44,50.82,14.75,1011.85,2026-03-14 22:29:02
3859,995,20,30,36,38.35,50.92,14.28,1011.86,2026-03-14 22:29:04
3860,990,19,30,36,38.42,50.92,14.75,1011.83,2026-03-14 22:29:06
3861,983,19,31,37,38.42,50.92,14.75,1011.86,2026-03-14 22:29:08
3862,987,20,32,38,38.42,50.92,14.28,1011.85,2026-03-14 22:29:10
3863,988,19,31,38,38.44,50.92,14.75,1011.84,2026-03-14 22:29:12
3864,996,19,31,38,38.42,50.92,14.28,1011.78,2026-03-14 22:29:14
3865,998,19,31,38,38.44,50.92,14.28,1011.86,2026-03-14 22:29:16
3866,1000,19,31,37,38.42,50.92,15.21,1011.87,2026-03-14 22:29:18
3867,1001,20,32,38,38.47,50.92,14.75,1011.87,2026-03-14 22:29:20
3868,1001,20,31,38,38.46,50.82,14.28,1011.87,2026-03-14 22:29:22
3869,999,19,30,36,38.44,50.82,14.75,1011.86,2026-03-14 22:29:24
3870,994,19,29,36,38.46,50.82,14.28,1011.82,2026-03-14 22:29:26
3871,993,20,30,36,38.47,50.82,14.75,1011.83,2026-03-14 22:29:28
3872,992,20,30,35,38.47,50.82,15.21,1011.81,2026-03-14 22:29:30
3873,994,20,30,35,38.47,50.82,14.75,1011.86,2026-03-14 22:29:32
3874,992,19,29,33,38.46,50.82,14.28,1011.85,2026-03-14 22:29:34
3875,990,19,29,33,38.42,50.82,14.75,1011.82,2026-03-14 22:29:36
3876,994,20,30,34,38.38,50.82,14.28,1011.80,2026-03-14 22:29:38
3877,996,20,30,34,38.46,50.82,14.75,1011.84,2026-03-14 22:29:40
3878,998,20,30,33,38.47,50.82,15.21,1011.82,2026-03-14 22:29:42
3879,993,20,30,33,38.49,50.82,14.75,1011.81,2026-03-14 22:29:44
3880,993,20,30,32,38.46,50.82,14.28,1011.84,2026-03-14 22:29:46
3881,990,20,30,31,38.47,50.82,14.75,1011.84,2026-03-14 22:29:48
3882,989,20,30,31,38.44,50.72,15.21,1011.80,2026-03-14 22:29:50
3883,987,19,29,30,38.46,50.72,14.28,1011.86,2026-03-14 22:29:52
3884,985,19,29,30,38.49,50.72,15.21,1011.83,2026-03-14 22:29:54
3885,987,19,29,31,38.49,50.72,14.75,1011.83,2026-03-14 22:29:56
3886,989,20,30,32,38.49,50.72,14.28,1011.85,2026-03-14 22:29:58
3887,992,20,30,33,38.49,50.72,14.75,1011.80,2026-03-14 22:30:00
3888,989,20,30,33,38.47,50.72,15.21,1011.81,2026-03-14 22:30:02
3889,987,20,30,32,38.47,50.72,14.75,1011.81,2026-03-14 22:30:04
3890,989,19,29,31,38.47,50.72,15.21,1011.84,2026-03-14 22:30:06
3891,985,19,29,31,38.49,50.72,14.75,1011.82,2026-03-14 22:30:08
3892,985,19,29,31,38.47,50.72,14.28,1011.83,2026-03-14 22:30:10
3893,984,19,29,31,38.47,50.72,14.75,1011.80,2026-03-14 22:30:12
3894,978,19,28,31,38.49,50.62,14.75,1011.84,2026-03-14 22:30:14
3895,978,19,28,31,38.52,50.62,15.21,1011.83,2026-03-14 22:30:16
3896,980,19,28,30,38.52,50.62,14.75,1011.85,2026-03-14 22:30:18
3897,984,19,27,30,38.46,50.72,14.28,1011.81,2026-03-14 22:30:20
3898,982,20,28,32,38.47,50.72,14.75,1011.82,2026-03-14 22:30:22
3899,985,20,28,32,38.47,50.72,14.75,1011.82,2026-03-14 22:30:24
3900,984,20,28,33,38.46,50.72,14.28,1011.80,2026-03-14 22:30:26
3901,985,20,29,33,38.49,50.72,14.28,1011.81,2026-03-14 22:30:28
3902,979,20,29,33,38.49,50.72,14.75,1011.81,2026-03-14 22:30:30
3903,959,20,29,33,38.49,50.72,15.21,1011.82,2026-03-14 22:30:32
3904,956,19,28,32,38.44,50.72,14.28,1011.81,2026-03-14 22:30:34
3905,958,19,28,32,38.47,50.72,14.75,1011.81,2026-03-14 22:30:36
3906,971,20,29,33,38.47,50.72,15.21,1011.81,2026-03-14 22:30:38
3907,971,19,27,32,38.47,50.72,14.75,1011.80,2026-03-14 22:30:40
3908,975,19,28,31,38.47,50.72,14.28,1011.85,2026-03-14 22:30:42
3909,976,20,29,32,38.46,50.72,14.75,1011.82,2026-03-14 22:30:44
3910,971,20,29,33,38.47,50.72,14.75,1011.83,2026-03-14 22:30:46
3911,965,20,29,33,38.46,50.72,14.28,1011.81,2026-03-14 22:30:48
3912,965,20,30,33,38.49,50.62,14.28,1011.82,2026-03-14 22:30:50
3913,963,19,29,32,38.44,50.72,14.75,1011.83,2026-03-14 22:30:52
3914,954,19,29,32,38.47,50.72,14.28,1011.83,2026-03-14 22:30:54
3915,953,20,30,33,38.49,50.72,14.75,1011.81,2026-03-14 22:30:56
3916,953,20,30,33,38.47,50.72,14.75,1011.85,2026-03-14 22:30:58
3917,956,20,30,33,38.46,50.62,14.28,1011.84,2026-03-14 22:31:00
3918,957,20,30,33,38.50,50.62,14.75,1011.83,2026-03-14 22:31:02
3919,962,19,30,32,38.42,50.62,15.21,1011.85,2026-03-14 22:31:04
3920,962,18,30,32,38.42,50.72,14.28,1011.82,2026-03-14 22:31:06
3921,959,18,29,33,38.38,50.72,15.21,1011.81,2026-03-14 22:31:08
3922,962,19,30,33,38.44,50.72,14.75,1011.80,2026-03-14 22:31:10
3923,963,19,30,33,38.46,50.72,14.28,1011.79,2026-03-14 22:31:12
3924,965,19,30,33,38.47,50.72,14.28,1011.84,2026-03-14 22:31:14
3925,961,18,29,32,38.49,50.62,15.21,1011.83,2026-03-14 22:31:16
3926,960,18,29,32,38.47,50.62,14.28,1011.81,2026-03-14 22:31:18
3927,967,19,30,33,38.47,50.62,14.28,1011.81,2026-03-14 22:31:21
3928,970,18,29,33,38.46,50.62,15.21,1011.75,2026-03-14 22:31:23
3929,975,19,30,34,38.40,50.62,14.75,1011.75,2026-03-14 22:31:25
3930,992,18,28,33,38.44,50.72,15.21,1011.85,2026-03-14 22:31:27
3931,997,18,28,32,38.46,50.72,14.75,1011.82,2026-03-14 22:31:29
3932,1005,18,28,32,38.42,50.72,14.28,1011.84,2026-03-14 22:31:31
3933,1038,18,28,31,38.42,50.72,14.75,1011.78,2026-03-14 22:31:33
3934,1036,19,29,32,38.42,50.82,15.21,1011.84,2026-03-14 22:31:35
3935,1032,19,29,32,38.44,50.72,14.75,1011.82,2026-03-14 22:31:37
3936,1047,19,29,31,38.42,50.62,14.75,1011.80,2026-03-14 22:31:39
3937,1044,18,28,30,38.44,50.62,14.75,1011.82,2026-03-14 22:31:41
3938,1044,19,29,31,38.42,50.82,14.28,1011.79,2026-03-14 22:31:43
3939,1043,19,29,31,38.46,50.62,14.75,1011.80,2026-03-14 22:31:45
3940,1047,19,29,32,38.42,50.62,15.21,1011.81,2026-03-14 22:31:47
3941,1048,18,28,31,38.46,50.62,14.75,1011.84,2026-03-14 22:31:49
3942,1056,18,28,31,38.46,50.62,15.21,1011.82,2026-03-14 22:31:51
3943,1065,18,28,31,38.44,50.62,14.75,1011.86,2026-03-14 22:31:53
3944,1063,18,28,32,38.44,50.62,14.28,1011.85,2026-03-14 22:31:55
3945,1045,17,27,32,38.44,50.62,14.75,1011.80,2026-03-14 22:31:57
3946,1036,17,27,32,38.44,50.62,15.21,1011.79,2026-03-14 22:31:59
3947,1033,18,27,33,38.42,50.62,14.75,1011.80,2026-03-14 22:32:01
3948,1015,18,27,33,38.44,50.62,14.28,1011.82,2026-03-14 22:32:03
3949,1016,18,27,32,38.46,50.62,14.75,1011.82,2026-03-14 22:32:05
3950,1021,17,27,30,38.46,50.62,14.28,1011.80,2026-03-14 22:32:07
3951,1023,18,28,31,38.44,50.62,14.75,1011.80,2026-03-14 22:32:09
3952,1038,18,29,32,38.42,50.62,14.75,1011.80,2026-03-14 22:32:11
3953,1033,18,29,32,38.44,50.62,14.28,1011.82,2026-03-14 22:32:13
3954,1024,18,29,32,38.46,50.52,14.75,1011.80,2026-03-14 22:32:15
3955,1030,17,28,31,38.44,50.62,14.28,1011.82,2026-03-14 22:32:17
3956,1024,18,29,32,38.46,50.62,14.28,1011.82,2026-03-14 22:32:19
3957,1016,18,29,32,38.42,50.52,15.21,1011.84,2026-03-14 22:32:21
3958,1006,17,27,31,38.46,50.62,14.28,1011.79,2026-03-14 22:32:23
3959,1008,17,27,31,38.42,50.62,14.75,1011.81,2026-03-14 22:32:25
3960,1002,17,26,31,38.41,50.62,14.75,1011.80,2026-03-14 22:32:27
3961,1004,17,26,31,38.44,50.62,14.28,1011.79,2026-03-14 22:32:29
3962,1004,18,27,32,38.44,50.52,15.21,1011.80,2026-03-14 22:32:31
3963,998,18,27,32,38.46,50.52,14.75,1011.80,2026-03-14 22:32:33
3964,1004,18,26,32,38.46,50.52,14.75,1011.78,2026-03-14 22:32:35
3965,1001,18,26,32,38.47,50.52,14.75,1011.75,2026-03-14 22:32:37
3966,993,18,26,32,38.44,50.52,14.75,1011.83,2026-03-14 22:32:39
3967,990,16,24,31,38.46,50.52,14.28,1011.80,2026-03-14 22:32:41
3968,990,16,24,31,38.49,50.52,15.21,1011.80,2026-03-14 22:32:43
3969,989,16,24,31,38.47,50.43,15.21,1011.78,2026-03-14 22:32:45
3970,987,17,25,31,38.47,50.43,14.28,1011.80,2026-03-14 22:32:47
3971,985,16,25,30,38.47,50.43,15.21,1011.81,2026-03-14 22:32:49
3972,987,17,25,30,38.50,50.43,14.75,1011.79,2026-03-14 22:32:51
3973,988,17,25,29,38.49,50.43,15.21,1011.80,2026-03-14 22:32:53
3974,988,18,26,31,38.49,50.43,14.75,1011.77,2026-03-14 22:32:55
3975,992,18,27,31,38.47,50.43,14.75,1011.84,2026-03-14 22:32:57
3976,992,17,26,30,38.47,50.43,15.21,1011.79,2026-03-14 22:32:59
3977,991,17,26,30,38.49,50.43,14.75,1011.83,2026-03-14 22:33:01
3978,988,17,26,30,38.47,50.43,15.21,1011.79,2026-03-14 22:33:03
3979,985,17,26,30,38.46,50.43,14.28,1011.81,2026-03-14 22:33:05
3980,979,17,26,29,38.47,50.43,15.21,1011.81,2026-03-14 22:33:07
3981,982,17,25,29,38.49,50.43,14.75,1011.83,2026-03-14 22:33:09
3982,973,18,27,28,0,0,0,0,2026-03-14 22:33:33
3983,976,18,27,28,26.4,50.52,14.75,1011.83,2026-03-14 22:33:35
3984,974,18,27,28,26.4,50.52,14.75,1011.83,2026-03-14 22:33:37
3985,980,18,26,28,26.4,50.52,15.21,1011.80,2026-03-14 22:33:39
3986,981,17,25,27,26.4,50.52,14.28,1011.79,2026-03-14 22:33:41
3987,985,17,24,27,26.4,50.52,15.21,1011.80,2026-03-14 22:33:43
3988,985,17,24,27,26.4,50.62,14.28,1011.81,2026-03-14 22:33:45
3989,984,17,24,27,26.4,50.62,14.75,1011.80,2026-03-14 22:33:47
3990,980,18,25,28,26.4,50.62,14.75,1011.77,2026-03-14 22:33:49
3991,972,18,25,28,26.4,50.62,14.75,1011.82,2026-03-14 22:33:51
3992,974,17,25,27,26.4,50.62,14.28,1011.81,2026-03-14 22:33:53
3993,973,18,26,28,26.4,50.62,14.75,1011.77,2026-03-14 22:33:55
3994,973,17,27,28,26.4,50.62,14.28,1011.83,2026-03-14 22:33:57
3995,975,17,27,29,26.4,50.62,14.75,1011.80,2026-03-14 22:33:59
3996,978,16,26,29,26.4,50.62,14.75,1011.81,2026-03-14 22:34:01
3997,980,16,26,29,26.4,50.62,14.28,1011.79,2026-03-14 22:34:03
3998,982,16,26,30,26.4,50.62,15.21,1011.74,2026-03-14 22:34:05
3999,981,16,26,30,26.4,50.72,14.75,1011.82,2026-03-14 22:34:07
4000,972,16,26,30,26.4,50.72,14.75,1011.81,2026-03-14 22:34:09
4001,972,15,24,28,26.4,50.72,14.75,1011.82,2026-03-14 22:34:11
4002,972,15,25,28,26.4,50.72,14.75,1011.79,2026-03-14 22:34:13
4003,972,15,25,29,26.4,50.72,14.75,1011.76,2026-03-14 22:34:15
4004,970,15,25,29,26.4,50.72,14.75,1011.79,2026-03-14 22:34:17
4005,970,15,25,30,26.4,50.72,14.75,1011.77,2026-03-14 22:34:19
4006,971,15,26,31,26.4,50.72,14.75,1011.79,2026-03-14 22:34:21
4007,974,16,27,33,26.3,50.72,14.28,1011.83,2026-03-14 22:34:23
4008,975,15,26,32,26.3,50.82,15.21,1011.78,2026-03-14 22:34:25
4009,976,15,26,33,26.4,50.82,14.75,1011.80,2026-03-14 22:34:27
4010,974,15,27,34,26.4,50.82,14.75,1011.79,2026-03-14 22:34:29
4011,976,15,26,34,26.3,50.72,14.75,1011.78,2026-03-14 22:34:31
4012,965,15,26,34,26.4,50.82,14.75,1011.77,2026-03-14 22:34:33
4013,960,15,26,34,26.4,50.72,14.28,1011.79,2026-03-14 22:34:35
4014,957,14,25,33,26.4,50.72,14.75,1011.80,2026-03-14 22:34:37
4015,960,14,24,33,26.4,50.72,14.28,1011.77,2026-03-14 22:34:39
4016,954,15,25,35,26.4,50.72,14.28,1011.79,2026-03-14 22:34:41
4017,952,14,24,34,26.4,50.72,15.21,1011.80,2026-03-14 22:34:43
4018,961,14,24,34,26.4,50.72,14.28,1011.80,2026-03-14 22:34:45
4019,964,15,25,35,26.4,50.72,14.75,1011.74,2026-03-14 22:34:47
4020,965,14,23,33,26.4,50.72,14.28,1011.77,2026-03-14 22:34:49
4021,951,14,23,32,26.4,50.72,15.21,1011.77,2026-03-14 22:34:51
4022,950,14,23,32,26.4,50.72,14.75,1011.75,2026-03-14 22:34:53
4023,947,14,23,31,26.4,50.72,15.21,1011.79,2026-03-14 22:34:55
4024,947,14,22,30,26.3,50.72,15.21,1011.78,2026-03-14 22:34:57
4025,942,15,23,31,26.4,50.72,14.28,1011.81,2026-03-14 22:34:59
4026,949,15,23,30,26.4,50.72,15.21,1011.77,2026-03-14 22:35:01
4027,954,15,23,30,26.4,50.72,14.28,1011.76,2026-03-14 22:35:03
4028,955,15,23,29,26.4,50.62,14.75,1011.77,2026-03-14 22:35:05
4029,959,15,23,29,26.4,50.62,14.75,1011.80,2026-03-14 22:35:07
4030,968,15,23,29,26.4,50.62,14.75,1011.80,2026-03-14 22:35:10
4031,968,14,22,28,26.4,50.62,14.28,1011.75,2026-03-14 22:35:12
4032,965,14,22,28,26.4,50.62,14.75,1011.74,2026-03-14 22:35:14
4033,961,14,23,28,26.4,50.62,14.75,1011.77,2026-03-14 22:35:16
4034,963,16,25,29,26.4,50.62,14.28,1011.74,2026-03-14 22:35:18
4035,960,16,26,29,26.3,50.62,14.75,1011.75,2026-03-14 22:35:20
4036,961,15,25,28,26.4,50.72,14.28,1011.73,2026-03-14 22:35:22
4037,961,15,26,29,26.4,50.72,14.75,1011.67,2026-03-14 22:35:24
4038,962,16,25,29,26.4,50.72,14.28,1011.70,2026-03-14 22:35:26
4039,966,16,25,29,26.4,50.72,14.75,1011.72,2026-03-14 22:35:28
4040,969,15,25,30,26.4,50.72,14.75,1011.76,2026-03-14 22:35:30
4041,962,16,26,31,26.4,50.62,14.75,1011.71,2026-03-14 22:35:32
4042,969,16,26,31,26.5,50.62,14.75,1011.75,2026-03-14 22:35:34
4043,968,16,26,32,26.4,50.62,14.75,1011.71,2026-03-14 22:35:36
4044,967,16,26,32,26.4,50.62,14.28,1011.74,2026-03-14 22:35:38
4045,962,16,25,32,26.5,50.62,15.21,1011.70,2026-03-14 22:35:40
4046,963,16,25,31,26.4,50.62,15.21,1011.78,2026-03-14 22:35:42
4047,965,16,24,31,26.4,50.62,15.21,1011.74,2026-03-14 22:35:44
4048,968,15,23,30,26.5,50.62,14.75,1011.79,2026-03-14 22:35:46
4049,969,15,23,30,26.4,50.62,14.28,1011.75,2026-03-14 22:35:48
4050,968,15,23,30,26.4,50.62,14.75,1011.66,2026-03-14 22:35:50
4051,976,16,23,30,26.4,50.62,14.28,1011.78,2026-03-14 22:35:52
4052,989,16,23,30,26.4,50.62,14.75,1011.75,2026-03-14 22:35:54
4053,989,17,24,30,26.4,50.62,14.28,1011.79,2026-03-14 22:35:56
4054,987,17,24,30,26.4,50.52,14.75,1011.75,2026-03-14 22:35:58
4055,982,16,24,28,26.4,50.62,14.75,1011.74,2026-03-14 22:36:00
4056,983,17,25,29,26.4,50.62,14.75,1011.76,2026-03-14 22:36:02
4057,981,17,25,28,26.4,50.62,14.75,1011.78,2026-03-14 22:36:04
4058,984,17,25,28,26.4,50.52,14.75,1011.76,2026-03-14 22:36:06
4059,984,17,25,27,26.4,50.52,14.28,1011.79,2026-03-14 22:36:08
4060,987,16,24,26,26.4,50.52,14.28,1011.73,2026-03-14 22:36:10
4061,987,15,24,26,26.4,50.52,14.75,1011.73,2026-03-14 22:36:12
4062,987,16,25,27,26.4,50.52,14.28,1011.74,2026-03-14 22:36:14
4063,984,16,25,27,26.4,50.52,14.75,1011.73,2026-03-14 22:36:16
4064,990,15,24,26,26.4,50.52,14.28,1011.74,2026-03-14 22:36:18
4065,989,16,25,27,26.4,50.52,15.21,1011.75,2026-03-14 22:36:20
4066,987,16,25,27,26.4,50.52,14.75,1011.71,2026-03-14 22:36:22
4067,981,16,25,27,26.4,50.52,14.28,1011.74,2026-03-14 22:36:24
4068,980,15,24,26,26.4,50.52,14.75,1011.73,2026-03-14 22:36:26
4069,981,15,24,26,26.4,50.52,14.28,1011.72,2026-03-14 22:36:28
4070,988,15,24,27,26.4,50.52,14.28,1011.74,2026-03-14 22:36:30
4071,990,16,25,30,26.4,50.52,14.75,1011.73,2026-03-14 22:36:32
4072,989,16,25,30,26.5,50.52,14.28,1011.74,2026-03-14 22:36:34
4073,985,16,25,31,26.4,50.43,14.75,1011.74,2026-03-14 22:36:36
4074,985,15,24,30,26.5,50.52,14.75,1011.73,2026-03-14 22:36:38
4075,979,16,25,30,26.5,50.52,14.28,1011.74,2026-03-14 22:36:40
4076,981,17,26,30,26.4,50.43,14.75,1011.76,2026-03-14 22:36:42
4077,978,17,26,30,26.5,50.43,14.75,1011.78,2026-03-14 22:36:44
4078,973,17,26,30,26.5,50.43,14.28,1011.75,2026-03-14 22:36:46
4079,967,17,25,30,26.5,50.43,14.75,1011.75,2026-03-14 22:36:48
4080,969,17,25,29,26.4,50.43,14.28,1011.78,2026-03-14 22:36:50
4081,970,16,24,28,26.5,50.43,14.75,1011.72,2026-03-14 22:36:52
4082,975,16,24,28,26.5,50.43,14.75,1011.74,2026-03-14 22:36:54
4083,974,16,24,28,26.5,50.43,14.75,1011.70,2026-03-14 22:36:56
4084,971,16,24,28,26.5,50.43,14.28,1011.72,2026-03-14 22:36:58
4085,966,17,26,30,26.5,50.43,14.75,1011.76,2026-03-14 22:37:00
4086,969,16,25,29,26.5,50.43,14.28,1011.76,2026-03-14 22:37:02
4087,972,16,25,29,26.5,50.43,15.21,1011.75,2026-03-14 22:37:04
4088,966,16,25,29,26.5,50.43,14.28,1011.77,2026-03-14 22:37:06
4089,965,17,26,29,26.5,50.43,15.21,1011.76,2026-03-14 22:37:08
4090,963,17,26,29,26.4,50.43,14.75,1011.72,2026-03-14 22:37:10
4091,966,18,26,30,26.5,50.43,14.28,1011.67,2026-03-14 22:37:12
4092,967,18,26,30,26.4,50.43,14.75,1011.71,2026-03-14 22:37:14
4093,967,18,26,30,26.5,50.43,14.28,1011.69,2026-03-14 22:37:16
4094,970,18,26,31,26.5,50.43,14.75,1011.73,2026-03-14 22:37:18
4095,967,17,25,30,26.5,50.43,14.28,1011.74,2026-03-14 22:37:20
4096,968,17,25,30,26.5,50.43,14.75,1011.74,2026-03-14 22:37:22
4097,961,17,25,30,26.5,50.43,14.75,1011.73,2026-03-14 22:37:24
4098,958,18,26,31,26.5,50.33,14.75,1011.71,2026-03-14 22:37:26
4099,957,16,25,31,26.5,50.33,14.75,1011.68,2026-03-14 22:37:28
4100,965,16,24,31,26.5,50.33,14.75,1011.72,2026-03-14 22:37:30
4101,966,17,25,32,26.4,50.33,14.28,1011.70,2026-03-14 22:37:32
4102,967,17,25,32,26.4,50.43,14.75,1011.72,2026-03-14 22:37:34
4103,975,17,25,32,26.5,50.43,15.21,1011.71,2026-03-14 22:37:36
4104,976,16,24,30,26.4,50.43,14.28,1011.69,2026-03-14 22:37:38
4105,975,17,25,29,26.5,50.43,15.21,1011.73,2026-03-14 22:37:40
4106,974,18,26,29,26.5,50.43,14.28,1011.73,2026-03-14 22:37:42
4107,969,17,25,28,26.5,50.43,15.21,1011.80,2026-03-14 22:37:44
4108,967,18,26,28,26.5,50.43,14.28,1011.78,2026-03-14 22:37:46
4109,961,18,26,27,26.5,50.43,14.28,1011.67,2026-03-14 22:37:48
4110,961,17,24,25,26.5,50.43,15.21,1011.71,2026-03-14 22:37:50
4111,957,18,25,26,26.5,50.43,14.75,1011.74,2026-03-14 22:37:52
4112,956,18,25,26,26.4,50.43,14.75,1011.77,2026-03-14 22:37:54
4113,957,17,24,25,26.5,50.43,14.75,1011.73,2026-03-14 22:37:56
4114,956,17,24,26,26.5,50.43,14.75,1011.72,2026-03-14 22:37:58
4115,957,17,25,27,26.5,50.43,15.21,1011.78,2026-03-14 22:38:00
4116,961,18,26,28,26.5,50.43,15.21,1011.75,2026-03-14 22:38:02
4117,958,18,26,28,26.5,50.33,14.28,1011.77,2026-03-14 22:38:04
4118,960,18,26,28,26.5,50.43,14.75,1011.75,2026-03-14 22:38:06
4119,960,17,25,27,26.5,50.43,14.75,1011.76,2026-03-14 22:38:08
4120,956,17,25,27,26.5,50.43,14.75,1011.75,2026-03-14 22:38:10
4121,949,17,25,27,26.5,50.33,14.75,1011.77,2026-03-14 22:38:12
4122,953,17,25,27,26.5,50.43,15.21,1011.78,2026-03-14 22:38:14
4123,952,17,25,28,26.5,50.43,14.28,1011.74,2026-03-14 22:38:16
4124,955,17,25,29,26.5,50.43,14.75,1011.80,2026-03-14 22:38:18
4125,957,17,25,30,26.5,50.33,14.75,1011.74,2026-03-14 22:38:20
4126,960,17,25,30,26.5,50.33,15.21,1011.71,2026-03-14 22:38:22
4127,960,16,25,30,26.5,50.33,14.75,1011.73,2026-03-14 22:38:24
4128,962,15,23,29,26.5,50.33,15.21,1011.76,2026-03-14 22:38:26
4129,947,16,24,29,26.5,50.43,14.28,1011.75,2026-03-14 22:38:28
4130,944,16,24,29,26.5,50.43,15.21,1011.76,2026-03-14 22:38:30
4131,947,16,24,29,26.5,50.43,14.28,1011.76,2026-03-14 22:38:32
4132,940,15,24,29,26.5,50.43,15.21,1011.73,2026-03-14 22:38:34
4133,936,14,24,28,26.5,50.43,14.28,1011.76,2026-03-14 22:38:36
4134,938,15,24,29,26.5,50.43,14.28,1011.75,2026-03-14 22:38:38
4135,943,15,24,29,26.5,50.43,15.21,1011.79,2026-03-14 22:38:40
4136,943,15,24,29,26.5,50.43,14.75,1011.77,2026-03-14 22:38:42
4137,945,13,23,29,26.4,50.43,14.75,1011.74,2026-03-14 22:38:44
4138,947,13,23,29,26.4,50.43,14.75,1011.74,2026-03-14 22:38:47
4139,947,13,24,30,26.5,50.52,15.21,1011.73,2026-03-14 22:38:49
4140,947,12,24,30,26.4,50.43,14.28,1011.67,2026-03-14 22:38:51
4141,946,11,23,29,26.5,50.43,15.21,1011.74,2026-03-14 22:38:53
4142,947,11,23,28,26.5,50.43,14.28,1011.73,2026-03-14 22:38:55
4143,943,10,23,28,26.5,50.43,15.21,1011.71,2026-03-14 22:38:57
4144,943,11,23,28,26.5,50.43,15.21,1011.70,2026-03-14 22:38:59
4145,943,11,23,27,26.5,50.43,14.28,1011.75,2026-03-14 22:39:01
4146,948,12,23,26,26.5,50.52,15.21,1011.69,2026-03-14 22:39:03
4147,954,11,22,25,26.4,50.52,14.28,1011.70,2026-03-14 22:39:05
4148,956,11,22,24,26.4,50.52,15.21,1011.72,2026-03-14 22:39:07
4149,954,12,22,25,26.4,50.52,14.28,1011.75,2026-03-14 22:39:09
4150,951,12,22,25,26.4,50.52,14.28,1011.72,2026-03-14 22:39:11
4151,951,12,22,24,26.4,50.52,15.21,1011.69,2026-03-14 22:39:13
4152,947,12,22,24,26.5,50.52,14.28,1011.68,2026-03-14 22:39:15
4153,944,12,21,24,26.4,50.62,14.75,1011.74,2026-03-14 22:39:17
4154,942,12,21,24,26.4,50.62,14.75,1011.73,2026-03-14 22:39:19
4155,950,12,21,24,26.4,50.62,14.75,1011.73,2026-03-14 22:39:21
4156,958,10,20,23,26.5,50.62,14.75,1011.72,2026-03-14 22:39:23
4157,963,10,20,24,26.4,50.62,14.28,1011.72,2026-03-14 22:39:25
4158,962,11,21,25,26.4,50.62,14.75,1011.70,2026-03-14 22:39:27
4159,962,11,21,26,26.4,50.62,14.28,1011.68,2026-03-14 22:39:29
4160,965,10,20,25,26.4,50.72,14.75,1011.68,2026-03-14 22:39:31
4161,965,10,20,26,26.5,50.62,14.28,1011.73,2026-03-14 22:39:33
4162,961,11,21,27,26.5,50.62,14.75,1011.74,2026-03-14 22:39:35
4163,961,11,21,27,26.5,50.62,14.28,1011.70,2026-03-14 22:39:37
4164,960,9,20,26,26.5,50.52,15.21,1011.72,2026-03-14 22:39:39
4165,957,9,20,26,26.4,50.52,14.28,1011.70,2026-03-14 22:39:41
4166,956,9,20,25,26.5,50.62,15.21,1011.65,2026-03-14 22:39:43
4167,955,9,20,25,26.4,50.62,14.28,1011.66,2026-03-14 22:39:45
4168,960,10,21,25,26.5,50.62,14.75,1011.68,2026-03-14 22:39:47
4169,961,10,21,25,26.5,50.62,15.21,1011.69,2026-03-14 22:39:49
4170,962,11,22,25,26.5,50.62,14.28,1011.68,2026-03-14 22:39:51
4171,961,10,21,24,26.4,50.62,14.75,1011.68,2026-03-14 22:39:53
4172,957,10,21,24,26.5,50.52,14.75,1011.68,2026-03-14 22:39:55
4173,957,11,22,25,26.5,50.52,14.75,1011.68,2026-03-14 22:39:57
4174,950,11,22,25,26.5,50.52,14.75,1011.68,2026-03-14 22:40:00
4175,944,10,23,27,26.5,50.52,14.28,1011.73,2026-03-14 22:40:02
4176,942,11,23,28,26.4,50.52,15.21,1011.71,2026-03-14 22:40:04
4177,950,10,22,27,26.5,50.52,14.28,1011.74,2026-03-14 22:40:06
4178,952,10,22,28,26.4,50.52,14.75,1011.71,2026-03-14 22:40:08
4179,953,10,22,28,26.4,50.62,14.75,1011.74,2026-03-14 22:40:10
4180,953,11,23,29,26.4,50.52,14.28,1011.71,2026-03-14 22:40:12
4181,957,9,22,28,26.5,50.52,14.28,1011.73,2026-03-14 22:40:14
4182,956,9,22,28,26.4,50.52,15.21,1011.71,2026-03-14 22:40:16
4183,952,10,23,28,26.5,50.52,14.28,1011.73,2026-03-14 22:40:18
4184,951,9,22,27,26.5,50.52,15.21,1011.74,2026-03-14 22:40:20
4185,948,9,22,26,26.5,50.43,14.28,1011.75,2026-03-14 22:40:22
4186,951,10,24,28,26.5,50.43,14.75,1011.75,2026-03-14 22:40:24
4187,952,11,24,29,26.4,50.43,14.75,1011.73,2026-03-14 22:40:26
4188,953,11,25,30,26.5,50.43,15.21,1011.74,2026-03-14 22:40:28
4189,956,12,25,31,26.5,50.33,14.75,1011.70,2026-03-14 22:40:30
4190,957,11,25,30,26.5,50.33,14.28,1011.72,2026-03-14 22:40:32
4191,960,11,25,30,26.5,50.33,15.21,1011.73,2026-03-14 22:40:34
4192,962,13,25,30,26.5,50.33,14.28,1011.72,2026-03-14 22:40:36
4193,961,12,24,28,26.5,50.33,15.21,1011.71,2026-03-14 22:40:38
4194,961,12,23,27,26.5,50.24,14.28,1011.69,2026-03-14 22:40:40
4195,956,13,24,28,26.5,50.24,141.00,1011.74,2026-03-14 22:40:42
4196,953,13,24,27,26.5,50.24,185.70,1011.71,2026-03-14 22:40:44
4197,951,13,24,27,26.5,50.14,14.28,1011.69,2026-03-14 22:40:46
4198,956,11,23,26,26.5,50.14,15.21,1011.74,2026-03-14 22:40:48
4199,955,12,24,27,26.5,50.14,14.28,1011.70,2026-03-14 22:40:50
4200,956,12,24,27,26.5,50.14,15.21,1011.73,2026-03-14 22:40:52
4201,964,12,24,27,26.5,50.14,1046.48,1011.72,2026-03-14 22:40:54
4202,967,11,23,26,26.5,50.04,1449.68,1011.75,2026-03-14 22:40:56
4203,963,11,23,26,26.5,50.04,14.75,1011.71,2026-03-14 22:40:58
4204,965,11,23,26,26.5,50.14,14.75,1011.73,2026-03-14 22:41:00
4205,966,11,24,27,26.5,50.04,14.75,1011.73,2026-03-14 22:41:02
4206,965,11,24,27,26.5,50.04,14.75,1011.70,2026-03-14 22:41:04
4207,962,11,23,27,26.5,50.04,15.21,1011.73,2026-03-14 22:41:06
4208,957,10,22,26,26.5,50.04,14.28,1011.72,2026-03-14 22:41:08
4209,960,10,22,26,26.5,50.04,15.21,1011.71,2026-03-14 22:41:10
4210,962,10,22,26,26.5,50.04,14.28,1011.73,2026-03-14 22:41:12
4211,964,10,22,26,26.5,50.04,15.21,1011.71,2026-03-14 22:41:14
4212,967,11,24,27,26.5,50.04,14.28,1011.73,2026-03-14 22:41:16
4213,966,10,23,26,26.5,50.14,14.28,1011.76,2026-03-14 22:41:18
4214,962,11,24,27,26.5,50.14,15.21,1011.77,2026-03-14 22:41:20
4215,960,11,24,28,26.5,50.14,14.28,1011.71,2026-03-14 22:41:22
4216,954,11,24,28,26.5,50.14,15.21,1011.69,2026-03-14 22:41:24
4217,954,11,24,28,26.5,50.14,14.75,1011.78,2026-03-14 22:41:26
4218,954,11,23,28,26.5,50.14,14.75,1011.70,2026-03-14 22:41:28
4219,945,11,23,28,26.5,50.14,14.75,1011.75,2026-03-14 22:41:30
4220,948,10,22,27,26.5,50.14,15.21,1011.71,2026-03-14 22:41:32
4221,950,11,22,28,26.5,50.14,14.28,1011.72,2026-03-14 22:41:34
4222,957,11,23,28,26.5,50.04,15.21,1011.68,2026-03-14 22:41:36
4223,960,11,23,28,26.5,50.04,14.28,1011.70,2026-03-14 22:41:38
4224,962,11,23,28,26.5,50.04,15.21,1011.70,2026-03-14 22:41:40
4225,967,12,24,28,26.5,50.14,14.75,1011.73,2026-03-14 22:41:42
4226,967,12,23,27,26.5,50.04,14.75,1011.73,2026-03-14 22:41:44
4227,967,12,23,26,26.5,50.04,14.75,1011.74,2026-03-14 22:41:46
4228,960,13,24,27,26.5,50.14,14.75,1011.70,2026-03-14 22:41:48
4229,956,13,24,27,26.5,50.04,14.75,1011.72,2026-03-14 22:41:50
4230,956,13,24,27,26.5,50.04,14.75,1011.74,2026-03-14 22:41:52
4231,959,12,23,26,26.5,50.04,14.75,1011.72,2026-03-14 22:41:54
4232,961,12,23,26,26.5,50.04,14.75,1011.70,2026-03-14 22:41:56
4233,962,13,24,27,26.5,50.14,14.75,1011.71,2026-03-14 22:41:58
4234,962,12,24,27,26.5,50.04,14.75,1011.76,2026-03-14 22:42:00
4235,965,12,24,27,26.5,50.14,14.28,1011.74,2026-03-14 22:42:02
4236,961,12,23,27,26.5,50.14,15.21,1011.72,2026-03-14 22:42:04
4237,956,12,23,27,26.5,50.04,14.28,1011.73,2026-03-14 22:42:06
4238,957,11,22,27,26.5,50.04,14.28,1011.72,2026-03-14 22:42:08
4239,955,11,22,27,26.5,50.14,14.28,1011.73,2026-03-14 22:42:10
4240,952,11,22,28,26.5,50.04,14.28,1011.70,2026-03-14 22:42:12
4241,954,12,22,28,26.5,50.04,15.21,1011.74,2026-03-14 22:42:14
4242,959,13,23,29,26.5,50.04,14.28,1011.72,2026-03-14 22:42:16
4243,964,12,22,28,26.4,50.14,15.21,1011.71,2026-03-14 22:42:18
4244,966,13,23,29,26.4,50.14,14.75,1011.72,2026-03-14 22:42:20
4245,967,14,23,29,26.5,50.14,14.75,1011.72,2026-03-14 22:42:22
4246,967,13,22,28,26.5,50.14,14.75,1011.70,2026-03-14 22:42:24
4247,967,14,23,29,26.5,50.14,14.75,1011.71,2026-03-14 22:42:26
4248,964,14,23,29,26.5,50.14,14.28,1011.72,2026-03-14 22:42:28
4249,961,13,22,28,26.5,50.14,15.21,1011.76,2026-03-14 22:42:30
4250,958,13,22,27,26.4,50.14,14.28,1011.70,2026-03-14 22:42:32
4251,954,13,22,27,26.5,50.14,14.75,1011.74,2026-03-14 22:42:34
4252,958,12,23,27,26.5,50.14,14.75,1011.73,2026-03-14 22:42:36
4253,959,12,23,27,26.5,50.14,14.75,1011.72,2026-03-14 22:42:38
4254,960,13,24,27,26.5,50.14,14.28,1011.73,2026-03-14 22:42:40
4255,960,12,23,26,26.5,50.04,15.21,1011.72,2026-03-14 22:42:42
4256,959,12,24,27,26.5,50.14,14.28,1011.73,2026-03-14 22:42:44
4257,962,12,24,27,26.5,50.14,14.28,1011.70,2026-03-14 22:42:46
4258,957,12,24,27,26.5,50.14,14.28,1011.71,2026-03-14 22:42:48
4259,957,11,23,26,26.5,50.04,15.21,1011.73,2026-03-14 22:42:50
4260,955,11,23,26,26.5,50.04,14.28,1011.72,2026-03-14 22:42:52
4261,948,12,24,28,26.4,50.04,14.75,1011.74,2026-03-14 22:42:54
4262,944,12,25,28,26.5,50.14,14.75,1011.76,2026-03-14 22:42:56
4263,952,12,25,28,26.4,50.14,14.28,1011.75,2026-03-14 22:42:58
4264,954,12,24,27,26.5,50.14,14.28,1011.66,2026-03-14 22:43:00
4265,955,13,25,28,26.5,50.14,15.21,1011.74,2026-03-14 22:43:02
4266,957,14,25,28,26.5,50.14,14.28,1011.75,2026-03-14 22:43:04
4267,963,14,25,27,26.5,50.14,14.75,1011.72,2026-03-14 22:43:06
4268,964,14,25,27,26.5,50.14,14.75,1011.71,2026-03-14 22:43:08
4269,965,14,25,27,26.5,50.14,14.28,1011.72,2026-03-14 22:43:10
4270,962,13,24,26,26.5,50.14,14.28,1011.71,2026-03-14 22:43:12
4271,956,13,24,26,26.5,50.14,14.75,1011.77,2026-03-14 22:43:14
4272,955,14,25,27,26.5,50.14,14.75,1011.77,2026-03-14 22:43:16
4273,952,14,25,27,26.5,50.04,14.28,1011.74,2026-03-14 22:43:18
4274,955,14,25,27,26.5,50.04,14.75,1011.74,2026-03-14 22:43:20
4275,956,13,24,27,26.5,50.04,14.75,1011.70,2026-03-14 22:43:22
4276,961,13,24,28,26.5,50.04,14.75,1011.72,2026-03-14 22:43:24
4277,960,12,23,26,26.5,50.14,14.75,1011.73,2026-03-14 22:43:26
4278,958,12,23,26,26.4,50.14,14.75,1011.76,2026-03-14 22:43:28
4279,954,12,22,25,26.5,50.14,14.28,1011.71,2026-03-14 22:43:30
4280,952,12,22,25,26.5,50.14,14.75,1011.72,2026-03-14 22:43:32
4281,949,12,22,25,26.5,50.14,15.21,1011.73,2026-03-14 22:43:34
4282,951,13,23,26,26.5,50.14,14.28,1011.74,2026-03-14 22:43:36
4283,952,13,23,26,26.5,50.14,14.75,1011.73,2026-03-14 22:43:38
4284,947,13,23,26,26.4,50.14,14.75,1011.71,2026-03-14 22:43:40
4285,950,13,23,26,26.5,50.14,14.28,1011.76,2026-03-14 22:43:42
4286,953,13,23,26,26.5,50.14,14.28,1011.72,2026-03-14 22:43:44
4287,958,13,24,26,26.5,50.14,15.21,1011.73,2026-03-14 22:43:46
4288,960,13,24,27,26.4,50.14,14.75,1011.70,2026-03-14 22:43:48
4289,956,12,23,26,26.4,50.14,14.75,1011.73,2026-03-14 22:43:50
4290,965,12,23,26,26.4,50.14,14.75,1011.74,2026-03-14 22:43:52
4291,964,13,24,28,26.5,50.14,14.28,1011.75,2026-03-14 22:43:54
4292,963,13,24,28,26.5,50.14,15.21,1011.76,2026-03-14 22:43:56
4293,958,12,23,28,26.4,50.14,14.28,1011.71,2026-03-14 22:43:58
4294,956,13,24,30,26.5,50.14,15.21,1011.74,2026-03-14 22:44:00
4295,951,12,24,30,26.5,50.14,14.28,1011.74,2026-03-14 22:44:02
4296,953,12,24,30,26.4,50.14,14.75,1011.77,2026-03-14 22:44:04
4297,954,11,23,29,26.4,50.04,14.75,1011.76,2026-03-14 22:44:06
4298,960,11,23,29,26.5,50.04,14.28,1011.71,2026-03-14 22:44:08
4299,959,11,23,28,26.4,50.04,14.28,1011.77,2026-03-14 22:44:10
4300,961,11,22,28,26.4,50.04,15.21,1011.75,2026-03-14 22:44:12
4301,957,11,22,27,26.4,50.14,14.28,1011.76,2026-03-14 22:44:14
4302,957,11,23,28,26.4,50.14,14.28,1011.76,2026-03-14 22:44:16
4303,949,11,23,27,26.4,50.14,14.28,1011.74,2026-03-14 22:44:18
4304,949,11,23,26,26.4,50.14,15.21,1011.76,2026-03-14 22:44:20
4305,949,9,22,25,26.4,50.14,14.28,1011.76,2026-03-14 22:44:22
4306,969,9,22,25,26.4,50.14,15.21,1011.76,2026-03-14 22:44:24
4307,980,10,23,26,26.5,50.14,14.75,1011.77,2026-03-14 22:44:26
4308,992,10,23,27,26.5,50.14,14.75,1011.81,2026-03-14 22:44:28
4309,986,10,23,28,26.5,50.04,14.75,1011.76,2026-03-14 22:44:30
4310,989,10,22,28,26.5,50.04,14.28,1011.79,2026-03-14 22:44:32
4311,991,10,22,28,26.5,50.04,14.75,1011.76,2026-03-14 22:44:34
4312,988,9,22,28,26.5,50.04,14.75,1011.73,2026-03-14 22:44:36
4313,986,9,21,28,26.5,50.04,14.28,1011.76,2026-03-14 22:44:38
4314,985,9,21,28,26.5,50.04,15.21,1011.77,2026-03-14 22:44:40
4315,978,8,20,27,26.5,50.04,14.75,1011.76,2026-03-14 22:44:42
4316,976,8,20,27,26.5,50.04,14.28,1011.78,2026-03-14 22:44:44
4317,972,9,22,29,26.4,50.04,15.21,1011.77,2026-03-14 22:44:46
4318,979,8,21,28,26.4,50.04,14.28,1011.77,2026-03-14 22:44:48
4319,983,10,22,29,26.4,50.04,14.75,1011.74,2026-03-14 22:44:50
4320,984,10,23,29,26.4,50.04,14.75,1011.71,2026-03-14 22:44:52
4321,992,9,22,29,26.4,50.04,14.28,1011.74,2026-03-14 22:44:54
4322,990,9,22,28,26.5,50.04,14.28,1011.76,2026-03-14 22:44:56
4323,989,9,22,28,26.5,49.95,15.21,1011.73,2026-03-14 22:44:58
4324,988,8,20,27,26.5,50.04,14.28,1011.78,2026-03-14 22:45:00
4325,981,8,20,28,26.5,50.04,14.75,1011.73,2026-03-14 22:45:02
4326,981,9,20,29,26.4,50.04,15.21,1011.78,2026-03-14 22:45:04
4327,990,9,20,29,26.5,50.04,14.28,1011.78,2026-03-14 22:45:06
4328,983,8,19,27,26.4,50.04,14.28,1011.75,2026-03-14 22:45:08
4329,981,8,19,26,26.5,50.04,14.75,1011.76,2026-03-14 22:45:10
4330,975,10,20,26,26.5,50.04,14.75,1011.74,2026-03-14 22:45:12
4331,971,9,19,24,26.5,50.04,14.28,1011.74,2026-03-14 22:45:14
4332,967,9,19,24,26.5,50.04,14.75,1011.74,2026-03-14 22:45:16
4333,972,11,21,24,26.5,49.95,14.75,1011.74,2026-03-14 22:45:18
4334,977,11,21,23,26.5,49.95,14.28,1011.74,2026-03-14 22:45:20
4335,980,10,20,22,26.5,49.95,14.28,1011.72,2026-03-14 22:45:22
4336,974,10,22,23,26.5,50.04,14.75,1011.74,2026-03-14 22:45:24
4337,971,10,22,23,26.5,49.95,14.75,1011.73,2026-03-14 22:45:26
4338,966,9,21,22,26.5,49.95,14.28,1011.72,2026-03-14 22:45:28
4339,961,10,22,24,26.5,49.95,14.75,1011.72,2026-03-14 22:45:30
4340,960,9,21,24,26.5,49.95,14.75,1011.77,2026-03-14 22:45:32
4341,958,9,21,24,26.5,50.04,14.75,1011.73,2026-03-14 22:45:34
4342,960,8,20,23,26.5,50.04,14.28,1011.74,2026-03-14 22:45:36
4343,962,8,20,23,26.5,50.04,14.75,1011.74,2026-03-14 22:45:38
4344,968,9,21,23,26.5,49.95,15.21,1011.72,2026-03-14 22:45:40
4345,967,10,21,24,26.5,49.95,14.75,1011.76,2026-03-14 22:45:42
4346,965,10,22,24,26.5,49.95,14.28,1011.72,2026-03-14 22:45:44
4347,960,10,21,23,26.5,49.95,13.82,1011.73,2026-03-14 22:45:46
4348,957,11,22,24,26.5,49.95,14.28,1011.75,2026-03-14 22:45:48
4349,951,11,23,24,26.5,49.95,14.75,1011.74,2026-03-14 22:45:50
4350,954,11,23,24,26.5,49.95,15.21,1011.76,2026-03-14 22:45:52
4351,957,10,22,23,26.5,49.95,14.75,1011.71,2026-03-14 22:45:54
4352,956,9,22,23,26.5,49.95,14.28,1011.72,2026-03-14 22:45:56
4353,958,9,21,23,26.5,49.95,14.28,1011.74,2026-03-14 22:45:58
4354,963,10,22,24,26.5,49.95,15.21,1011.71,2026-03-14 22:46:00
4355,965,10,22,24,26.5,49.85,15.21,1011.74,2026-03-14 22:46:02
4356,963,9,21,23,26.5,49.85,14.75,1011.71,2026-03-14 22:46:04
4357,959,9,21,23,26.5,49.85,14.75,1011.76,2026-03-14 22:46:06
4358,952,10,22,24,26.5,49.85,15.21,1011.71,2026-03-14 22:46:08
4359,951,10,22,24,26.5,49.85,14.75,1011.71,2026-03-14 22:46:10
4360,949,12,23,25,26.5,49.85,14.75,1011.73,2026-03-14 22:46:12
4364,500,11,18,21,0,0,0,0,2026-03-15 11:29:48
4365,500,12,21,24,20.2,69.67,28.57,1013.03,2026-03-15 11:29:50
4366,500,12,21,24,20.3,69.24,29.03,1013.08,2026-03-15 11:29:52
4367,500,12,22,25,20.4,68.85,29.03,1013.05,2026-03-15 11:29:54
4368,500,12,23,26,20.5,68.33,29.49,1013.05,2026-03-15 11:29:56
4369,500,13,23,27,20.6,68.04,29.03,1012.99,2026-03-15 11:29:58
4370,500,13,24,28,20.7,67.74,29.03,1013.04,2026-03-15 11:30:00
4371,500,13,25,28,20.8,67.51,29.03,1013.05,2026-03-15 11:30:02
4372,500,14,25,28,20.9,67.32,29.03,1013.02,2026-03-15 11:30:04
4373,500,14,25,29,21.0,67.12,29.03,1013.03,2026-03-15 11:30:06
4374,500,14,25,29,21.0,66.89,29.03,1013.03,2026-03-15 11:30:08
4375,500,15,26,30,21.1,66.60,29.03,1013.03,2026-03-15 11:30:10
4376,500,15,26,31,21.2,66.40,29.03,1013.04,2026-03-15 11:30:12
4377,500,14,24,30,21.2,66.30,29.03,1013.05,2026-03-15 11:30:14
4378,500,15,24,30,21.3,66.11,29.03,1013.02,2026-03-15 11:30:16
4379,500,15,25,31,21.4,65.88,28.57,1013.06,2026-03-15 11:30:18
4380,500,15,25,30,21.4,65.69,29.03,1013.01,2026-03-15 11:30:20
4381,500,14,24,29,21.5,65.49,29.03,1013.01,2026-03-15 11:30:22
4382,500,14,24,30,21.5,65.26,29.03,1013.05,2026-03-15 11:30:24
4383,500,14,24,30,21.6,65.07,28.57,1013.07,2026-03-15 11:30:26
4384,500,15,26,31,21.7,64.97,28.11,1013.07,2026-03-15 11:30:28
4385,500,15,26,32,21.7,64.78,29.03,1013.05,2026-03-15 11:30:30
4386,500,14,25,32,21.8,64.55,29.03,1013.03,2026-03-15 11:30:32
4387,500,14,25,32,21.8,64.45,28.57,1013.02,2026-03-15 11:30:34
4388,963,15,25,33,0,0,0,0,2026-03-15 11:30:52
4389,949,14,25,33,22.3,63.02,29.95,1013.02,2026-03-15 11:30:54
4390,929,15,26,33,22.4,62.82,29.95,1013.03,2026-03-15 11:30:56
4391,921,15,26,33,22.4,62.73,29.95,1013.01,2026-03-15 11:30:58
4392,907,15,27,33,22.5,62.53,30.41,1013.04,2026-03-15 11:31:00
4393,905,15,27,32,22.5,62.41,30.41,1013.03,2026-03-15 11:31:02
4394,900,14,26,31,22.5,62.31,29.95,1013.02,2026-03-15 11:31:04
4395,895,14,26,31,22.6,62.12,30.41,1013.05,2026-03-15 11:31:06
4396,892,14,25,32,22.6,62.02,30.41,1013.05,2026-03-15 11:31:08
4397,882,14,25,32,22.7,61.82,30.41,1013.03,2026-03-15 11:31:10
4398,870,14,25,32,22.7,61.63,29.95,1012.99,2026-03-15 11:31:12
4399,859,15,26,32,22.7,61.53,30.41,1013.04,2026-03-15 11:31:14
4400,852,15,25,32,22.8,61.40,30.41,1013.01,2026-03-15 11:31:16
4401,846,15,25,32,22.8,61.30,30.41,1012.99,2026-03-15 11:31:18
4402,849,14,23,30,22.8,61.21,30.41,1013.03,2026-03-15 11:31:20
4403,852,15,24,31,22.9,61.01,30.41,1013.02,2026-03-15 11:31:22
4404,854,15,24,31,22.9,60.82,29.95,1013.03,2026-03-15 11:31:24
4405,855,14,23,30,23.0,60.62,30.41,1013.02,2026-03-15 11:31:26
4406,850,14,23,31,23.0,60.52,30.41,1013.01,2026-03-15 11:31:28
4407,844,15,23,31,23.0,60.39,30.41,1013.00,2026-03-15 11:31:30
4408,784,14,24,31,0,0,0,0,2026-03-15 11:33:23
4409,783,13,23,30,24.4,56.36,40.55,1012.99,2026-03-15 11:33:25
4410,786,13,23,30,24.4,56.26,40.55,1012.96,2026-03-15 11:33:27
4411,783,12,22,29,24.4,56.26,40.55,1012.98,2026-03-15 11:33:29
4412,785,12,22,29,24.4,56.16,41.01,1012.97,2026-03-15 11:33:31
4413,785,13,23,30,24.5,56.16,41.01,1012.99,2026-03-15 11:33:33
4414,789,14,24,31,24.5,56.16,40.55,1012.94,2026-03-15 11:33:35
4415,786,13,23,30,24.5,56.07,40.55,1012.96,2026-03-15 11:33:37
4416,785,13,23,30,24.5,56.07,41.01,1012.96,2026-03-15 11:33:39
4417,777,13,23,30,24.5,56.04,41.01,1012.94,2026-03-15 11:33:41
4418,773,14,24,31,24.5,56.04,40.55,1012.96,2026-03-15 11:33:43
4419,768,14,24,31,24.5,55.94,41.01,1012.95,2026-03-15 11:33:45
4420,764,15,26,31,0,0,0,0,2026-03-15 11:34:09
4421,763,16,27,32,36.7,55.27,41.01,1012.93,2026-03-15 11:34:11
4422,765,14,26,31,36.7,55.17,41.01,1012.89,2026-03-15 11:34:13
4423,766,14,26,30,36.7,55.17,41.01,1012.98,2026-03-15 11:34:15
4424,766,14,26,30,36.7,55.17,41.01,1012.95,2026-03-15 11:34:17
4425,766,14,25,30,36.7,55.17,41.01,1012.93,2026-03-15 11:34:19
4426,766,14,26,30,36.7,55.07,41.47,1012.95,2026-03-15 11:34:21
4427,763,14,26,30,36.7,55.07,41.47,1012.95,2026-03-15 11:34:23
4428,757,13,26,29,36.7,55.07,41.01,1012.95,2026-03-15 11:34:25
4429,755,13,25,29,36.7,55.07,41.01,1012.90,2026-03-15 11:34:27
4430,753,13,25,30,36.7,55.07,40.55,1012.95,2026-03-15 11:34:29
4431,753,13,26,30,36.7,55.07,41.01,1012.94,2026-03-15 11:34:31
4432,750,13,26,31,36.7,55.07,41.01,1012.92,2026-03-15 11:34:33
4433,755,12,25,30,36.8,55.07,41.01,1012.91,2026-03-15 11:34:35
4434,756,12,25,30,36.8,55.04,41.01,1012.91,2026-03-15 11:34:37
4435,760,13,27,32,36.8,54.94,41.01,1012.91,2026-03-15 11:34:39
4436,758,13,27,31,36.8,54.94,40.55,1012.95,2026-03-15 11:34:41
4437,754,14,26,31,36.8,54.94,29.95,1012.90,2026-03-15 11:34:43
4438,754,13,25,30,36.8,54.94,26.27,1012.95,2026-03-15 11:34:45
4439,754,13,26,30,36.8,54.85,7.37,1012.93,2026-03-15 11:34:47
4440,754,13,27,31,36.8,54.94,17.97,1012.94,2026-03-15 11:34:49
4441,754,13,27,31,36.8,55.04,3.69,1012.91,2026-03-15 11:34:51
4442,754,12,26,30,36.9,55.53,3.69,1012.90,2026-03-15 11:34:53
4443,754,13,27,31,36.9,55.92,4.15,1012.90,2026-03-15 11:34:55
4444,754,13,27,31,36.8,56.01,3.69,1012.91,2026-03-15 11:34:57
4445,754,13,27,31,36.9,55.73,32.26,1012.89,2026-03-15 11:34:59
4446,968,13,26,30,36.8,55.24,34.10,1012.96,2026-03-15 11:35:01
4447,956,12,25,28,36.8,55.04,36.86,1012.91,2026-03-15 11:35:03
4448,999,13,25,29,36.8,54.97,39.63,1012.87,2026-03-15 11:35:05
4449,1215,13,25,28,36.7,54.88,39.63,1012.96,2026-03-15 11:35:07
4450,1304,13,24,28,36.7,54.78,39.17,1012.86,2026-03-15 11:35:09
4451,1258,12,23,27,36.7,54.88,39.63,1012.93,2026-03-15 11:35:11
4452,1158,12,23,27,36.7,54.88,38.71,1012.92,2026-03-15 11:35:13
4453,1103,12,23,28,36.7,54.78,37.32,1012.89,2026-03-15 11:35:15
4454,1121,13,24,29,36.7,54.88,40.55,1012.88,2026-03-15 11:35:17
4455,1217,14,24,29,36.6,54.88,37.79,1012.88,2026-03-15 11:35:19
4456,1357,14,24,29,36.6,54.97,42.39,1012.86,2026-03-15 11:35:21
4457,1611,14,24,29,36.6,54.97,42.39,1012.91,2026-03-15 11:35:23
4458,1768,14,24,30,36.6,54.97,42.39,1012.88,2026-03-15 11:35:25
4459,1784,13,23,28,36.6,54.97,42.85,1012.88,2026-03-15 11:35:27
4460,1710,12,23,28,36.6,54.97,42.39,1012.87,2026-03-15 11:35:29
4461,1582,12,23,28,36.6,54.97,42.39,1012.89,2026-03-15 11:35:31
4462,1427,12,23,28,36.6,54.97,42.39,1012.90,2026-03-15 11:35:33
4463,1303,12,24,28,36.6,54.97,42.39,1012.91,2026-03-15 11:35:35
4464,1230,12,24,28,36.6,54.97,42.85,1012.94,2026-03-15 11:35:37
4465,1215,12,24,29,36.6,55.07,42.85,1012.90,2026-03-15 11:35:39
4466,1236,12,24,29,36.5,54.97,42.39,1012.90,2026-03-15 11:35:41
4467,1272,11,24,29,36.5,54.97,42.39,1012.86,2026-03-15 11:35:43
4468,1292,11,24,29,36.5,54.97,42.39,1012.86,2026-03-15 11:35:45
4469,1315,11,24,30,36.5,55.07,42.39,1012.85,2026-03-15 11:35:47
4470,1305,11,24,30,36.5,55.07,42.39,1012.88,2026-03-15 11:35:49
4471,1252,10,24,30,36.5,55.07,42.39,1012.89,2026-03-15 11:35:51
4472,1174,10,24,31,36.5,55.17,42.39,1012.88,2026-03-15 11:35:53
4473,1093,11,26,32,36.5,55.07,42.39,1012.90,2026-03-15 11:35:55
4474,1036,11,26,33,36.5,55.19,42.39,1012.91,2026-03-15 11:35:57
4475,1013,12,27,33,36.5,55.10,42.39,1012.90,2026-03-15 11:35:59
4476,1010,12,27,34,36.5,55.17,42.39,1012.91,2026-03-15 11:36:01
4477,1020,11,26,33,36.5,55.19,42.39,1012.82,2026-03-15 11:36:03
4478,1029,12,27,35,36.5,55.19,42.39,1012.83,2026-03-15 11:36:05
4479,1036,12,27,34,36.5,55.19,42.39,1012.87,2026-03-15 11:36:07
4480,1008,11,26,32,36.4,55.10,42.39,1012.83,2026-03-15 11:36:09
4481,978,11,25,31,36.5,55.10,42.39,1012.85,2026-03-15 11:36:11
4482,950,10,25,31,36.5,55.19,42.39,1012.85,2026-03-15 11:36:13
4483,927,10,24,30,36.5,55.10,42.39,1012.85,2026-03-15 11:36:15
4484,903,10,24,31,36.5,55.19,42.39,1012.86,2026-03-15 11:36:17
4485,895,10,24,31,36.5,55.19,42.39,1012.86,2026-03-15 11:36:19
4486,907,10,25,32,36.5,55.29,42.39,1012.84,2026-03-15 11:36:21
4487,922,10,25,31,36.4,55.29,42.39,1012.82,2026-03-15 11:36:23
4488,935,10,25,31,36.5,55.29,42.39,1012.78,2026-03-15 11:36:25
4489,952,10,26,31,36.4,55.29,42.39,1012.80,2026-03-15 11:36:27
4490,960,9,25,29,36.4,55.19,42.39,1012.82,2026-03-15 11:36:29
4491,957,9,25,29,36.4,55.29,42.39,1012.80,2026-03-15 11:36:31
4492,942,10,25,30,36.4,55.29,42.39,1012.79,2026-03-15 11:36:33
4493,922,11,26,32,36.4,55.29,42.39,1012.81,2026-03-15 11:36:35
4494,899,12,26,32,36.4,55.39,42.39,1012.85,2026-03-15 11:36:37
4495,887,11,25,31,36.4,55.39,42.39,1012.85,2026-03-15 11:36:39
4496,894,12,26,32,36.4,55.29,42.39,1012.81,2026-03-15 11:36:41
4497,908,12,26,32,36.4,55.29,42.39,1012.82,2026-03-15 11:36:43
4498,926,11,24,31,36.4,55.29,42.39,1012.81,2026-03-15 11:36:45
4499,942,10,24,31,36.4,55.29,42.39,1012.82,2026-03-15 11:36:47
4500,947,10,24,32,36.4,55.29,42.39,1012.84,2026-03-15 11:36:49
4501,940,10,24,32,36.4,55.29,42.39,1012.80,2026-03-15 11:36:51
4502,924,10,24,32,36.4,55.29,42.39,1012.85,2026-03-15 11:36:53
4503,915,11,25,33,36.4,55.29,42.39,1012.84,2026-03-15 11:36:55
4504,895,11,25,33,36.4,55.39,42.39,1012.84,2026-03-15 11:36:57
4505,858,11,24,31,36.4,55.29,42.85,1012.89,2026-03-15 11:36:59
4506,853,11,24,31,36.4,55.39,42.39,1012.79,2026-03-15 11:37:01
4507,863,12,25,31,36.4,55.39,42.39,1012.82,2026-03-15 11:37:03
4508,887,12,25,31,36.4,55.39,42.39,1012.78,2026-03-15 11:37:05
4509,895,12,25,30,36.4,55.29,42.39,1012.81,2026-03-15 11:37:07
4510,913,12,25,30,36.4,55.29,42.39,1012.80,2026-03-15 11:37:09
4511,923,12,25,30,36.4,55.29,42.39,1012.79,2026-03-15 11:37:11
4512,931,12,25,30,36.4,55.29,42.39,1012.82,2026-03-15 11:37:13
4513,922,11,24,29,36.5,55.19,42.39,1012.82,2026-03-15 11:37:15
4514,905,11,25,29,36.5,55.19,42.39,1012.85,2026-03-15 11:37:17
4515,890,11,25,29,36.5,55.10,42.39,1012.81,2026-03-15 11:37:19
4516,871,12,26,30,36.5,55.10,42.39,1012.80,2026-03-15 11:37:21
4517,863,12,26,30,36.5,55.10,42.39,1012.78,2026-03-15 11:37:23
4518,871,12,26,30,36.5,55.10,42.39,1012.80,2026-03-15 11:37:25
4519,882,12,26,30,36.4,55.10,42.39,1012.79,2026-03-15 11:37:27
4520,891,10,24,29,36.5,55.00,42.85,1012.81,2026-03-15 11:37:29
4521,905,10,24,28,36.5,55.00,42.85,1012.82,2026-03-15 11:37:31
4522,913,11,25,29,36.5,55.00,42.85,1012.85,2026-03-15 11:37:33
4523,901,10,24,27,36.5,55.00,42.39,1012.87,2026-03-15 11:37:35
4524,886,10,24,27,36.5,55.00,42.85,1012.87,2026-03-15 11:37:37
4525,873,11,24,28,36.5,55.00,42.39,1012.84,2026-03-15 11:37:39
4526,856,11,24,28,36.5,55.00,42.39,1012.85,2026-03-15 11:37:41
4527,851,11,24,28,36.5,55.00,42.39,1012.86,2026-03-15 11:37:43
4528,851,10,23,27,36.5,55.00,42.39,1012.80,2026-03-15 11:37:45
4529,860,11,23,27,36.5,55.00,42.39,1012.87,2026-03-15 11:37:47
4530,871,11,23,27,36.5,55.00,42.39,1012.86,2026-03-15 11:37:49
4531,877,11,23,27,36.5,54.97,42.39,1012.84,2026-03-15 11:37:51
4532,885,12,25,28,36.5,54.97,42.39,1012.82,2026-03-15 11:37:53
4533,894,13,25,28,36.5,54.97,42.39,1012.85,2026-03-15 11:37:55
4534,897,12,24,27,36.5,54.88,42.39,1012.88,2026-03-15 11:37:57
4535,877,13,24,28,36.5,54.88,42.85,1012.85,2026-03-15 11:37:59
4536,860,13,24,27,36.5,54.88,42.39,1012.83,2026-03-15 11:38:01
4537,844,11,23,26,36.5,54.88,42.85,1012.82,2026-03-15 11:38:03
4538,833,11,23,26,36.5,54.78,42.85,1012.81,2026-03-15 11:38:05
4539,837,11,22,26,36.5,54.80,42.85,1012.84,2026-03-15 11:38:07
4540,843,11,23,28,36.5,54.90,42.39,1012.82,2026-03-15 11:38:09
4541,850,10,22,28,36.5,54.88,42.85,1012.81,2026-03-15 11:38:11
4542,857,10,22,28,36.5,54.90,42.85,1012.83,2026-03-15 11:38:13
4543,862,11,24,30,36.5,55.00,42.85,1012.83,2026-03-15 11:38:15
4544,852,11,24,31,36.5,55.00,42.85,1012.84,2026-03-15 11:38:17
4545,838,11,25,31,36.5,54.97,42.85,1012.85,2026-03-15 11:38:19
4546,830,12,25,31,36.5,54.97,42.85,1012.87,2026-03-15 11:38:21
4547,823,12,25,31,36.5,54.97,42.85,1012.84,2026-03-15 11:38:23
4548,811,12,25,31,36.5,55.10,42.85,1012.87,2026-03-15 11:38:25
4549,810,12,25,30,36.5,55.07,42.85,1012.87,2026-03-15 11:38:27
4550,831,12,24,28,36.5,55.07,42.85,1012.83,2026-03-15 11:38:29
4551,845,12,23,27,36.5,55.17,43.32,1012.88,2026-03-15 11:38:31
4552,849,12,23,27,36.5,55.17,43.32,1012.85,2026-03-15 11:38:33
4553,869,13,23,27,36.6,55.27,43.32,1012.90,2026-03-15 11:38:35
4554,883,13,23,27,36.5,55.17,42.85,1012.86,2026-03-15 11:38:39
4555,872,13,23,27,36.6,55.17,42.85,1012.84,2026-03-15 11:38:41
4556,857,13,23,28,36.5,55.17,43.32,1012.83,2026-03-15 11:38:43
4557,851,12,22,27,36.6,55.27,42.85,1012.86,2026-03-15 11:38:45
4558,839,12,23,28,36.6,55.17,42.85,1012.87,2026-03-15 11:38:47
4559,852,12,23,29,36.6,55.17,42.85,1012.85,2026-03-15 11:38:49
4560,857,14,25,30,36.6,55.27,43.32,1012.87,2026-03-15 11:38:51
4561,865,13,25,29,36.6,55.27,42.85,1012.84,2026-03-15 11:38:53
4562,866,13,25,29,36.6,55.27,43.32,1012.86,2026-03-15 11:38:55
4563,869,13,25,30,36.6,55.36,43.32,1012.84,2026-03-15 11:38:57
4564,869,13,25,30,36.7,55.36,43.32,1012.86,2026-03-15 11:38:59
4565,852,14,27,32,36.6,55.36,43.32,1012.85,2026-03-15 11:39:01
4566,837,14,27,32,36.6,55.36,43.32,1012.87,2026-03-15 11:39:03
4567,838,14,27,32,36.6,55.46,42.85,1012.85,2026-03-15 11:39:05
4568,832,14,27,32,36.6,55.46,42.85,1012.84,2026-03-15 11:39:07
4569,831,14,27,31,36.6,55.46,43.32,1012.84,2026-03-15 11:39:09
4570,840,14,27,31,36.6,55.46,42.85,1012.85,2026-03-15 11:39:11
4571,857,14,27,31,36.7,55.46,43.32,1012.83,2026-03-15 11:39:13
4572,861,12,26,30,36.7,55.46,43.32,1012.83,2026-03-15 11:39:15
4573,864,12,26,30,36.6,55.46,43.32,1012.84,2026-03-15 11:39:17
4574,869,12,26,30,36.7,55.46,43.32,1012.83,2026-03-15 11:39:19
4575,875,13,26,31,36.7,55.46,43.32,1012.84,2026-03-15 11:39:21
4576,878,12,25,29,36.7,55.55,42.85,1012.84,2026-03-15 11:39:23
4577,865,11,25,29,36.7,55.55,42.85,1012.84,2026-03-15 11:39:25
4578,855,12,24,29,36.7,55.55,43.32,1012.85,2026-03-15 11:39:27
4579,845,13,25,30,36.7,55.55,42.85,1012.83,2026-03-15 11:39:29
4580,838,13,24,30,36.7,55.55,42.85,1012.81,2026-03-15 11:39:31
4581,843,13,23,30,36.7,55.55,42.85,1012.84,2026-03-15 11:39:33
4582,853,13,23,30,36.7,55.55,42.85,1012.85,2026-03-15 11:39:35
4583,864,13,23,30,36.7,55.55,43.32,1012.83,2026-03-15 11:39:37
4584,874,12,23,29,36.7,55.55,42.85,1012.85,2026-03-15 11:39:39
4585,876,12,23,29,36.7,55.55,43.32,1012.82,2026-03-15 11:39:41
4586,876,13,24,30,36.7,55.55,42.39,1012.83,2026-03-15 11:39:43
4587,852,14,25,31,36.7,55.55,41.47,1012.83,2026-03-15 11:39:45
4588,850,13,25,30,36.7,55.55,42.39,1012.86,2026-03-15 11:39:47
4589,849,13,25,31,36.7,55.55,43.78,1012.84,2026-03-15 11:39:49
4590,838,13,25,31,36.7,55.55,43.32,1012.82,2026-03-15 11:39:51
4591,845,13,25,30,36.7,55.55,42.85,1012.80,2026-03-15 11:39:53
4592,848,13,25,30,36.7,55.65,42.85,1012.84,2026-03-15 11:39:55
4593,863,14,26,30,36.7,55.65,42.85,1012.83,2026-03-15 11:39:57
4594,852,14,26,30,36.7,55.65,42.85,1012.80,2026-03-15 11:39:59
4595,868,13,26,30,36.7,55.65,42.85,1012.81,2026-03-15 11:40:01
4596,843,11,23,29,0,0,0,0,2026-03-15 11:40:26
4597,830,14,25,33,30.4,55.73,42.85,1012.83,2026-03-15 11:40:28
4598,821,14,26,33,30.4,55.73,42.85,1012.82,2026-03-15 11:40:30
4599,816,14,26,33,30.4,55.73,43.32,1012.84,2026-03-15 11:40:32
4600,815,14,26,32,30.4,55.82,43.32,1012.84,2026-03-15 11:40:34
4601,820,13,25,31,30.4,55.82,43.32,1012.84,2026-03-15 11:40:36
4602,829,14,26,31,30.4,55.82,43.32,1012.85,2026-03-15 11:40:38
4603,836,13,26,31,30.4,55.82,43.32,1012.84,2026-03-15 11:40:40
4604,844,13,26,31,30.4,55.82,43.32,1012.87,2026-03-15 11:40:42
4605,849,13,25,31,30.4,55.82,43.32,1012.84,2026-03-15 11:40:44
4606,857,12,24,30,30.4,55.92,43.32,1012.83,2026-03-15 11:40:46
4607,858,12,24,30,30.4,55.92,43.32,1012.83,2026-03-15 11:40:48
4608,847,12,24,30,30.4,55.92,43.32,1012.84,2026-03-15 11:40:50
4609,838,12,23,29,30.4,56.01,43.32,1012.82,2026-03-15 11:40:52
4610,834,13,24,30,30.4,56.01,43.32,1012.83,2026-03-15 11:40:54
4611,836,11,23,29,30.4,56.01,43.32,1012.85,2026-03-15 11:40:56
4612,845,11,23,29,30.4,56.01,43.32,1012.81,2026-03-15 11:40:58
4613,859,11,23,29,30.4,56.11,43.32,1012.88,2026-03-15 11:41:00
4614,869,11,23,29,30.4,56.11,43.32,1012.85,2026-03-15 11:41:02
4615,872,11,23,28,30.4,56.11,43.32,1012.84,2026-03-15 11:41:04
4616,872,12,24,29,30.4,56.11,43.32,1012.79,2026-03-15 11:41:06
4617,868,12,24,29,30.4,56.11,43.32,1012.83,2026-03-15 11:41:08
4618,863,12,24,28,30.4,56.11,43.32,1012.84,2026-03-15 11:41:10
4619,859,12,24,28,30.4,56.11,43.32,1012.83,2026-03-15 11:41:12
4620,845,12,24,28,30.4,56.11,43.32,1012.85,2026-03-15 11:41:14
4621,838,12,24,28,30.4,56.11,43.32,1012.87,2026-03-15 11:41:16
4622,836,10,24,27,30.4,56.11,43.32,1012.85,2026-03-15 11:41:18
4623,843,11,25,28,30.4,56.11,43.32,1012.86,2026-03-15 11:41:20
4624,850,11,25,29,30.4,56.11,43.32,1012.81,2026-03-15 11:41:22
4625,854,10,25,28,30.4,56.11,43.32,1012.83,2026-03-15 11:41:24
4626,854,10,24,28,30.4,56.11,43.32,1012.87,2026-03-15 11:41:26
4627,856,10,24,28,30.4,56.11,43.32,1012.84,2026-03-15 11:41:28
4628,864,12,25,30,30.4,56.01,43.32,1012.84,2026-03-15 11:41:30
4629,863,11,24,29,30.4,56.01,43.32,1012.80,2026-03-15 11:41:32
4630,854,11,24,29,30.4,56.01,43.32,1012.80,2026-03-15 11:41:34
4631,846,12,25,31,30.4,56.01,43.32,1012.83,2026-03-15 11:41:36
4632,839,12,25,31,30.4,55.92,43.32,1012.85,2026-03-15 11:41:38
4633,843,12,25,31,30.4,55.92,43.32,1012.85,2026-03-15 11:41:40
4634,844,11,25,30,30.4,55.92,43.32,1012.82,2026-03-15 11:41:42
4635,850,10,24,30,30.3,56.04,42.85,1012.82,2026-03-15 11:41:44
4636,856,9,23,27,30.4,56.04,43.32,1012.84,2026-03-15 11:41:46
4637,858,10,24,28,30.4,56.01,43.32,1012.85,2026-03-15 11:41:48
4638,865,9,23,26,30.4,56.04,42.85,1012.83,2026-03-15 11:41:50
4639,858,9,24,27,30.4,55.92,43.32,1012.82,2026-03-15 11:41:52
4640,853,9,24,27,30.4,55.92,42.85,1012.82,2026-03-15 11:41:54
4641,846,9,24,28,30.4,55.82,42.85,1012.85,2026-03-15 11:41:56
4642,842,9,25,28,30.4,55.82,42.85,1012.85,2026-03-15 11:41:58
4643,833,9,25,28,30.4,55.82,43.32,1012.85,2026-03-15 11:42:00
4644,829,9,25,28,30.4,55.82,42.85,1012.85,2026-03-15 11:42:02
4645,837,10,26,29,30.4,55.82,42.85,1012.83,2026-03-15 11:42:04
4646,842,10,26,28,30.4,55.82,42.85,1012.81,2026-03-15 11:42:06
4647,850,10,26,28,30.4,55.82,42.85,1012.86,2026-03-15 11:42:08
4648,858,10,26,27,30.4,55.82,42.85,1012.81,2026-03-15 11:42:10
4649,860,10,27,28,30.4,55.82,42.85,1012.83,2026-03-15 11:42:12
4650,865,9,25,27,30.4,55.82,42.85,1012.82,2026-03-15 11:42:14
4651,858,9,25,27,30.4,55.82,42.85,1012.84,2026-03-15 11:42:16
4652,849,9,25,28,30.4,55.92,43.32,1012.82,2026-03-15 11:42:18
4653,846,9,25,28,30.4,55.92,42.85,1012.86,2026-03-15 11:42:20
4654,835,9,25,28,30.4,55.92,42.85,1012.82,2026-03-15 11:42:22
4655,848,10,25,29,30.4,55.92,42.85,1012.82,2026-03-15 11:42:24
4656,853,10,25,29,30.4,56.01,42.85,1012.88,2026-03-15 11:42:26
4657,860,10,25,29,30.4,56.11,42.85,1012.81,2026-03-15 11:42:28
4658,865,9,24,28,30.4,56.11,42.85,1012.85,2026-03-15 11:42:30
4659,870,10,25,28,30.4,56.11,42.85,1012.83,2026-03-15 11:42:32
4660,869,10,25,28,30.4,56.21,42.85,1012.76,2026-03-15 11:42:34
4661,856,9,25,27,30.4,56.21,42.39,1012.84,2026-03-15 11:42:36
4662,848,9,24,27,30.4,56.21,42.85,1012.81,2026-03-15 11:42:38
4663,845,8,24,27,30.4,56.30,42.85,1012.86,2026-03-15 11:42:40
4664,836,8,24,27,30.4,56.30,42.85,1012.82,2026-03-15 11:42:42
4665,835,8,24,27,30.4,56.30,42.85,1012.80,2026-03-15 11:42:44
4666,848,9,24,27,30.4,56.30,42.85,1012.83,2026-03-15 11:42:46
4667,851,9,24,27,30.5,56.30,42.85,1012.79,2026-03-15 11:42:48
4668,877,10,24,26,30.5,56.30,42.85,1012.75,2026-03-15 11:42:50
4669,891,9,23,25,30.5,56.30,42.39,1012.81,2026-03-15 11:42:52
4670,893,9,23,25,30.5,56.30,42.39,1012.76,2026-03-15 11:42:54
4671,895,9,23,24,30.5,56.30,42.85,1012.79,2026-03-15 11:42:56
4672,891,10,23,25,30.5,56.30,42.39,1012.75,2026-03-15 11:42:58
4673,893,11,25,26,30.5,56.30,42.39,1012.81,2026-03-15 11:43:00
4674,889,11,25,26,30.5,56.30,42.85,1012.77,2026-03-15 11:43:02
4675,875,11,25,27,30.5,56.30,42.85,1012.82,2026-03-15 11:43:04
4676,874,12,25,28,30.5,56.30,42.39,1012.79,2026-03-15 11:43:06
4677,893,12,25,29,30.5,56.30,42.85,1012.78,2026-03-15 11:43:08
4678,891,11,24,28,30.5,56.40,42.39,1012.74,2026-03-15 11:43:10
4679,896,11,24,28,30.5,56.40,42.39,1012.77,2026-03-15 11:43:12
4680,901,11,25,29,30.5,56.40,42.39,1012.80,2026-03-15 11:43:14
4681,897,11,24,28,30.5,56.30,42.39,1012.75,2026-03-15 11:43:16
4682,888,11,24,28,30.5,56.30,42.85,1012.80,2026-03-15 11:43:18
4683,876,10,24,27,30.5,56.30,42.39,1012.85,2026-03-15 11:43:20
4684,865,10,23,27,30.5,56.30,42.85,1012.82,2026-03-15 11:43:22
4685,863,9,22,26,30.5,56.30,42.85,1012.81,2026-03-15 11:43:24
4686,869,10,22,25,30.5,56.30,42.39,1012.83,2026-03-15 11:43:26
4687,872,10,22,25,30.5,56.30,42.39,1012.80,2026-03-15 11:43:28
4688,880,10,21,25,30.5,56.30,42.39,1012.80,2026-03-15 11:43:30
4689,886,10,21,25,30.5,56.40,42.39,1012.79,2026-03-15 11:43:32
4690,887,10,22,25,30.5,56.30,42.85,1012.82,2026-03-15 11:43:34
4691,878,10,21,25,30.5,56.30,42.39,1012.78,2026-03-15 11:43:36
4692,889,9,20,24,30.5,56.30,42.39,1012.84,2026-03-15 11:43:38
4693,891,9,21,25,30.5,56.30,42.39,1012.85,2026-03-15 11:43:40
4694,881,9,21,25,30.5,56.40,42.39,1012.88,2026-03-15 11:43:42
4695,874,10,21,26,30.5,56.40,42.85,1012.79,2026-03-15 11:43:44
4696,870,10,21,27,30.5,56.40,42.85,1012.87,2026-03-15 11:43:46
4697,872,12,22,28,30.5,56.40,42.39,1012.85,2026-03-15 11:43:48
4698,874,12,22,29,30.5,56.50,42.85,1012.86,2026-03-15 11:43:50
4699,883,11,22,28,30.5,56.50,42.85,1012.84,2026-03-15 11:43:52
4700,875,12,23,29,30.5,56.50,42.39,1012.82,2026-03-15 11:43:54
4701,888,11,22,28,30.5,56.50,42.85,1012.85,2026-03-15 11:43:56
4702,898,11,23,29,30.5,56.50,42.85,1012.83,2026-03-15 11:43:58
4703,891,11,23,29,30.5,56.50,42.85,1012.83,2026-03-15 11:44:00
4704,881,11,23,29,30.5,56.50,42.85,1012.82,2026-03-15 11:44:02
4705,881,11,25,31,30.5,56.60,42.85,1012.78,2026-03-15 11:44:04
4706,873,10,24,30,30.5,56.60,42.85,1012.83,2026-03-15 11:44:06
4707,871,10,24,30,30.5,56.60,42.85,1012.78,2026-03-15 11:44:08
4708,873,11,26,31,30.5,56.70,42.85,1012.80,2026-03-15 11:44:10
4709,881,10,26,31,30.4,56.70,42.85,1012.84,2026-03-15 11:44:12
4710,889,10,26,31,30.4,56.70,42.85,1012.80,2026-03-15 11:44:14
4711,896,10,26,31,30.4,56.79,42.85,1012.83,2026-03-15 11:44:16
4712,901,9,25,30,30.4,56.79,42.85,1012.80,2026-03-15 11:44:18
4713,905,9,25,31,30.4,56.79,42.85,1012.81,2026-03-15 11:44:20
4714,907,9,25,31,30.4,56.79,42.85,1012.77,2026-03-15 11:44:22
4715,899,9,25,31,30.4,56.89,42.85,1012.79,2026-03-15 11:44:24
4716,890,9,24,30,30.4,56.89,42.85,1012.85,2026-03-15 11:44:26
4717,884,8,22,28,30.4,56.89,42.85,1012.82,2026-03-15 11:44:28
4718,874,8,21,28,30.4,56.89,42.85,1012.87,2026-03-15 11:44:30
4719,877,8,21,27,30.4,56.89,42.85,1012.79,2026-03-15 11:44:32
4720,886,9,22,27,30.4,56.98,42.85,1012.80,2026-03-15 11:44:34
4721,896,10,22,27,30.4,56.98,42.85,1012.79,2026-03-15 11:44:36
4722,898,11,22,27,30.4,56.98,42.85,1012.81,2026-03-15 11:44:38
4723,904,11,22,26,30.5,56.98,42.85,1012.83,2026-03-15 11:44:40
4724,915,11,21,25,30.5,56.89,42.39,1012.80,2026-03-15 11:44:42
4725,911,11,21,25,30.5,56.89,42.85,1012.83,2026-03-15 11:44:44
4726,905,12,23,27,30.5,56.89,42.85,1012.83,2026-03-15 11:44:46
4727,899,12,22,26,30.4,56.79,42.85,1012.83,2026-03-15 11:44:48
4728,894,11,23,26,30.5,56.89,42.85,1012.81,2026-03-15 11:44:50
4729,889,11,23,26,30.5,56.79,42.85,1012.82,2026-03-15 11:44:52
4730,890,12,24,27,30.5,56.79,42.85,1012.84,2026-03-15 11:44:54
4731,906,12,24,27,30.5,56.79,42.85,1012.80,2026-03-15 11:44:56
4732,908,12,23,28,30.5,56.79,42.85,1012.82,2026-03-15 11:44:58
4733,912,11,22,27,30.5,56.70,42.85,1012.81,2026-03-15 11:45:00
4734,914,11,22,27,30.5,56.60,42.85,1012.80,2026-03-15 11:45:02
4735,917,11,22,28,30.5,56.50,42.85,1012.79,2026-03-15 11:45:04
4736,911,11,22,29,30.5,56.50,42.85,1012.80,2026-03-15 11:45:06
4737,899,11,22,30,30.5,56.40,42.85,1012.80,2026-03-15 11:45:08
4738,892,11,22,30,30.5,56.30,42.85,1012.77,2026-03-15 11:45:10
4739,885,10,22,31,30.5,56.30,42.85,1012.76,2026-03-15 11:45:12
4740,882,10,22,31,30.5,56.21,42.85,1012.77,2026-03-15 11:45:14
4741,887,10,21,29,30.5,56.11,42.85,1012.80,2026-03-15 11:45:16
4742,893,11,22,30,30.5,56.01,42.85,1012.79,2026-03-15 11:45:18
4743,898,11,22,30,30.5,55.92,42.85,1012.81,2026-03-15 11:45:20
4744,903,11,21,30,30.5,55.73,42.85,1012.79,2026-03-15 11:45:22
4745,905,10,20,29,30.5,55.53,42.85,1012.80,2026-03-15 11:45:24
4746,896,10,20,29,30.5,55.53,42.85,1012.79,2026-03-15 11:45:26
4747,882,10,20,29,30.5,55.43,42.85,1012.79,2026-03-15 11:45:28
4748,875,10,20,29,30.5,55.43,42.85,1012.76,2026-03-15 11:45:30
4749,867,10,21,30,30.5,55.33,42.85,1012.77,2026-03-15 11:45:32
4750,866,10,22,31,30.5,55.33,42.85,1012.78,2026-03-15 11:45:34
4751,866,9,21,30,30.5,55.33,42.85,1012.79,2026-03-15 11:45:36
4752,871,9,22,29,30.5,55.33,42.85,1012.77,2026-03-15 11:45:38
4753,874,10,23,30,30.5,55.24,42.85,1012.76,2026-03-15 11:45:40
4754,865,10,23,30,30.5,55.14,42.85,1012.80,2026-03-15 11:45:42
4755,876,10,24,29,30.5,55.04,42.85,1012.80,2026-03-15 11:45:44
4756,879,9,23,28,30.5,55.04,42.85,1012.76,2026-03-15 11:45:46
4757,879,10,24,30,30.5,55.04,42.85,1012.79,2026-03-15 11:45:48
4758,879,10,24,30,30.5,54.94,42.85,1012.77,2026-03-15 11:45:50
4759,874,9,23,30,30.5,54.94,42.39,1012.80,2026-03-15 11:45:52
4760,866,9,24,30,30.5,54.94,42.39,1012.82,2026-03-15 11:45:54
4761,859,10,24,30,30.5,54.94,42.85,1012.78,2026-03-15 11:45:56
4762,854,11,25,32,30.5,54.94,42.39,1012.78,2026-03-15 11:45:58
4763,860,11,25,32,30.5,54.85,42.85,1012.78,2026-03-15 11:46:00
4764,871,11,26,33,30.5,54.85,42.85,1012.77,2026-03-15 11:46:02
4765,875,11,26,33,30.5,54.85,42.39,1012.77,2026-03-15 11:46:04
4766,883,10,25,32,30.5,54.85,42.39,1012.80,2026-03-15 11:46:06
4767,889,11,26,32,30.5,54.85,42.39,1012.79,2026-03-15 11:46:08
4768,892,11,26,32,30.5,54.85,42.39,1012.78,2026-03-15 11:46:10
4769,882,11,26,32,30.5,54.85,42.39,1012.78,2026-03-15 11:46:12
4770,873,11,26,32,30.5,54.85,42.39,1012.78,2026-03-15 11:46:14
4771,866,12,26,32,30.5,54.94,42.39,1012.75,2026-03-15 11:46:16
4772,847,12,26,32,30.5,54.94,42.39,1012.77,2026-03-15 11:46:18
4773,841,12,25,32,30.5,54.94,42.39,1012.75,2026-03-15 11:46:20
4774,849,12,25,32,30.5,54.94,42.39,1012.80,2026-03-15 11:46:22
4775,856,11,24,30,30.5,54.94,42.39,1012.81,2026-03-15 11:46:24
4776,866,10,24,29,30.5,54.85,42.85,1012.76,2026-03-15 11:46:26
4777,864,11,24,29,30.5,54.85,42.85,1012.78,2026-03-15 11:46:28
4778,861,10,23,27,30.5,54.85,42.85,1012.75,2026-03-15 11:46:30
4779,863,10,23,27,30.5,54.85,42.85,1012.78,2026-03-15 11:46:32
4780,862,10,23,26,30.5,54.85,42.85,1012.78,2026-03-15 11:46:34
4781,854,10,23,26,30.5,54.85,42.85,1012.75,2026-03-15 11:46:36
4782,833,10,23,26,30.5,54.85,42.39,1012.76,2026-03-15 11:46:38
4783,840,10,24,27,30.5,54.85,42.85,1012.77,2026-03-15 11:46:40
4784,840,10,24,27,30.5,54.85,42.85,1012.80,2026-03-15 11:46:42
4785,847,9,22,27,30.5,54.85,42.85,1012.80,2026-03-15 11:46:44
4786,853,10,23,28,30.5,54.75,42.85,1012.75,2026-03-15 11:46:46
4787,859,9,22,27,30.5,54.75,42.85,1012.76,2026-03-15 11:46:48
4788,861,9,22,27,30.5,54.75,42.85,1012.77,2026-03-15 11:46:50
4789,855,10,23,28,30.5,54.75,42.85,1012.76,2026-03-15 11:46:52
4790,842,11,23,28,30.5,54.75,42.85,1012.75,2026-03-15 11:46:54
4791,835,11,24,28,30.5,54.85,42.39,1012.77,2026-03-15 11:46:56
4792,842,11,23,27,30.5,54.85,42.85,1012.77,2026-03-15 11:46:58
4793,835,11,24,27,30.5,54.85,42.85,1012.76,2026-03-15 11:47:00
4794,839,11,24,27,30.5,54.94,42.39,1012.74,2026-03-15 11:47:02
4795,848,12,24,27,30.5,54.94,42.39,1012.74,2026-03-15 11:47:04
4796,851,13,25,28,30.5,54.94,42.39,1012.78,2026-03-15 11:47:06
4797,847,13,25,28,30.5,54.94,42.39,1012.75,2026-03-15 11:47:08
4798,842,13,25,28,30.5,55.04,42.39,1012.76,2026-03-15 11:47:10
4799,851,13,25,28,30.5,55.04,42.39,1012.79,2026-03-15 11:47:12
4800,852,13,24,28,30.5,55.04,42.85,1012.78,2026-03-15 11:47:14
4801,847,12,23,27,30.5,55.04,42.39,1012.79,2026-03-15 11:47:16
4802,848,12,23,27,30.5,55.04,42.39,1012.74,2026-03-15 11:47:18
4803,843,12,23,28,30.5,55.04,42.39,1012.72,2026-03-15 11:47:20
4804,842,12,23,28,30.5,55.04,42.39,1012.77,2026-03-15 11:47:22
4805,854,12,23,28,30.5,55.04,41.93,1012.75,2026-03-15 11:47:24
4806,853,14,25,30,30.6,55.04,42.85,1012.72,2026-03-15 11:47:26
4807,856,14,25,30,30.6,55.04,42.85,1012.70,2026-03-15 11:47:28
4808,859,14,24,29,30.6,55.04,42.85,1012.77,2026-03-15 11:47:30
4809,859,14,24,29,30.6,54.94,42.39,1012.78,2026-03-15 11:47:32
4810,860,13,23,27,30.6,54.94,42.85,1012.76,2026-03-15 11:47:34
4811,854,13,23,27,30.6,54.94,42.85,1012.68,2026-03-15 11:47:36
4812,849,13,23,26,30.6,54.94,42.85,1012.73,2026-03-15 11:47:38
4813,839,14,24,27,30.6,54.94,42.85,1012.75,2026-03-15 11:47:40
4814,832,14,24,27,30.6,54.94,42.85,1012.74,2026-03-15 11:47:42
4815,830,14,24,28,30.6,55.04,42.85,1012.72,2026-03-15 11:47:44
4816,836,14,24,28,30.6,55.04,42.85,1012.72,2026-03-15 11:47:46
4817,846,14,24,29,30.7,55.02,42.85,1012.74,2026-03-15 11:47:48
4818,836,14,24,29,30.6,54.94,42.85,1012.70,2026-03-15 11:47:50
4819,855,13,23,29,30.7,55.02,42.85,1012.68,2026-03-15 11:47:52
4820,850,14,24,30,30.7,55.02,42.85,1012.69,2026-03-15 11:47:54
4821,848,14,24,31,30.7,55.02,42.85,1012.70,2026-03-15 11:47:56
4822,848,13,24,30,30.7,55.02,42.85,1012.70,2026-03-15 11:47:58
4823,841,14,25,31,30.7,54.92,42.85,1012.70,2026-03-15 11:48:00
4824,835,14,25,31,30.7,54.92,42.85,1012.72,2026-03-15 11:48:02
4825,832,13,24,30,30.7,54.92,42.85,1012.72,2026-03-15 11:48:04
4826,825,13,24,30,30.8,54.92,42.85,1012.74,2026-03-15 11:48:06
4827,833,13,24,30,30.8,54.92,42.85,1012.73,2026-03-15 11:48:08
4828,848,12,24,30,30.7,55.02,42.85,1012.72,2026-03-15 11:48:10
4829,864,13,25,31,30.8,55.02,42.85,1012.70,2026-03-15 11:48:12
4830,870,13,25,30,30.8,55.02,42.85,1012.68,2026-03-15 11:48:14
4831,873,12,24,28,30.8,55.02,42.39,1012.72,2026-03-15 11:48:16
4832,871,13,25,29,30.8,55.02,42.85,1012.69,2026-03-15 11:48:18
4833,859,13,25,29,30.8,54.92,42.85,1012.69,2026-03-15 11:48:20
4834,849,13,24,28,30.8,55.02,42.85,1012.71,2026-03-15 11:48:22
4835,847,13,24,28,30.8,55.02,42.85,1012.74,2026-03-15 11:48:24
4836,847,13,24,29,30.8,55.02,42.85,1012.73,2026-03-15 11:48:26
4837,841,13,25,30,30.8,55.02,42.85,1012.72,2026-03-15 11:48:28
4838,846,14,26,32,30.8,55.02,42.85,1012.66,2026-03-15 11:48:30
4839,847,14,26,32,30.8,55.02,42.85,1012.72,2026-03-15 11:48:32
4840,851,13,25,31,30.8,55.02,42.85,1012.68,2026-03-15 11:48:34
4841,856,14,26,31,30.8,55.02,42.85,1012.69,2026-03-15 11:48:36
4842,857,14,26,31,30.8,55.02,42.85,1012.69,2026-03-15 11:48:38
4843,860,14,26,30,30.8,55.02,42.85,1012.70,2026-03-15 11:48:40
4844,849,14,26,30,30.8,55.02,43.32,1012.70,2026-03-15 11:48:42
4845,845,14,25,30,30.8,54.92,43.32,1012.68,2026-03-15 11:48:44
4846,841,13,24,29,30.8,54.92,43.32,1012.72,2026-03-15 11:48:46
4847,830,13,24,29,30.8,54.92,42.85,1012.74,2026-03-15 11:48:48
4848,834,14,25,30,30.8,54.92,42.85,1012.68,2026-03-15 11:48:50
4849,830,13,24,28,30.8,55.02,42.85,1012.66,2026-03-15 11:48:52
4850,837,14,25,29,30.8,55.02,42.85,1012.64,2026-03-15 11:48:54
4851,848,15,25,29,30.9,55.02,42.85,1012.68,2026-03-15 11:48:56
4852,847,15,26,29,30.8,55.02,42.85,1012.67,2026-03-15 11:48:58
4853,837,14,25,28,30.8,54.92,42.85,1012.71,2026-03-15 11:49:00
4854,827,14,25,28,30.9,54.90,42.85,1012.71,2026-03-15 11:49:02
4855,824,15,26,29,30.9,54.82,42.85,1012.73,2026-03-15 11:49:04
4856,821,15,26,29,30.9,54.80,42.85,1012.75,2026-03-15 11:49:06
4857,814,14,25,28,30.9,54.72,42.85,1012.75,2026-03-15 11:49:08
4858,816,14,26,28,30.9,54.72,42.85,1012.72,2026-03-15 11:49:10
4859,811,14,26,28,30.9,54.72,42.85,1012.71,2026-03-15 11:49:12
4860,814,14,26,28,30.9,54.63,42.85,1012.72,2026-03-15 11:49:14
4861,819,13,25,28,30.9,54.63,42.85,1012.75,2026-03-15 11:49:16
4862,827,14,26,29,30.9,54.60,42.85,1012.74,2026-03-15 11:49:18
4863,827,13,25,29,30.9,54.60,42.85,1012.71,2026-03-15 11:49:20
4864,832,13,25,28,30.9,54.60,42.85,1012.72,2026-03-15 11:49:22
4865,831,13,25,28,30.9,54.60,42.85,1012.74,2026-03-15 11:49:24
4866,827,12,23,26,30.9,54.60,42.85,1012.69,2026-03-15 11:49:26
4867,837,13,24,27,30.9,54.60,42.85,1012.73,2026-03-15 11:49:28
4868,829,13,23,26,30.9,54.60,42.85,1012.74,2026-03-15 11:49:30
4869,821,12,22,25,30.9,54.60,42.85,1012.74,2026-03-15 11:49:32
4870,833,13,24,27,30.9,54.60,42.85,1012.69,2026-03-15 11:49:34
4871,833,13,24,27,30.9,54.60,42.85,1012.73,2026-03-15 11:49:36
4872,854,13,24,28,30.9,54.60,42.85,1012.70,2026-03-15 11:49:38
4873,856,12,23,27,30.9,54.60,42.85,1012.75,2026-03-15 11:49:40
4874,873,12,23,28,30.9,54.63,42.85,1012.72,2026-03-15 11:49:42
4875,868,12,22,28,30.9,54.60,42.85,1012.73,2026-03-15 11:49:44
4876,856,13,23,29,30.9,54.60,42.85,1012.72,2026-03-15 11:49:46
4877,854,13,23,29,30.9,54.60,42.85,1012.73,2026-03-15 11:49:48
4878,839,12,22,28,30.9,54.60,42.85,1012.73,2026-03-15 11:49:50
4879,838,14,23,29,30.9,54.63,42.85,1012.76,2026-03-15 11:49:52
4880,835,14,23,29,30.9,54.72,42.85,1012.75,2026-03-15 11:49:54
4881,842,14,23,29,30.9,54.70,42.85,1012.73,2026-03-15 11:49:56
4882,850,14,24,29,30.9,54.70,42.85,1012.74,2026-03-15 11:49:58
4883,860,13,23,29,30.9,54.70,42.85,1012.76,2026-03-15 11:50:00
4884,865,13,23,29,30.9,54.70,42.85,1012.73,2026-03-15 11:50:02
4885,867,13,23,29,30.9,54.70,42.85,1012.71,2026-03-15 11:50:04
4886,860,14,24,30,30.9,54.60,43.32,1012.70,2026-03-15 11:50:06
4887,845,14,24,31,30.9,54.60,42.85,1012.69,2026-03-15 11:50:08
4888,836,15,25,32,30.9,54.60,42.85,1012.74,2026-03-15 11:50:10
4889,832,15,25,32,30.8,54.63,42.85,1012.73,2026-03-15 11:50:12
4890,834,15,25,32,30.9,54.63,42.85,1012.77,2026-03-15 11:50:14
4891,838,15,25,32,30.9,54.63,42.85,1012.68,2026-03-15 11:50:16
4892,843,14,23,31,30.9,54.63,42.85,1012.72,2026-03-15 11:50:18
4893,848,14,23,32,30.9,54.63,42.85,1012.72,2026-03-15 11:50:20
4894,850,14,23,32,30.9,54.60,42.85,1012.71,2026-03-15 11:50:22
4895,846,14,23,31,30.9,54.63,42.85,1012.71,2026-03-15 11:50:24
4896,841,15,24,32,30.9,54.60,42.85,1012.71,2026-03-15 11:50:26
4897,833,14,24,31,30.9,54.63,41.93,1012.73,2026-03-15 11:50:28
4898,830,14,25,30,30.9,54.63,42.85,1012.70,2026-03-15 11:50:30
4899,826,14,25,30,30.9,54.63,41.47,1012.72,2026-03-15 11:50:32
4900,826,13,24,28,30.9,54.63,42.85,1012.71,2026-03-15 11:50:34
4901,831,14,26,29,30.9,54.60,42.85,1012.71,2026-03-15 11:50:36
4902,837,14,26,29,30.9,54.72,42.85,1012.67,2026-03-15 11:50:38
4903,850,13,25,28,30.9,54.72,42.85,1012.69,2026-03-15 11:50:40
4904,863,14,25,29,30.8,54.72,42.85,1012.67,2026-03-15 11:50:42
4905,866,14,25,28,30.9,54.82,42.85,1012.68,2026-03-15 11:50:44
4906,860,15,25,29,30.8,54.82,42.85,1012.65,2026-03-15 11:50:46
4907,861,15,25,29,30.9,54.92,42.85,1012.71,2026-03-15 11:50:48
4908,863,14,24,27,30.9,54.82,42.85,1012.71,2026-03-15 11:50:50
4909,860,15,24,27,30.8,54.82,42.85,1012.73,2026-03-15 11:50:52
4910,859,15,24,27,30.8,54.82,42.85,1012.73,2026-03-15 11:50:54
4911,930,13,24,29,0,0,0,0,2026-03-15 11:51:00
4912,908,13,24,28,30.7,55.02,32.72,1012.73,2026-03-15 11:51:13
4913,907,13,24,28,30.8,55.31,39.17,1012.70,2026-03-15 11:51:15
4914,874,12,24,27,30.8,55.21,38.71,1012.70,2026-03-15 11:51:17
4915,867,12,24,27,30.8,55.21,32.72,1012.71,2026-03-15 11:51:19
4916,855,12,24,27,30.7,55.21,33.18,1012.71,2026-03-15 11:51:21
4917,904,12,24,27,30.8,55.21,35.94,1012.70,2026-03-15 11:51:23
4918,914,12,24,27,30.8,55.02,43.78,1012.68,2026-03-15 11:51:25
4919,914,12,24,27,30.7,54.92,12.90,1012.69,2026-03-15 11:51:27
4920,500,12,24,27,30.6,54.94,10.60,1012.73,2026-03-15 11:51:29
4921,500,12,24,27,30.6,54.92,12.44,1012.72,2026-03-15 11:51:31
4922,500,12,24,27,30.6,55.02,14.75,1012.68,2026-03-15 11:51:33
4923,500,12,24,27,30.6,55.04,22.12,1012.67,2026-03-15 11:51:35
4924,500,12,24,27,30.6,55.04,21.20,1012.71,2026-03-15 11:51:37
4925,500,12,24,27,30.6,55.14,5.99,1012.73,2026-03-15 11:51:39
4926,500,12,24,27,30.5,55.43,8.76,1012.71,2026-03-15 11:51:41
4927,500,12,24,27,30.5,55.53,19.81,1012.72,2026-03-15 11:51:43
4928,500,12,24,27,30.5,55.43,18.89,1012.71,2026-03-15 11:51:45
4929,500,12,24,27,30.5,55.33,21.20,1012.71,2026-03-15 11:51:47
4930,500,12,24,27,30.4,55.33,35.02,1012.68,2026-03-15 11:51:49
4931,500,12,24,27,30.4,55.33,42.85,1012.68,2026-03-15 11:51:51
4932,500,12,24,27,30.4,55.43,48.38,1012.65,2026-03-15 11:51:53
4933,500,12,24,27,30.5,55.43,45.62,1012.62,2026-03-15 11:51:55
4934,500,12,24,27,30.4,55.33,44.70,1012.67,2026-03-15 11:51:57
4935,500,12,24,27,30.5,55.33,52.99,1012.64,2026-03-15 11:51:59
4936,500,12,24,27,30.5,55.33,82.02,1012.60,2026-03-15 11:52:01
4937,500,12,24,27,30.5,55.33,26.73,1012.51,2026-03-15 11:52:03
4938,500,12,24,27,30.4,55.24,21.66,1012.59,2026-03-15 11:52:05
4939,500,12,24,27,30.5,55.33,21.66,1012.53,2026-03-15 11:52:07
4940,500,12,24,27,30.5,55.33,22.58,1012.57,2026-03-15 11:52:09
4941,500,12,24,27,30.5,55.24,30.41,1012.54,2026-03-15 11:52:11
4942,500,12,24,27,30.5,55.24,40.55,1012.51,2026-03-15 11:52:13
4943,500,12,24,27,30.6,55.24,21.20,1012.58,2026-03-15 11:52:15
4944,500,12,24,27,30.6,55.33,35.02,1012.59,2026-03-15 11:52:17
4945,500,12,24,27,30.6,55.33,23.96,1012.54,2026-03-15 11:52:19
4946,500,12,24,27,30.6,55.33,40.55,1012.52,2026-03-15 11:52:21
4947,500,12,24,27,30.6,55.43,32.72,1012.53,2026-03-15 11:52:23
4948,500,12,24,27,30.6,55.43,42.85,1012.52,2026-03-15 11:52:25
4949,500,12,24,27,30.6,55.33,82.94,1012.49,2026-03-15 11:52:27
4950,795,12,24,27,30.6,54.34,163.12,1012.51,2026-03-15 11:52:29
4951,799,12,24,27,30.7,53.47,188.93,1012.50,2026-03-15 11:52:31
4952,800,12,24,27,30.6,52.78,204.60,1012.54,2026-03-15 11:52:33
4953,803,12,24,27,30.6,52.40,196.30,1012.51,2026-03-15 11:52:35
4954,803,12,24,27,30.7,52.20,24.88,1012.51,2026-03-15 11:52:37
4955,800,12,24,27,30.7,52.20,11.06,1012.50,2026-03-15 11:52:39
4956,796,12,24,27,30.7,52.01,48.84,1012.41,2026-03-15 11:52:41
4957,786,12,24,27,30.7,51.81,62.67,1012.47,2026-03-15 11:52:43
4958,778,12,24,27,30.7,51.72,70.96,1012.47,2026-03-15 11:52:45
4959,776,12,24,27,30.7,52.01,72.81,1012.44,2026-03-15 11:52:47
4960,770,12,24,27,30.7,52.40,72.81,1012.44,2026-03-15 11:52:49
4961,766,12,24,27,30.7,52.69,72.81,1012.48,2026-03-15 11:52:51
4962,759,12,24,27,30.7,53.08,72.81,1012.44,2026-03-15 11:52:53
4963,755,12,24,27,30.7,53.27,72.81,1012.48,2026-03-15 11:52:55
4964,753,12,24,27,30.8,53.66,72.81,1012.48,2026-03-15 11:52:57
4965,749,12,24,27,30.8,53.85,72.81,1012.44,2026-03-15 11:52:59
4966,747,12,24,27,30.8,53.95,72.81,1012.48,2026-03-15 11:53:01
4967,747,12,24,27,30.8,54.05,72.81,1012.45,2026-03-15 11:53:03
4968,747,12,24,27,30.8,54.05,72.81,1012.47,2026-03-15 11:53:05
4969,747,12,24,27,30.8,54.05,72.81,1012.43,2026-03-15 11:53:07
4970,745,12,24,27,30.9,54.02,72.81,1012.49,2026-03-15 11:53:09
4971,744,12,24,27,30.9,53.85,72.81,1012.47,2026-03-15 11:53:11
4972,740,12,24,27,30.9,53.44,72.81,1012.48,2026-03-15 11:53:13
4973,738,12,24,27,30.9,53.24,72.81,1012.47,2026-03-15 11:53:15
4974,734,12,24,27,30.9,53.05,72.81,1012.41,2026-03-15 11:53:17
4975,739,12,24,27,30.9,53.05,73.27,1012.46,2026-03-15 11:53:19
4976,738,12,24,27,31.0,53.05,73.27,1012.45,2026-03-15 11:53:21
4977,735,12,24,27,31.0,52.86,73.27,1012.44,2026-03-15 11:53:23
4978,735,12,24,27,31.0,52.37,73.27,1012.44,2026-03-15 11:53:25
4979,732,12,24,27,31.0,52.18,73.27,1012.45,2026-03-15 11:53:27
4980,721,12,24,27,31.0,51.89,73.27,1012.48,2026-03-15 11:53:29
4981,723,12,24,27,31.1,51.50,73.27,1012.45,2026-03-15 11:53:31
4982,718,12,24,27,31.1,51.31,73.27,1012.48,2026-03-15 11:53:33
4983,716,12,24,27,31.1,51.11,73.73,1012.45,2026-03-15 11:53:35
4984,712,12,24,27,31.1,50.92,73.73,1012.43,2026-03-15 11:53:37
4985,707,12,24,27,31.1,50.92,73.73,1012.47,2026-03-15 11:53:39
4986,703,12,24,27,31.1,51.18,73.73,1012.50,2026-03-15 11:53:41
4987,701,12,24,27,31.2,51.28,73.73,1012.48,2026-03-15 11:53:43
4988,705,12,24,27,31.2,51.47,73.73,1012.46,2026-03-15 11:53:45
4989,697,12,24,27,31.2,51.76,73.73,1012.46,2026-03-15 11:53:47
4990,692,12,24,27,31.2,51.96,73.73,1012.45,2026-03-15 11:53:49
4991,687,12,24,27,31.2,52.06,73.73,1012.45,2026-03-15 11:53:51
4992,686,12,24,27,31.2,52.15,73.73,1012.45,2026-03-15 11:53:53
4993,682,12,24,27,31.3,52.34,73.73,1012.47,2026-03-15 11:53:55
4994,683,12,24,27,31.3,52.44,73.73,1012.47,2026-03-15 11:53:57
4995,684,12,24,27,31.3,52.73,73.73,1012.45,2026-03-15 11:53:59
4996,689,12,24,27,31.3,52.83,73.73,1012.44,2026-03-15 11:54:01
4997,690,12,24,27,31.3,52.93,73.73,1012.43,2026-03-15 11:54:03
4998,689,12,24,27,31.3,52.93,73.73,1012.46,2026-03-15 11:54:05
4999,692,12,24,27,31.3,53.02,74.19,1012.46,2026-03-15 11:54:09
5000,693,12,24,27,31.3,53.12,74.19,1012.44,2026-03-15 11:54:11
5001,696,12,24,27,31.3,53.12,73.73,1012.45,2026-03-15 11:54:13
5002,698,12,24,27,31.3,53.22,73.73,1012.45,2026-03-15 11:54:15
5003,701,12,24,27,31.4,53.22,73.73,1012.44,2026-03-15 11:54:17
5004,705,12,24,27,31.4,53.22,73.73,1012.47,2026-03-15 11:54:19
5005,703,12,24,27,31.4,53.22,74.19,1012.47,2026-03-15 11:54:21
5006,703,12,24,27,31.4,53.22,73.73,1012.48,2026-03-15 11:54:23
5007,704,12,24,27,31.4,53.12,74.65,1012.42,2026-03-15 11:54:25
5008,708,12,24,27,31.4,53.00,74.19,1012.48,2026-03-15 11:54:27
5009,707,12,24,27,31.4,52.71,73.73,1012.47,2026-03-15 11:54:29
5010,705,12,24,27,31.4,52.32,73.73,1012.41,2026-03-15 11:54:31
5011,704,12,24,27,31.5,51.93,73.73,1012.43,2026-03-15 11:54:33
5012,702,12,24,27,31.5,51.64,74.19,1012.39,2026-03-15 11:54:35
5013,702,12,24,27,31.5,51.45,73.73,1012.43,2026-03-15 11:54:37
5014,703,12,24,27,31.5,51.16,74.19,1012.44,2026-03-15 11:54:39
5015,701,12,24,27,31.5,51.06,73.73,1012.45,2026-03-15 11:54:41
5016,699,12,24,27,31.5,51.16,73.73,1012.42,2026-03-15 11:54:43
5017,695,12,24,27,31.5,51.06,74.19,1012.48,2026-03-15 11:54:45
5018,692,12,24,27,31.6,50.87,73.73,1012.49,2026-03-15 11:54:47
5019,689,12,24,27,31.6,50.77,73.73,1012.40,2026-03-15 11:54:49
5020,687,12,24,27,31.6,50.67,74.19,1012.46,2026-03-15 11:54:51
5021,683,12,24,27,31.6,50.77,74.19,1012.45,2026-03-15 11:54:53
5022,687,12,24,27,31.6,50.77,74.19,1012.43,2026-03-15 11:54:55
5023,676,12,24,27,31.6,50.74,73.73,1012.45,2026-03-15 11:54:57
5024,675,12,24,27,31.6,50.55,74.65,1012.47,2026-03-15 11:54:59
5025,675,12,24,27,31.7,50.45,74.19,1012.43,2026-03-15 11:55:01
5026,673,12,24,27,31.7,50.35,73.73,1012.44,2026-03-15 11:55:03
5027,671,12,24,27,31.7,50.35,74.19,1012.43,2026-03-15 11:55:05
5028,668,12,24,27,31.7,50.26,74.19,1012.47,2026-03-15 11:55:07
5029,668,12,24,27,31.7,50.35,73.73,1012.47,2026-03-15 11:55:09
5030,664,12,24,27,31.7,50.45,74.19,1012.42,2026-03-15 11:55:11
5031,651,12,24,27,31.7,50.55,73.73,1012.49,2026-03-15 11:55:13
5032,641,12,24,27,31.7,50.84,73.73,1012.44,2026-03-15 11:55:15
5033,643,12,24,27,31.7,51.13,73.73,1012.48,2026-03-15 11:55:17
5034,645,12,24,27,31.8,51.32,73.73,1012.46,2026-03-15 11:55:19
5035,646,12,24,27,31.8,51.13,73.73,1012.44,2026-03-15 11:55:21
5036,647,12,24,27,31.8,51.13,73.73,1012.42,2026-03-15 11:55:23
5037,649,12,24,27,31.8,50.84,73.73,1012.45,2026-03-15 11:55:25
5038,649,12,24,27,31.8,50.55,73.73,1012.47,2026-03-15 11:55:27
5039,652,12,24,27,31.8,50.55,73.73,1012.43,2026-03-15 11:55:29
5040,654,12,24,27,31.8,50.45,73.73,1012.43,2026-03-15 11:55:31
5041,645,12,24,27,31.8,50.55,73.73,1012.47,2026-03-15 11:55:33
5042,654,12,24,27,31.8,50.74,73.73,1012.42,2026-03-15 11:55:35
5043,652,12,24,27,31.8,50.84,73.73,1012.45,2026-03-15 11:55:37
5044,651,12,24,27,31.8,50.84,73.73,1012.43,2026-03-15 11:55:39
5045,654,12,24,27,31.8,51.04,73.73,1012.43,2026-03-15 11:55:41
5046,656,12,24,27,31.8,51.13,73.73,1012.41,2026-03-15 11:55:43
5047,658,12,24,27,31.8,51.32,73.73,1012.44,2026-03-15 11:55:45
5048,660,12,24,27,31.8,51.52,73.73,1012.45,2026-03-15 11:55:47
5049,664,12,24,27,31.9,51.62,74.19,1012.45,2026-03-15 11:55:49
5050,666,12,24,27,31.9,51.62,74.65,1012.42,2026-03-15 11:55:51
5051,670,12,24,27,31.9,51.32,74.19,1012.46,2026-03-15 11:55:53
5052,668,12,24,27,31.9,51.23,74.19,1012.45,2026-03-15 11:55:55
5053,676,12,24,27,31.9,50.94,74.19,1012.44,2026-03-15 11:55:57
5054,676,12,24,27,31.9,50.62,74.19,1012.43,2026-03-15 11:55:59
5055,669,12,24,27,31.9,50.24,74.19,1012.43,2026-03-15 11:56:01
5056,673,12,24,27,31.9,49.95,74.19,1012.45,2026-03-15 11:56:03
5057,671,12,24,27,31.9,49.75,74.19,1012.43,2026-03-15 11:56:05
5058,669,12,24,27,31.9,49.56,74.19,1012.46,2026-03-15 11:56:07
5059,671,12,24,27,31.9,49.56,74.19,1012.44,2026-03-15 11:56:09
5060,669,12,24,27,31.9,49.46,74.19,1012.46,2026-03-15 11:56:11
5061,664,12,24,27,32.0,49.46,74.19,1012.47,2026-03-15 11:56:13
5062,661,12,24,27,31.9,49.46,74.19,1012.45,2026-03-15 11:56:15
5063,660,12,24,27,32.0,49.56,74.19,1012.45,2026-03-15 11:56:17
5064,658,12,24,27,32.0,49.56,74.19,1012.44,2026-03-15 11:56:19
5065,661,12,24,27,32.0,49.65,74.19,1012.46,2026-03-15 11:56:21
5066,660,12,24,27,32.0,49.85,74.19,1012.44,2026-03-15 11:56:23
5067,656,12,24,27,32.0,49.85,74.19,1012.48,2026-03-15 11:56:25
5068,650,12,24,27,32.0,49.95,74.19,1012.43,2026-03-15 11:56:27
5069,646,12,24,27,32.0,50.14,74.19,1012.39,2026-03-15 11:56:29
5070,643,12,24,27,32.0,50.43,74.19,1012.43,2026-03-15 11:56:31
5071,643,12,24,27,32.0,50.82,74.19,1012.42,2026-03-15 11:56:33
5072,644,12,24,27,32.0,50.92,73.73,1012.44,2026-03-15 11:56:35
5073,647,12,24,27,32.0,51.01,74.19,1012.45,2026-03-15 11:56:37
5074,652,12,24,27,32.1,51.01,73.73,1012.45,2026-03-15 11:56:39
5075,651,12,24,27,32.0,51.10,73.73,1012.47,2026-03-15 11:56:41
5076,653,12,24,27,32.1,51.20,74.19,1012.45,2026-03-15 11:56:43
5077,656,12,24,27,32.1,51.20,73.73,1012.45,2026-03-15 11:56:45
5078,656,12,24,27,32.0,51.30,74.19,1012.43,2026-03-15 11:56:47
5079,661,12,24,27,32.1,51.40,73.73,1012.44,2026-03-15 11:56:49
5080,667,12,24,27,32.0,51.40,73.73,1012.48,2026-03-15 11:56:51
5081,666,12,24,27,32.1,51.50,73.73,1012.45,2026-03-15 11:56:53
5082,668,12,24,27,32.0,51.59,74.19,1012.46,2026-03-15 11:56:55
5083,669,12,24,27,32.1,51.59,73.73,1012.46,2026-03-15 11:56:57
5084,669,12,24,27,32.1,51.59,73.73,1012.39,2026-03-15 11:56:59
5085,670,12,24,27,32.1,51.59,73.73,1012.46,2026-03-15 11:57:01
5086,672,12,24,27,32.1,51.59,73.73,1012.44,2026-03-15 11:57:03
5087,674,12,24,27,32.1,51.59,73.73,1012.46,2026-03-15 11:57:05
5088,675,12,24,27,32.1,51.50,73.73,1012.43,2026-03-15 11:57:07
5089,677,12,24,27,32.1,51.50,73.73,1012.45,2026-03-15 11:57:09
5090,676,12,24,27,32.1,51.50,74.19,1012.47,2026-03-15 11:57:11
5091,677,12,24,27,32.1,51.50,74.19,1012.44,2026-03-15 11:57:13
5092,688,12,24,27,32.1,51.50,73.73,1012.46,2026-03-15 11:57:15
5093,688,12,24,27,32.1,51.59,73.73,1012.46,2026-03-15 11:57:17
5094,685,12,24,27,32.1,51.59,74.19,1012.43,2026-03-15 11:57:19
5095,686,12,24,27,32.1,51.59,74.19,1012.44,2026-03-15 11:57:21
5096,688,12,24,27,32.1,51.59,74.19,1012.45,2026-03-15 11:57:23
5097,690,12,24,27,32.1,51.59,74.19,1012.46,2026-03-15 11:57:25
5098,686,12,24,27,32.1,51.50,74.19,1012.44,2026-03-15 11:57:27
5099,691,12,24,27,32.1,51.50,74.65,1012.44,2026-03-15 11:57:29
5100,691,12,24,27,32.1,51.50,74.19,1012.44,2026-03-15 11:57:31
5101,695,12,24,27,32.1,51.50,74.19,1012.43,2026-03-15 11:57:33
5102,697,12,24,27,32.2,51.47,75.11,1012.45,2026-03-15 11:57:35
5103,696,12,24,27,32.1,51.50,74.19,1012.38,2026-03-15 11:57:37
5104,698,12,24,27,32.2,51.56,74.65,1012.47,2026-03-15 11:57:39
5105,699,12,24,27,32.2,51.56,74.65,1012.42,2026-03-15 11:57:41
5106,705,12,24,27,32.2,51.56,74.65,1012.44,2026-03-15 11:57:43
5107,706,12,24,27,32.2,51.47,74.65,1012.43,2026-03-15 11:57:45
5108,706,12,24,27,32.2,51.47,75.11,1012.43,2026-03-15 11:57:47
5109,707,12,24,27,32.2,51.56,74.65,1012.44,2026-03-15 11:57:49
5110,708,12,24,27,32.2,51.56,74.65,1012.43,2026-03-15 11:57:51
5111,707,12,24,27,32.2,51.56,74.65,1012.44,2026-03-15 11:57:53
5112,708,12,24,27,32.2,51.56,74.65,1012.41,2026-03-15 11:57:55
5113,708,12,24,27,32.2,51.66,74.65,1012.42,2026-03-15 11:57:57
5114,707,12,24,27,32.2,51.66,74.65,1012.42,2026-03-15 11:57:59
5115,710,12,24,27,32.2,51.66,74.65,1012.47,2026-03-15 11:58:01
5116,710,12,24,27,32.2,51.66,74.65,1012.42,2026-03-15 11:58:03
5117,711,12,24,27,32.2,51.66,74.65,1012.41,2026-03-15 11:58:05
5118,712,12,24,27,32.2,51.66,74.65,1012.44,2026-03-15 11:58:07
5119,713,12,24,27,32.2,51.66,74.65,1012.40,2026-03-15 11:58:09
5120,713,12,24,27,32.2,51.66,74.65,1012.42,2026-03-15 11:58:11
5121,709,12,24,27,32.2,51.66,74.65,1012.43,2026-03-15 11:58:13
5122,709,12,24,27,32.2,51.66,74.65,1012.40,2026-03-15 11:58:15
5123,706,12,24,27,32.2,51.66,74.65,1012.40,2026-03-15 11:58:17
5124,706,12,24,27,32.2,51.66,74.65,1012.39,2026-03-15 11:58:19
5125,707,12,24,27,32.2,51.76,74.65,1012.44,2026-03-15 11:58:21
5126,710,12,24,27,32.2,51.66,74.65,1012.40,2026-03-15 11:58:23
5127,711,12,24,27,32.2,51.66,74.65,1012.39,2026-03-15 11:58:25
5128,714,12,24,27,32.2,51.76,74.65,1012.38,2026-03-15 11:58:27
5129,717,12,24,27,32.2,51.76,74.65,1012.42,2026-03-15 11:58:29
5130,716,12,24,27,32.2,51.76,74.65,1012.40,2026-03-15 11:58:31
5131,717,12,24,27,32.2,51.76,74.65,1012.41,2026-03-15 11:58:33
5132,718,12,24,27,32.2,51.76,74.65,1012.43,2026-03-15 11:58:35
5133,717,12,24,27,32.2,51.76,74.65,1012.43,2026-03-15 11:58:37
5134,719,12,24,27,32.2,51.76,74.65,1012.38,2026-03-15 11:58:39
5135,718,12,24,27,32.2,51.76,74.65,1012.40,2026-03-15 11:58:41
5136,717,12,24,27,32.3,51.76,74.65,1012.38,2026-03-15 11:58:43
5137,716,12,24,27,32.2,51.76,74.65,1012.42,2026-03-15 11:58:45
5138,721,12,24,27,32.2,51.76,74.65,1012.39,2026-03-15 11:58:47
5139,720,12,24,27,32.2,51.76,74.65,1012.39,2026-03-15 11:58:49
5140,722,12,24,27,32.2,51.76,74.65,1012.39,2026-03-15 11:58:51
5141,723,12,24,27,32.3,51.76,74.65,1012.39,2026-03-15 11:58:53
5142,725,12,24,27,32.3,51.76,74.65,1012.40,2026-03-15 11:58:55
5143,723,12,24,27,32.3,51.76,74.65,1012.41,2026-03-15 11:58:57
5144,728,12,24,27,32.2,51.76,74.65,1012.40,2026-03-15 11:58:59
5145,728,12,24,27,32.3,51.76,74.65,1012.38,2026-03-15 11:59:01
5146,724,12,24,27,32.3,51.76,74.65,1012.43,2026-03-15 11:59:03
5147,728,12,24,27,32.2,51.76,75.11,1012.41,2026-03-15 11:59:05
5148,728,12,24,27,32.3,51.76,74.65,1012.42,2026-03-15 11:59:07
5149,727,12,24,27,32.3,51.76,74.65,1012.39,2026-03-15 11:59:09
5150,727,12,24,27,32.3,51.76,74.65,1012.41,2026-03-15 11:59:11
5151,730,12,24,27,32.3,51.76,74.65,1012.38,2026-03-15 11:59:13
5152,730,12,24,27,32.3,51.76,74.65,1012.41,2026-03-15 11:59:15
5153,730,12,24,27,32.3,51.76,74.65,1012.42,2026-03-15 11:59:17
5154,731,12,24,27,32.2,51.86,74.65,1012.39,2026-03-15 11:59:19
5155,733,12,24,27,32.2,51.86,74.65,1012.40,2026-03-15 11:59:21
5156,732,12,24,27,32.3,51.76,74.65,1012.43,2026-03-15 11:59:23
5157,735,12,24,27,32.3,51.76,74.65,1012.38,2026-03-15 11:59:25
5158,735,12,24,27,32.3,51.76,75.11,1012.46,2026-03-15 11:59:27
5159,735,12,24,27,32.2,51.76,75.11,1012.40,2026-03-15 11:59:29
5160,736,12,24,27,32.3,51.76,74.65,1012.43,2026-03-15 11:59:31
5161,735,12,24,27,32.2,51.66,74.65,1012.46,2026-03-15 11:59:33
5162,736,12,24,27,32.2,51.66,75.11,1012.40,2026-03-15 11:59:35
5163,735,12,24,27,32.2,51.66,74.65,1012.39,2026-03-15 11:59:37
5164,734,12,24,27,32.2,51.66,74.65,1012.41,2026-03-15 11:59:39
5165,731,12,24,27,32.2,51.66,74.65,1012.39,2026-03-15 11:59:41
5166,730,12,24,27,32.3,51.66,75.11,1012.42,2026-03-15 11:59:43
5167,734,12,24,27,32.2,51.66,74.65,1012.41,2026-03-15 11:59:45
5168,734,12,24,27,32.3,51.66,74.65,1012.44,2026-03-15 11:59:47
5169,736,12,24,27,32.2,51.66,74.65,1012.40,2026-03-15 11:59:49
5170,738,12,24,27,32.3,51.56,74.65,1012.40,2026-03-15 11:59:51
5171,743,12,24,27,32.3,51.56,74.65,1012.38,2026-03-15 11:59:53
5172,740,12,24,27,32.3,51.47,74.65,1012.40,2026-03-15 11:59:55
5173,733,12,24,27,32.3,51.37,75.11,1012.40,2026-03-15 11:59:57
5174,738,12,24,27,32.3,50.79,74.65,1012.38,2026-03-15 11:59:59
5175,736,12,24,27,32.3,50.21,74.65,1012.44,2026-03-15 12:00:01
5176,732,12,24,27,32.3,49.92,74.65,1012.37,2026-03-15 12:00:03
5177,734,12,24,27,32.3,49.82,74.65,1012.38,2026-03-15 12:00:05
5178,727,12,24,27,32.3,49.73,74.65,1012.40,2026-03-15 12:00:07
5179,723,12,24,27,32.4,49.63,74.65,1012.36,2026-03-15 12:00:09
5180,717,12,24,27,32.4,49.44,74.65,1012.39,2026-03-15 12:00:11
5181,713,12,24,27,32.4,49.34,74.65,1012.39,2026-03-15 12:00:13
5182,712,12,24,27,32.4,49.24,74.65,1012.39,2026-03-15 12:00:15
5183,700,12,24,27,32.4,49.22,74.65,1012.40,2026-03-15 12:00:17
5184,698,12,24,27,32.4,49.12,74.65,1012.38,2026-03-15 12:00:19
5185,693,12,24,27,32.4,49.12,75.11,1012.39,2026-03-15 12:00:21
5186,692,12,24,27,32.4,49.02,75.11,1012.39,2026-03-15 12:00:23
5187,688,12,24,27,32.4,49.02,74.65,1012.35,2026-03-15 12:00:25
5188,685,12,24,27,32.4,49.02,74.65,1012.38,2026-03-15 12:00:27
5189,682,12,24,27,32.5,49.02,74.65,1012.33,2026-03-15 12:00:29
5190,676,12,24,27,32.5,48.93,74.65,1012.37,2026-03-15 12:00:31
5191,673,12,24,27,32.5,49.12,74.65,1012.41,2026-03-15 12:00:33
5192,662,12,24,27,32.5,49.32,74.65,1012.35,2026-03-15 12:00:35
5193,662,12,24,27,32.5,49.51,74.65,1012.39,2026-03-15 12:00:37
5194,659,12,24,27,32.5,49.80,74.65,1012.38,2026-03-15 12:00:39
5195,656,12,24,27,32.5,49.99,74.65,1012.35,2026-03-15 12:00:41
5196,658,12,24,27,32.5,50.18,74.65,1012.36,2026-03-15 12:00:43
5197,656,12,24,27,32.5,50.09,74.65,1012.36,2026-03-15 12:00:45
5198,658,12,24,27,32.5,49.70,73.73,1012.36,2026-03-15 12:00:47
5199,665,12,24,27,32.5,49.32,73.27,1012.36,2026-03-15 12:00:49
5200,664,12,24,27,32.5,49.12,58.98,1012.35,2026-03-15 12:00:51
5201,663,12,24,27,32.5,49.02,30.87,1012.39,2026-03-15 12:00:53
5202,660,12,24,27,32.5,49.02,11.52,1012.38,2026-03-15 12:00:55
5203,652,12,24,27,32.5,50.48,11.06,1012.37,2026-03-15 12:00:57
5204,656,12,24,27,32.5,51.64,11.52,1012.45,2026-03-15 12:00:59
5205,657,12,24,27,32.5,52.12,12.90,1012.38,2026-03-15 12:01:01
5206,660,12,24,27,32.5,52.22,10.14,1012.39,2026-03-15 12:01:03
5207,660,12,24,27,32.5,52.22,10.60,1012.40,2026-03-15 12:01:05
5208,662,12,24,27,32.5,52.02,34.56,1012.39,2026-03-15 12:01:07
5209,664,12,24,27,32.5,51.83,23.50,1012.38,2026-03-15 12:01:09
5210,662,12,24,27,32.6,52.12,23.04,1012.42,2026-03-15 12:01:11
5211,667,12,24,27,32.6,52.12,21.66,1012.43,2026-03-15 12:01:13
5212,673,12,24,27,32.6,52.22,27.19,1012.37,2026-03-15 12:01:15
5213,675,12,24,27,32.6,51.73,40.09,1012.43,2026-03-15 12:01:17
5214,674,12,24,27,32.6,51.35,26.27,1012.39,2026-03-15 12:01:19
5215,673,12,24,27,32.6,50.76,32.26,1012.40,2026-03-15 12:01:21
5216,677,12,24,27,32.6,51.73,39.17,1012.38,2026-03-15 12:01:23
5217,677,12,24,27,32.7,52.22,35.48,1012.37,2026-03-15 12:01:25
5218,677,12,24,27,32.7,51.42,45.16,1012.39,2026-03-15 12:01:27
5219,678,12,24,27,32.7,50.48,42.85,1012.40,2026-03-15 12:01:29
5220,672,12,24,27,32.7,51.44,15.21,1012.37,2026-03-15 12:01:31
5221,672,12,24,27,32.7,54.83,31.80,1012.39,2026-03-15 12:01:33
5222,671,12,24,27,32.6,57.34,17.51,1012.39,2026-03-15 12:01:35
5223,669,12,24,27,32.7,57.31,20.74,1012.35,2026-03-15 12:01:37
5224,664,12,24,27,32.7,55.09,17.05,1012.35,2026-03-15 12:01:39
5225,663,12,24,27,32.7,54.51,45.16,1012.39,2026-03-15 12:01:41
5226,662,12,24,27,32.7,55.67,7.37,1012.39,2026-03-15 12:01:43
5227,659,12,24,27,32.6,55.60,45.16,1012.40,2026-03-15 12:01:45
5228,655,12,24,27,32.6,54.93,18.89,1012.38,2026-03-15 12:01:47
5229,651,12,24,27,32.6,54.05,17.05,1012.37,2026-03-15 12:01:49
5230,648,12,24,27,32.7,53.64,21.20,1012.40,2026-03-15 12:01:51
5231,649,12,24,27,32.7,53.47,16.13,1012.36,2026-03-15 12:01:53
5232,648,12,24,27,32.7,52.58,18.89,1012.43,2026-03-15 12:01:55
5233,646,12,24,27,32.7,52.00,34.56,1012.42,2026-03-15 12:01:57
5234,645,12,24,27,32.7,51.42,33.18,1012.37,2026-03-15 12:01:59
5235,647,12,24,27,32.7,51.23,35.48,1012.39,2026-03-15 12:02:01
5236,651,12,24,27,32.7,51.23,38.71,1012.41,2026-03-15 12:02:03
5237,655,12,24,27,32.7,51.03,35.48,1012.42,2026-03-15 12:02:05
5238,659,12,24,27,32.7,51.13,33.18,1012.38,2026-03-15 12:02:07
5239,662,12,24,27,32.7,51.23,33.64,1012.40,2026-03-15 12:02:09
5240,667,12,24,27,32.7,51.13,34.10,1012.44,2026-03-15 12:02:11
5241,674,12,24,27,32.7,51.03,36.86,1012.36,2026-03-15 12:02:13
5242,680,12,24,27,32.8,50.93,36.40,1012.40,2026-03-15 12:02:15
5243,682,12,24,27,32.7,50.74,36.40,1012.37,2026-03-15 12:02:17
5244,687,12,24,27,32.7,50.65,36.40,1012.39,2026-03-15 12:02:19
5245,693,12,24,27,32.7,50.45,36.40,1012.39,2026-03-15 12:02:21
5246,696,12,24,27,32.8,50.45,36.40,1012.40,2026-03-15 12:02:23
5247,703,12,24,27,32.8,50.35,36.40,1012.38,2026-03-15 12:02:25
5248,709,12,24,27,32.8,50.26,36.40,1012.37,2026-03-15 12:02:27
5249,709,12,24,27,32.8,50.07,36.40,1012.35,2026-03-15 12:02:29
5250,709,12,24,27,32.8,49.87,36.40,1012.38,2026-03-15 12:02:31
5251,706,12,24,27,32.8,49.68,36.40,1012.37,2026-03-15 12:02:33
5252,703,12,24,27,32.8,49.49,36.40,1012.39,2026-03-15 12:02:35
5253,705,12,24,27,32.8,49.39,36.40,1012.37,2026-03-15 12:02:37
5254,705,12,24,27,32.8,49.49,36.40,1012.35,2026-03-15 12:02:39
5255,703,12,24,27,32.8,49.58,36.40,1012.36,2026-03-15 12:02:41
5256,700,12,24,27,32.9,49.68,36.40,1012.39,2026-03-15 12:02:43
5257,699,12,24,27,32.9,49.58,36.40,1012.36,2026-03-15 12:02:45
5258,700,12,24,27,32.9,49.58,36.40,1012.37,2026-03-15 12:02:47
5259,697,12,24,27,32.9,49.49,36.40,1012.38,2026-03-15 12:02:49
5260,693,12,24,27,32.9,49.29,36.40,1012.35,2026-03-15 12:02:51
5261,691,12,24,27,32.9,49.29,36.40,1012.38,2026-03-15 12:02:53
5262,689,12,24,27,32.9,49.29,36.40,1012.38,2026-03-15 12:02:55
5263,686,12,24,27,32.9,49.27,36.40,1012.39,2026-03-15 12:02:57
5264,685,12,24,27,32.9,48.97,36.40,1012.37,2026-03-15 12:02:59
5265,681,12,24,27,32.9,48.69,36.40,1012.38,2026-03-15 12:03:01
5266,681,12,24,27,33.0,48.39,36.40,1012.39,2026-03-15 12:03:03
5267,680,12,24,27,33.0,48.11,36.40,1012.39,2026-03-15 12:03:05
5268,678,12,24,27,33.0,48.01,36.40,1012.39,2026-03-15 12:03:07
5269,677,12,24,27,33.0,47.81,36.40,1012.37,2026-03-15 12:03:09
5270,676,12,24,27,33.0,47.91,36.40,1012.41,2026-03-15 12:03:11
5271,676,12,24,27,33.0,48.30,36.40,1012.38,2026-03-15 12:03:13
5272,672,12,24,27,33.0,48.49,36.40,1012.41,2026-03-15 12:03:15
5273,671,12,24,27,33.0,48.69,36.40,1012.35,2026-03-15 12:03:17
5274,669,12,24,27,33.0,48.97,36.40,1012.39,2026-03-15 12:03:19
5275,672,12,24,27,33.0,49.27,36.40,1012.39,2026-03-15 12:03:21
5276,668,12,24,27,33.0,49.27,36.40,1012.41,2026-03-15 12:03:23
5277,665,12,24,27,33.1,49.17,36.40,1012.40,2026-03-15 12:03:25
5278,668,12,24,27,33.1,48.97,36.40,1012.39,2026-03-15 12:03:27
5279,669,12,24,27,33.1,48.69,36.40,1012.37,2026-03-15 12:03:29
5280,667,12,24,27,33.1,48.69,36.40,1012.39,2026-03-15 12:03:31
5281,669,12,24,27,33.1,48.69,36.40,1012.38,2026-03-15 12:03:33
5282,666,12,24,27,33.1,48.79,36.40,1012.42,2026-03-15 12:03:35
5283,666,12,24,27,33.1,48.88,36.40,1012.41,2026-03-15 12:03:37
5284,666,12,24,27,33.1,48.97,36.40,1012.38,2026-03-15 12:03:39
5285,666,12,24,27,33.1,48.88,36.40,1012.39,2026-03-15 12:03:41
5286,666,12,24,27,33.2,48.76,36.40,1012.39,2026-03-15 12:03:43
5287,673,12,24,27,33.2,48.76,36.40,1012.40,2026-03-15 12:03:45
5288,672,12,24,27,33.1,48.79,36.40,1012.38,2026-03-15 12:03:47
5289,672,12,24,27,33.2,48.86,36.40,1012.35,2026-03-15 12:03:49
5290,674,12,24,27,33.2,48.95,36.40,1012.38,2026-03-15 12:03:51
5291,675,12,24,27,33.2,48.95,36.40,1012.37,2026-03-15 12:03:53
5292,674,12,24,27,33.2,49.05,36.40,1012.35,2026-03-15 12:03:55
5293,672,12,24,27,33.2,49.15,36.86,1012.37,2026-03-15 12:03:57
5294,672,12,24,27,33.2,49.24,37.32,1012.39,2026-03-15 12:03:59
5295,674,12,24,27,33.2,49.24,36.40,1012.36,2026-03-15 12:04:01
5296,672,12,24,27,33.2,49.34,36.86,1012.35,2026-03-15 12:04:03
5297,674,12,24,27,33.2,49.34,36.40,1012.35,2026-03-15 12:04:05
5298,674,12,24,27,33.2,49.44,36.40,1012.39,2026-03-15 12:04:07
5299,677,12,24,27,33.2,49.34,36.40,1012.36,2026-03-15 12:04:09
5300,680,12,24,27,33.2,49.44,36.40,1012.37,2026-03-15 12:04:11
5301,682,12,24,27,33.2,49.34,36.40,1012.38,2026-03-15 12:04:13
5302,687,12,24,27,33.2,49.34,36.40,1012.35,2026-03-15 12:04:15
5303,687,12,24,27,33.2,49.24,36.40,1012.40,2026-03-15 12:04:17
5304,688,12,24,27,33.2,49.24,36.40,1012.36,2026-03-15 12:04:19
5305,692,12,24,27,33.3,49.24,36.40,1012.37,2026-03-15 12:04:21
5306,697,12,24,27,33.3,49.34,36.40,1012.40,2026-03-15 12:04:23
5307,697,12,24,27,33.3,49.34,36.40,1012.38,2026-03-15 12:04:25
5308,699,12,24,27,33.3,49.44,36.86,1012.34,2026-03-15 12:04:27
5309,698,12,24,27,33.3,49.44,36.40,1012.37,2026-03-15 12:04:29
5310,702,12,24,27,33.3,49.44,36.40,1012.33,2026-03-15 12:04:31
5311,701,12,24,27,33.3,49.44,36.40,1012.37,2026-03-15 12:04:33
5312,699,12,24,27,33.3,49.44,36.40,1012.39,2026-03-15 12:04:35
5313,699,12,24,27,33.3,49.44,36.40,1012.32,2026-03-15 12:04:37
5314,700,12,24,27,33.3,49.44,36.40,1012.37,2026-03-15 12:04:39
5315,702,12,24,27,33.3,49.44,36.40,1012.39,2026-03-15 12:04:41
5316,702,12,24,27,33.3,49.44,36.40,1012.39,2026-03-15 12:04:43
5317,701,12,24,27,33.3,49.44,36.40,1012.35,2026-03-15 12:04:45
5318,702,12,24,27,33.3,49.44,36.40,1012.36,2026-03-15 12:04:47
5319,706,12,24,27,33.3,49.44,36.40,1012.34,2026-03-15 12:04:49
5320,711,12,24,27,33.3,49.44,36.40,1012.33,2026-03-15 12:04:51
5321,712,12,24,27,33.3,49.44,36.40,1012.34,2026-03-15 12:04:53
5322,715,12,24,27,33.3,49.44,36.40,1012.34,2026-03-15 12:04:55
5323,719,12,24,27,33.4,49.34,36.40,1012.34,2026-03-15 12:04:57
5324,715,12,24,27,33.4,49.34,36.40,1012.33,2026-03-15 12:04:59
5325,717,12,24,27,33.4,49.24,36.40,1012.33,2026-03-15 12:05:01
5326,719,12,24,27,33.4,49.24,36.40,1012.30,2026-03-15 12:05:03
5327,716,12,24,27,33.4,49.24,36.40,1012.30,2026-03-15 12:05:05
5328,718,12,24,27,33.4,49.24,36.40,1012.34,2026-03-15 12:05:07
5329,717,12,24,27,33.4,49.24,36.40,1012.33,2026-03-15 12:05:09
5330,719,12,24,27,33.4,49.24,36.40,1012.33,2026-03-15 12:05:11
5331,719,12,24,27,33.4,49.24,36.40,1012.34,2026-03-15 12:05:13
5332,716,12,24,27,33.4,49.24,36.40,1012.33,2026-03-15 12:05:15
5333,718,12,24,27,33.3,49.24,36.40,1012.33,2026-03-15 12:05:17
5334,720,12,24,27,33.3,49.24,36.40,1012.32,2026-03-15 12:05:19
5335,720,12,24,27,33.4,49.24,36.86,1012.34,2026-03-15 12:05:21
5336,722,12,24,27,33.3,49.24,36.40,1012.33,2026-03-15 12:05:23
5337,724,12,24,27,33.3,49.24,36.40,1012.35,2026-03-15 12:05:25
5338,726,12,24,27,33.3,49.15,36.40,1012.35,2026-03-15 12:05:27
5339,725,12,24,27,33.3,49.15,36.40,1012.31,2026-03-15 12:05:29
5340,728,12,24,27,33.3,49.15,36.40,1012.34,2026-03-15 12:05:31
5341,730,12,24,27,33.3,49.15,36.40,1012.29,2026-03-15 12:05:33
5342,728,12,24,27,33.3,49.05,36.40,1012.35,2026-03-15 12:05:35
5343,730,12,24,27,33.3,48.95,36.40,1012.33,2026-03-15 12:05:37
5344,735,12,24,27,33.3,49.05,36.40,1012.32,2026-03-15 12:05:39
5345,732,12,24,27,33.3,49.05,36.40,1012.34,2026-03-15 12:05:41
5346,731,12,24,27,33.3,49.05,36.40,1012.32,2026-03-15 12:05:43
5347,729,12,24,27,33.3,49.05,36.40,1012.33,2026-03-15 12:05:45
5348,728,12,24,27,33.3,49.15,36.40,1012.32,2026-03-15 12:05:47
5349,728,12,24,27,33.3,49.15,36.40,1012.31,2026-03-15 12:05:49
5350,727,12,24,27,33.3,49.24,36.40,1012.38,2026-03-15 12:05:51
5351,725,12,24,27,33.4,49.24,36.40,1012.35,2026-03-15 12:05:53
5352,724,12,24,27,33.4,49.24,36.40,1012.32,2026-03-15 12:05:55
5353,722,12,24,27,33.4,49.24,36.40,1012.34,2026-03-15 12:05:57
5354,725,12,24,27,33.4,49.24,36.40,1012.33,2026-03-15 12:05:59
5355,725,12,24,27,33.4,49.24,36.40,1012.35,2026-03-15 12:06:01
5356,727,12,24,27,33.4,49.24,36.40,1012.33,2026-03-15 12:06:03
5357,726,12,24,27,33.4,49.24,36.40,1012.30,2026-03-15 12:06:05
5358,726,12,24,27,33.4,49.15,36.40,1012.33,2026-03-15 12:06:07
5359,727,12,24,27,33.4,49.05,36.40,1012.31,2026-03-15 12:06:09
5360,724,12,24,27,33.4,49.02,36.40,1012.35,2026-03-15 12:06:11
5361,724,12,24,27,33.4,49.02,36.40,1012.32,2026-03-15 12:06:13
5362,721,12,24,27,33.5,49.02,36.40,1012.32,2026-03-15 12:06:15
5363,720,12,24,27,33.5,48.93,36.40,1012.31,2026-03-15 12:06:17
5364,719,12,24,27,33.5,48.83,36.40,1012.34,2026-03-15 12:06:19
5365,717,12,24,27,33.5,48.74,36.40,1012.38,2026-03-15 12:06:21
5366,718,12,24,27,33.5,48.64,36.40,1012.34,2026-03-15 12:06:23
5367,725,12,24,27,33.5,48.44,36.40,1012.34,2026-03-15 12:06:25
5368,721,12,24,27,33.5,47.96,36.40,1012.33,2026-03-15 12:06:27
5369,718,12,24,27,33.5,47.58,36.40,1012.33,2026-03-15 12:06:29
5370,717,12,24,27,33.5,47.58,36.40,1012.33,2026-03-15 12:06:31
5371,712,12,24,27,33.5,47.67,36.40,1012.29,2026-03-15 12:06:33
5372,712,12,24,27,33.5,47.77,36.40,1012.35,2026-03-15 12:06:35
5373,710,12,24,27,33.6,47.96,36.40,1012.29,2026-03-15 12:06:37
5374,709,12,24,27,33.6,47.96,36.40,1012.31,2026-03-15 12:06:39
5375,709,12,24,27,33.6,47.96,36.40,1012.31,2026-03-15 12:06:41
5376,708,12,24,27,33.6,47.58,36.40,1012.31,2026-03-15 12:06:43
5377,708,12,24,27,33.6,47.19,36.40,1012.30,2026-03-15 12:06:45
5378,702,12,24,27,33.6,46.90,36.40,1012.31,2026-03-15 12:06:47
5379,700,12,24,27,33.6,47.00,36.40,1012.32,2026-03-15 12:06:49
5380,698,12,24,27,33.6,47.48,36.40,1012.37,2026-03-15 12:06:51
5381,695,12,24,27,33.6,47.77,36.40,1012.29,2026-03-15 12:06:53
5382,694,12,24,27,33.6,47.96,36.40,1012.34,2026-03-15 12:06:55
5383,694,12,24,27,33.6,47.96,36.40,1012.32,2026-03-15 12:06:57
5384,692,12,24,27,33.6,48.16,36.40,1012.30,2026-03-15 12:06:59
5385,691,12,24,27,33.6,48.16,36.86,1012.30,2026-03-15 12:07:01
5386,692,12,24,27,33.7,48.23,36.40,1012.35,2026-03-15 12:07:03
5387,695,12,24,27,33.7,48.23,36.40,1012.33,2026-03-15 12:07:05
5388,695,12,24,27,33.7,48.23,36.40,1012.31,2026-03-15 12:07:07
5389,698,12,24,27,33.7,48.16,36.40,1012.30,2026-03-15 12:07:09
5390,694,12,24,27,33.7,48.03,36.40,1012.31,2026-03-15 12:07:11
5391,694,12,24,27,33.7,48.03,36.86,1012.30,2026-03-15 12:07:13
5392,695,12,24,27,33.7,48.13,36.40,1012.33,2026-03-15 12:07:15
5393,694,12,24,27,33.7,48.23,36.40,1012.27,2026-03-15 12:07:17
5394,693,12,24,27,33.7,48.23,36.40,1012.31,2026-03-15 12:07:19
5395,695,12,24,27,33.7,48.23,36.40,1012.30,2026-03-15 12:07:21
5396,698,12,24,27,33.7,48.23,36.40,1012.31,2026-03-15 12:07:23
5397,700,12,24,27,33.8,47.94,36.40,1012.31,2026-03-15 12:07:25
5398,702,12,24,27,33.8,47.55,36.40,1012.33,2026-03-15 12:07:27
5399,708,12,24,27,33.8,47.27,36.40,1012.33,2026-03-15 12:07:29
5400,706,12,24,27,33.8,47.27,36.40,1012.32,2026-03-15 12:07:31
5401,706,12,24,27,33.8,47.27,36.40,1012.30,2026-03-15 12:07:33
5402,702,12,24,27,33.8,47.27,36.40,1012.30,2026-03-15 12:07:35
5403,702,12,24,27,33.8,47.36,36.40,1012.30,2026-03-15 12:07:37
5404,703,12,24,27,33.8,47.36,36.40,1012.32,2026-03-15 12:07:39
5405,702,12,24,27,33.8,47.45,36.40,1012.28,2026-03-15 12:07:41
5406,702,12,24,27,33.8,47.45,36.40,1012.33,2026-03-15 12:07:43
5407,696,12,24,27,33.9,47.27,36.86,1012.34,2026-03-15 12:07:45
5408,695,12,24,27,33.9,47.07,36.40,1012.29,2026-03-15 12:07:47
5409,702,12,24,27,33.9,46.69,36.40,1012.32,2026-03-15 12:07:49
5410,701,12,24,27,33.9,46.40,36.40,1012.33,2026-03-15 12:07:51
5411,700,12,24,27,33.9,46.20,36.40,1012.27,2026-03-15 12:07:53
5412,703,12,24,27,33.9,46.20,36.40,1012.29,2026-03-15 12:07:55
5413,703,12,24,27,33.9,46.59,36.40,1012.31,2026-03-15 12:07:57
5414,695,12,24,27,33.9,46.88,36.40,1012.26,2026-03-15 12:07:59
5415,697,12,24,27,33.9,47.07,36.40,1012.29,2026-03-15 12:08:01
5416,694,12,24,27,33.9,47.27,36.40,1012.31,2026-03-15 12:08:03
5417,691,12,24,27,33.9,47.45,36.40,1012.31,2026-03-15 12:08:05
5418,693,12,24,27,33.9,47.55,36.40,1012.27,2026-03-15 12:08:07
5419,691,12,24,27,33.9,47.65,36.40,1012.28,2026-03-15 12:08:09
5420,692,12,24,27,33.9,47.75,36.40,1012.28,2026-03-15 12:08:11
5421,693,12,24,27,33.9,47.65,36.40,1012.27,2026-03-15 12:08:13
5422,693,12,24,27,33.9,47.53,36.40,1012.28,2026-03-15 12:08:15
5423,695,12,24,27,33.9,46.59,36.40,1012.29,2026-03-15 12:08:17
5424,698,12,24,27,33.9,46.01,36.40,1012.30,2026-03-15 12:08:19
5425,699,12,24,27,33.9,45.79,36.40,1012.32,2026-03-15 12:08:21
5426,697,12,24,27,33.9,45.82,36.40,1012.32,2026-03-15 12:08:23
5427,695,12,24,27,33.9,46.20,36.40,1012.30,2026-03-15 12:08:25
5428,692,12,24,27,33.9,46.56,36.40,1012.30,2026-03-15 12:08:27
5429,692,12,24,27,33.9,46.86,36.86,1012.27,2026-03-15 12:08:29
5430,689,12,24,27,33.9,46.95,36.86,1012.27,2026-03-15 12:08:31
5431,691,12,24,27,33.9,47.05,36.40,1012.29,2026-03-15 12:08:33
5432,691,12,24,27,34.0,47.24,36.40,1012.27,2026-03-15 12:08:35
5433,693,12,24,27,34.0,47.34,36.86,1012.26,2026-03-15 12:08:37
5434,692,12,24,27,34.0,47.24,36.86,1012.24,2026-03-15 12:08:39
5435,689,12,24,27,34.0,46.95,36.86,1012.28,2026-03-15 12:08:41
5436,689,12,24,27,34.0,46.28,36.40,1012.29,2026-03-15 12:08:43
5437,693,12,24,27,34.0,45.70,36.40,1012.26,2026-03-15 12:08:45
5438,694,12,24,27,34.0,45.70,36.86,1012.27,2026-03-15 12:08:47
5439,693,12,24,27,34.0,46.08,36.40,1012.27,2026-03-15 12:08:49
5440,689,12,24,27,34.0,46.56,36.40,1012.31,2026-03-15 12:08:51
5441,688,12,24,27,34.0,46.95,36.86,1012.28,2026-03-15 12:08:53
5442,688,12,24,27,34.0,47.14,36.86,1012.29,2026-03-15 12:08:55
5443,686,12,24,27,34.0,47.14,36.40,1012.27,2026-03-15 12:08:57
5444,687,12,24,27,34.1,46.86,36.86,1012.28,2026-03-15 12:08:59
5445,689,12,24,27,34.1,46.56,36.86,1012.27,2026-03-15 12:09:01
5446,689,12,24,27,34.1,46.28,36.86,1012.28,2026-03-15 12:09:03
5447,687,12,24,27,34.1,45.89,36.86,1012.30,2026-03-15 12:09:05
5448,684,12,24,27,34.1,45.79,36.86,1012.30,2026-03-15 12:09:07
5449,690,12,24,27,34.1,45.41,36.40,1012.28,2026-03-15 12:09:09
5450,694,12,24,27,34.1,44.93,36.86,1012.25,2026-03-15 12:09:11
5451,690,12,24,27,34.1,44.64,36.86,1012.31,2026-03-15 12:09:13
5452,689,12,24,27,34.2,44.45,36.40,1012.27,2026-03-15 12:09:15
5453,683,12,24,27,34.2,44.35,36.40,1012.25,2026-03-15 12:09:17
5454,676,12,24,27,34.2,44.25,36.86,1012.29,2026-03-15 12:09:19
5455,675,12,24,27,34.2,44.25,36.86,1012.28,2026-03-15 12:09:21
5456,670,12,24,27,34.2,44.25,36.40,1012.27,2026-03-15 12:09:23
5457,666,12,24,27,34.1,44.35,36.86,1012.27,2026-03-15 12:09:25
5458,664,12,24,27,34.1,44.45,36.86,1012.30,2026-03-15 12:09:27
5459,663,12,24,27,34.2,44.54,36.86,1012.32,2026-03-15 12:09:29
5460,663,12,24,27,34.2,44.54,36.86,1012.29,2026-03-15 12:09:31
5461,662,12,24,27,34.2,44.52,36.40,1012.28,2026-03-15 12:09:33
5462,659,12,24,27,34.2,44.45,36.40,1012.29,2026-03-15 12:09:35
5463,657,12,24,27,34.2,44.42,36.86,1012.27,2026-03-15 12:09:37
5464,656,12,24,27,34.2,44.42,36.86,1012.27,2026-03-15 12:09:39
5465,654,12,24,27,34.2,44.42,36.40,1012.27,2026-03-15 12:09:41
5466,653,12,24,27,34.2,44.32,36.40,1012.27,2026-03-15 12:09:43
5467,651,12,24,27,34.2,44.23,36.86,1012.28,2026-03-15 12:09:45
5468,642,12,24,27,34.2,44.23,36.40,1012.20,2026-03-15 12:09:47
5469,641,12,24,27,34.2,44.23,36.40,1012.25,2026-03-15 12:09:49
5470,640,12,24,27,34.2,44.23,36.40,1012.29,2026-03-15 12:09:51
5471,640,12,24,27,34.2,44.32,36.86,1012.29,2026-03-15 12:09:53
5472,640,12,24,27,34.2,44.32,36.40,1012.29,2026-03-15 12:09:55
5473,638,12,24,27,34.2,44.32,36.86,1012.29,2026-03-15 12:09:57
5474,637,12,24,27,34.3,44.42,36.86,1012.27,2026-03-15 12:09:59
5475,636,12,24,27,34.3,44.32,36.86,1012.24,2026-03-15 12:10:01
5476,635,12,24,27,34.3,44.32,36.86,1012.27,2026-03-15 12:10:03
5477,632,12,24,27,34.3,44.42,36.86,1012.25,2026-03-15 12:10:05
5478,632,12,24,27,34.3,44.62,36.86,1012.29,2026-03-15 12:10:07
5479,629,12,24,27,34.2,45.10,36.86,1012.27,2026-03-15 12:10:09
5480,629,12,24,27,34.3,45.39,36.86,1012.26,2026-03-15 12:10:11
5481,627,12,24,27,34.3,45.58,36.86,1012.27,2026-03-15 12:10:13
5482,631,12,24,27,34.3,45.20,36.86,1012.25,2026-03-15 12:10:15
5483,631,12,24,27,34.3,44.62,36.86,1012.25,2026-03-15 12:10:17
5484,630,12,24,27,34.3,44.32,36.86,1012.28,2026-03-15 12:10:19
5485,631,12,24,27,34.3,44.13,36.86,1012.22,2026-03-15 12:10:21
5486,628,12,24,27,34.3,44.04,37.32,1012.22,2026-03-15 12:10:23
5487,627,12,24,27,34.3,43.94,36.86,1012.24,2026-03-15 12:10:25
5488,627,12,24,27,34.3,43.85,36.40,1012.26,2026-03-15 12:10:27
5489,627,12,24,27,34.3,43.85,36.40,1012.25,2026-03-15 12:10:29
5490,626,12,24,27,34.2,44.13,36.86,1012.23,2026-03-15 12:10:31
5491,625,12,24,27,34.3,44.42,36.86,1012.24,2026-03-15 12:10:33
5492,619,12,24,27,34.3,44.42,36.40,1012.20,2026-03-15 12:10:35
5493,621,12,24,27,34.3,44.42,36.86,1012.25,2026-03-15 12:10:37
5494,618,12,24,27,34.2,44.62,36.86,1012.29,2026-03-15 12:10:39
5495,620,12,24,27,34.3,44.62,36.86,1012.21,2026-03-15 12:10:41
5496,629,12,24,27,34.3,44.32,36.86,1012.29,2026-03-15 12:10:43
5497,624,12,24,27,34.3,44.04,36.86,1012.21,2026-03-15 12:10:45
5498,626,12,24,27,34.3,43.85,36.86,1012.21,2026-03-15 12:10:47
5499,626,12,24,27,34.3,43.85,36.86,1012.27,2026-03-15 12:10:49
5500,625,12,24,27,34.3,43.85,36.86,1012.22,2026-03-15 12:10:51
5501,621,12,24,27,34.2,44.04,36.86,1012.20,2026-03-15 12:10:53
5502,616,12,24,27,34.2,44.52,36.86,1012.21,2026-03-15 12:10:55
5503,615,12,24,27,34.2,44.90,36.86,1012.25,2026-03-15 12:10:57
5504,615,12,24,27,34.2,45.20,36.86,1012.23,2026-03-15 12:10:59
5505,613,12,24,27,34.2,45.00,36.40,1012.22,2026-03-15 12:11:01
5506,619,12,24,27,34.2,44.62,36.86,1012.19,2026-03-15 12:11:03
5507,618,12,24,27,34.3,44.42,36.86,1012.22,2026-03-15 12:11:05
5508,621,12,24,27,34.2,44.23,35.94,1012.24,2026-03-15 12:11:07
5509,621,12,24,27,34.2,44.13,35.94,1012.21,2026-03-15 12:11:09
5510,626,12,24,27,34.2,44.13,36.86,1012.23,2026-03-15 12:11:11
5511,627,12,24,27,34.2,44.42,1.38,1012.19,2026-03-15 12:11:13
5512,630,12,24,27,34.2,44.81,0.92,1012.24,2026-03-15 12:11:15
5513,629,12,24,27,34.2,44.83,40.09,1012.20,2026-03-15 12:11:17
5514,627,12,24,27,34.1,45.21,5.07,1012.24,2026-03-15 12:11:19
5515,632,12,24,27,34.1,45.21,23.96,1012.23,2026-03-15 12:11:21
5516,635,12,24,27,34.1,45.12,17.05,1012.24,2026-03-15 12:11:23
5517,630,12,24,27,34.1,45.41,103.68,1012.20,2026-03-15 12:11:25
5518,627,12,24,27,34.1,45.70,54.37,1012.21,2026-03-15 12:11:27
5519,627,12,24,27,34.1,45.79,57.60,1012.22,2026-03-15 12:11:29
5520,626,12,24,27,34.1,45.79,44.24,1012.23,2026-03-15 12:11:31
5521,630,12,24,27,34.1,45.79,44.24,1012.23,2026-03-15 12:11:33
5522,629,12,24,27,34.1,45.79,44.24,1012.23,2026-03-15 12:11:35
5523,629,12,24,27,34.1,45.79,44.24,1012.23,2026-03-15 12:11:37
5524,629,12,24,27,34.1,45.79,44.24,1012.23,2026-03-15 12:11:39
5525,630,12,24,27,34.1,45.79,44.24,1012.23,2026-03-15 12:11:41
5526,631,12,24,27,34.1,45.79,44.24,1012.23,2026-03-15 12:11:43
5527,635,12,24,27,34.1,45.79,44.24,1012.23,2026-03-15 12:11:45
5528,638,12,24,27,33.9,46.28,20.28,1012.20,2026-03-15 12:11:47
5529,646,12,24,27,34.0,45.79,45.62,1012.23,2026-03-15 12:11:49
5530,647,12,24,27,33.9,45.34,42.85,1012.21,2026-03-15 12:11:51
5531,650,12,24,27,33.9,44.95,43.78,1012.19,2026-03-15 12:11:53
5532,649,12,24,27,33.8,44.76,43.78,1012.20,2026-03-15 12:11:55
5533,645,12,24,27,33.8,44.56,45.62,1012.18,2026-03-15 12:11:57
5534,647,12,24,27,33.8,44.56,52.07,1012.23,2026-03-15 12:11:59
5535,648,12,24,27,33.8,44.66,29.95,1012.22,2026-03-15 12:12:01
5536,648,12,24,27,33.8,45.14,33.64,1012.23,2026-03-15 12:12:03
5537,647,12,24,27,33.8,45.53,25.34,1012.22,2026-03-15 12:12:05
5538,646,12,24,27,33.8,46.69,13.36,1012.17,2026-03-15 12:12:07
5539,647,12,24,27,33.7,47.85,6.45,1012.20,2026-03-15 12:12:09
5540,646,12,24,27,33.7,49.68,17.51,1012.24,2026-03-15 12:12:11
5541,644,12,24,27,33.7,49.10,49.31,1012.21,2026-03-15 12:12:13
5542,644,12,24,27,33.7,47.85,54.84,1012.20,2026-03-15 12:12:15
5543,644,12,24,27,33.7,47.19,55.30,1012.16,2026-03-15 12:12:17
5544,644,12,24,27,33.6,46.03,47.00,1012.22,2026-03-15 12:12:19
5545,642,12,24,27,33.6,45.75,17.51,1012.20,2026-03-15 12:12:21
5546,641,12,24,27,33.6,45.84,50.69,1012.20,2026-03-15 12:12:23
5547,643,12,24,27,33.5,45.94,57.60,1012.20,2026-03-15 12:12:25
5548,644,12,24,27,33.5,45.65,68.20,1012.20,2026-03-15 12:12:27
5549,641,12,24,27,33.5,45.55,68.20,1012.23,2026-03-15 12:12:29
5550,634,12,24,27,33.5,45.55,68.20,1012.17,2026-03-15 12:12:31
5551,635,12,24,27,33.4,45.55,68.66,1012.17,2026-03-15 12:12:33
5552,637,12,24,27,33.4,45.55,68.66,1012.16,2026-03-15 12:12:35
5553,634,12,24,27,33.4,45.65,69.58,1012.19,2026-03-15 12:12:37
5554,632,12,24,27,33.4,45.67,69.12,1012.20,2026-03-15 12:12:39
5555,626,12,24,27,33.4,45.76,69.12,1012.19,2026-03-15 12:12:41
5556,628,12,24,27,33.3,46.06,69.12,1012.17,2026-03-15 12:12:43
5557,632,12,24,27,33.3,46.44,69.12,1012.20,2026-03-15 12:12:45
5558,625,12,24,27,33.3,46.73,69.58,1012.21,2026-03-15 12:12:47
5559,628,12,24,27,33.3,46.83,69.58,1012.17,2026-03-15 12:12:49
5560,630,12,24,27,33.3,46.92,69.58,1012.19,2026-03-15 12:12:51
5561,633,12,24,27,33.2,46.92,69.58,1012.19,2026-03-15 12:12:53
5562,632,12,24,27,33.3,47.02,69.58,1012.21,2026-03-15 12:12:55
5563,635,12,24,27,33.3,46.83,69.58,1012.18,2026-03-15 12:12:57
5564,636,12,24,27,33.3,46.64,69.58,1012.18,2026-03-15 12:12:59
5565,642,12,24,27,33.2,46.44,69.58,1012.17,2026-03-15 12:13:01
5566,642,12,24,27,33.3,46.34,69.58,1012.16,2026-03-15 12:13:03
5567,647,12,24,27,33.3,46.25,70.04,1012.21,2026-03-15 12:13:05
5568,647,12,24,27,33.3,46.15,70.04,1012.17,2026-03-15 12:13:07
5569,646,12,24,27,33.2,46.06,69.58,1012.19,2026-03-15 12:13:09
5570,648,12,24,27,33.2,46.06,69.58,1012.15,2026-03-15 12:13:11
5571,648,12,24,27,33.2,46.06,70.04,1012.15,2026-03-15 12:13:13
5572,648,12,24,27,33.2,46.06,69.58,1012.17,2026-03-15 12:13:15
5573,649,12,24,27,33.2,45.96,69.58,1012.15,2026-03-15 12:13:17
5574,650,12,24,27,33.2,46.06,69.58,1012.16,2026-03-15 12:13:19
5575,649,12,24,27,33.2,46.15,69.12,1012.18,2026-03-15 12:13:21
5576,646,12,24,27,33.2,46.34,70.04,1012.15,2026-03-15 12:13:23
5577,647,12,24,27,33.2,46.44,56.22,1012.13,2026-03-15 12:13:25
5578,642,12,24,27,33.2,46.34,52.99,1012.16,2026-03-15 12:13:27
5579,648,12,24,27,33.2,47.89,52.99,1012.18,2026-03-15 12:13:29
5580,662,12,24,27,33.2,48.95,48.84,1012.16,2026-03-15 12:13:31
5581,722,12,24,27,32.9,50.07,48.84,1012.17,2026-03-15 12:13:33
5582,812,12,24,27,32.5,51.54,49.77,1012.14,2026-03-15 12:13:35
5583,906,12,24,27,32.8,51.51,49.31,1012.19,2026-03-15 12:13:37
5584,1021,12,24,27,32.8,51.32,50.69,1012.16,2026-03-15 12:13:39
5585,1210,12,24,27,32.8,50.35,61.29,1012.14,2026-03-15 12:13:41
5586,1393,12,24,27,32.8,49.39,62.67,1012.12,2026-03-15 12:13:43
5587,1546,12,24,27,32.8,48.52,62.67,1012.15,2026-03-15 12:13:45
5588,1660,12,24,27,32.8,48.23,62.67,1012.15,2026-03-15 12:13:47
5589,1738,12,24,27,32.8,48.23,62.67,1012.19,2026-03-15 12:13:49
5590,1799,12,24,27,32.8,48.13,62.67,1012.14,2026-03-15 12:13:51
5591,1834,12,24,27,32.8,48.13,62.67,1012.14,2026-03-15 12:13:53
5592,1841,12,24,27,32.8,48.13,62.67,1012.16,2026-03-15 12:13:55
5593,1840,12,24,27,32.8,48.13,63.13,1012.15,2026-03-15 12:13:57
5594,1824,12,24,27,32.8,48.13,63.13,1012.15,2026-03-15 12:13:59
5595,1797,12,24,27,32.7,48.13,62.67,1012.17,2026-03-15 12:14:01
5596,1780,12,24,27,32.7,48.23,62.67,1012.21,2026-03-15 12:14:03
5597,1740,12,24,27,32.7,48.23,62.67,1012.16,2026-03-15 12:14:05
5598,1698,12,24,27,32.7,48.32,62.67,1012.16,2026-03-15 12:14:07
5599,1675,12,24,27,32.7,48.32,63.13,1012.15,2026-03-15 12:14:09
5600,1614,12,24,27,32.7,48.23,62.67,1012.13,2026-03-15 12:14:11
5601,1593,12,24,27,32.7,48.13,62.21,1012.17,2026-03-15 12:14:13
5602,1547,12,24,27,32.7,48.13,60.36,1012.15,2026-03-15 12:14:15
5603,1501,12,24,27,32.7,48.03,41.93,1012.15,2026-03-15 12:14:17
5604,1452,12,24,27,32.7,47.74,39.17,1012.15,2026-03-15 12:14:19
5605,1417,12,24,27,32.7,47.45,47.00,1012.14,2026-03-15 12:14:21
5606,1372,12,24,27,32.7,47.16,37.32,1012.14,2026-03-15 12:14:23
5607,1331,12,24,27,32.7,47.07,37.79,1012.15,2026-03-15 12:14:25
5608,1289,12,24,27,32.7,47.16,41.47,1012.16,2026-03-15 12:14:27
5609,1252,12,24,27,32.7,47.16,39.17,1012.13,2026-03-15 12:14:29
5610,1212,12,24,27,32.7,47.16,40.09,1012.12,2026-03-15 12:14:31
5611,1180,12,24,27,32.7,47.07,40.55,1012.20,2026-03-15 12:14:33
5612,1146,12,24,27,32.7,46.88,50.23,1012.15,2026-03-15 12:14:35
5613,1110,12,24,27,32.7,46.88,66.36,1012.17,2026-03-15 12:14:37
5614,1076,12,24,27,32.7,46.88,76.03,1012.13,2026-03-15 12:14:39
5615,1048,12,24,27,32.7,46.88,80.18,1012.14,2026-03-15 12:14:41
5616,1011,12,24,27,32.7,46.88,81.56,1012.22,2026-03-15 12:14:43
5617,988,12,24,27,32.7,46.88,81.10,1012.13,2026-03-15 12:14:45
5618,969,12,24,27,32.7,46.88,81.10,1012.17,2026-03-15 12:14:47
5619,949,12,24,27,32.7,46.88,81.56,1012.15,2026-03-15 12:14:49
5620,932,12,24,27,32.7,47.07,81.10,1012.14,2026-03-15 12:14:51
5621,913,12,24,27,32.7,47.26,81.10,1012.19,2026-03-15 12:14:53
5622,897,12,24,27,32.7,47.36,81.56,1012.17,2026-03-15 12:14:55
5623,881,12,24,27,32.7,47.36,81.56,1012.16,2026-03-15 12:14:57
5624,865,12,24,27,32.7,47.36,81.10,1012.16,2026-03-15 12:14:59
5625,853,12,24,27,32.7,47.36,81.10,1012.19,2026-03-15 12:15:01
5626,840,12,24,27,32.7,47.45,81.10,1012.14,2026-03-15 12:15:03
5627,828,12,24,27,32.7,47.36,81.10,1012.11,2026-03-15 12:15:05
5628,816,12,24,27,32.7,47.26,80.64,1012.18,2026-03-15 12:15:07
5629,801,12,24,27,32.7,47.26,74.65,1012.17,2026-03-15 12:15:09
5630,792,12,24,27,32.7,47.16,80.18,1012.15,2026-03-15 12:15:11
5631,783,12,24,27,32.7,47.07,45.16,1012.14,2026-03-15 12:15:13
5632,775,12,24,27,32.7,47.07,40.09,1012.14,2026-03-15 12:15:15
5633,765,12,24,27,32.7,47.07,36.40,1012.15,2026-03-15 12:15:17
5634,754,12,24,27,32.7,47.07,33.64,1012.17,2026-03-15 12:15:19
5635,751,12,24,27,32.7,47.16,23.50,1012.18,2026-03-15 12:15:21
5636,752,12,24,27,32.7,47.07,24.42,1012.12,2026-03-15 12:15:23
5637,752,12,24,27,32.7,47.07,21.20,1012.15,2026-03-15 12:15:25
5638,749,12,24,27,32.7,46.97,30.41,1012.15,2026-03-15 12:15:27
5639,748,12,24,27,32.7,46.97,34.10,1012.15,2026-03-15 12:15:29
5640,741,12,24,27,32.7,46.97,33.18,1012.17,2026-03-15 12:15:31
5641,742,12,24,27,32.7,47.07,30.87,1012.16,2026-03-15 12:15:33
5642,736,12,24,27,32.7,47.16,23.50,1012.16,2026-03-15 12:15:35
5643,734,12,24,27,32.7,47.65,19.35,1012.14,2026-03-15 12:15:37
5644,733,12,24,27,32.7,48.23,10.14,1012.19,2026-03-15 12:15:39
5645,732,12,24,27,32.7,48.81,9.68,1012.15,2026-03-15 12:15:41
5646,738,12,24,27,32.7,49.19,4.61,1012.18,2026-03-15 12:15:43
5647,742,12,24,27,32.7,49.10,3.69,1012.11,2026-03-15 12:15:45
5648,755,12,24,27,32.7,49.00,3.69,1012.17,2026-03-15 12:15:47
5649,761,12,24,27,32.7,48.81,3.69,1012.16,2026-03-15 12:15:49
5650,762,12,24,27,32.7,48.71,3.69,1012.15,2026-03-15 12:15:51
5651,764,12,24,27,32.7,48.52,3.69,1012.18,2026-03-15 12:15:53
5652,769,12,24,27,32.7,48.42,3.69,1012.13,2026-03-15 12:15:55
5653,773,12,24,27,32.7,48.42,3.69,1012.17,2026-03-15 12:15:57
5654,772,12,24,27,32.8,48.32,3.69,1012.14,2026-03-15 12:15:59
5655,770,12,24,27,32.8,48.23,3.23,1012.12,2026-03-15 12:16:01
5656,768,12,24,27,32.8,48.13,3.23,1012.13,2026-03-15 12:16:03
5657,0,0,0,0,0,0,0,0,2026-03-15 12:16:16
5658,500,0,0,0,32.7,47.84,54.37,1012.12,2026-03-15 12:16:17
5659,500,0,0,0,0,0,0,0,2026-03-15 12:16:22
5660,500,0,0,0,32.6,46.90,63.59,1012.13,2026-03-15 12:16:26
5661,500,0,0,0,32.6,46.90,63.59,1012.14,2026-03-15 12:16:28
5662,500,0,0,0,32.5,46.90,63.59,1012.14,2026-03-15 12:16:30
5663,500,0,0,0,32.5,47.00,63.59,1012.12,2026-03-15 12:16:32
5664,500,0,0,0,32.5,47.00,63.59,1012.13,2026-03-15 12:16:34
5665,500,0,0,0,32.5,47.00,63.59,1012.09,2026-03-15 12:16:36
5666,500,0,0,0,32.5,47.00,63.59,1012.09,2026-03-15 12:16:38
5667,500,0,0,0,32.5,47.00,63.59,1012.14,2026-03-15 12:16:40
5668,500,0,0,0,32.5,47.00,63.59,1012.15,2026-03-15 12:16:42
5669,500,0,0,0,32.5,47.09,63.59,1012.10,2026-03-15 12:16:44
5670,500,0,0,0,32.5,47.09,63.13,1012.11,2026-03-15 12:16:46
5671,500,0,0,0,32.5,47.09,56.22,1012.11,2026-03-15 12:16:48
5672,500,0,0,0,32.5,47.09,60.36,1012.09,2026-03-15 12:16:50
5673,500,0,0,0,32.5,47.09,53.91,1012.12,2026-03-15 12:16:52
5674,500,0,0,0,32.5,47.09,52.07,1012.11,2026-03-15 12:16:54
5675,500,0,0,0,32.5,47.09,60.36,1012.11,2026-03-15 12:16:56
5676,500,0,0,0,32.5,47.09,58.98,1012.14,2026-03-15 12:16:58
5677,500,0,0,0,32.4,47.09,59.44,1012.13,2026-03-15 12:17:00
5678,500,0,0,0,32.4,47.19,62.67,1012.13,2026-03-15 12:17:02
5679,500,0,0,0,32.4,47.19,62.67,1012.10,2026-03-15 12:17:04
5680,500,0,0,0,32.4,47.19,61.75,1012.11,2026-03-15 12:17:06
5681,500,0,0,0,32.4,47.28,58.98,1012.13,2026-03-15 12:17:08
5682,500,0,0,0,32.4,47.28,62.21,1012.09,2026-03-15 12:17:10
5683,500,0,0,0,32.4,47.28,62.67,1012.12,2026-03-15 12:17:12
5684,500,0,0,0,32.4,47.28,60.83,1012.10,2026-03-15 12:17:14
5685,500,0,0,0,32.4,47.28,61.75,1012.10,2026-03-15 12:17:16
5686,671,0,0,0,32.4,47.28,67.74,1012.11,2026-03-15 12:17:18
5687,669,0,0,0,32.4,47.28,60.83,1012.11,2026-03-15 12:17:20
5688,667,0,0,0,32.4,47.28,63.59,1012.11,2026-03-15 12:17:22
5689,667,0,0,0,32.4,47.28,65.89,1012.10,2026-03-15 12:17:24
5690,662,0,0,0,32.4,47.38,66.82,1012.10,2026-03-15 12:17:26
5691,658,0,0,0,32.3,47.50,66.82,1012.13,2026-03-15 12:17:28
5692,659,0,0,0,32.3,47.60,66.82,1012.12,2026-03-15 12:17:30
5693,654,0,0,0,32.4,47.69,66.82,1012.14,2026-03-15 12:17:32
5694,654,0,0,0,32.4,47.86,66.82,1012.12,2026-03-15 12:17:34
5695,652,0,0,0,32.5,48.06,67.28,1012.14,2026-03-15 12:17:36
5696,654,0,0,0,32.4,48.35,65.89,1012.13,2026-03-15 12:17:38
5697,657,0,0,0,32.4,48.54,61.75,1012.15,2026-03-15 12:17:40
5698,689,15,27,31,0,0,0,0,2026-03-15 12:17:51
5699,687,14,28,30,32.4,47.67,59.44,1012.11,2026-03-15 12:17:53
5700,690,14,28,30,32.4,47.58,65.43,1012.11,2026-03-15 12:17:55
5701,688,14,27,30,32.4,47.60,60.36,1012.10,2026-03-15 12:17:57
5702,687,13,27,31,32.4,47.48,70.96,1012.15,2026-03-15 12:17:59
5703,686,12,26,30,32.4,47.48,75.11,1012.09,2026-03-15 12:18:01
5704,682,13,27,31,32.4,47.48,75.57,1012.07,2026-03-15 12:18:03
5705,682,13,27,31,32.4,47.38,75.57,1012.09,2026-03-15 12:18:05
5706,682,13,28,31,32.4,47.48,75.57,1012.09,2026-03-15 12:18:07
5707,679,13,27,31,32.4,47.48,75.57,1012.08,2026-03-15 12:18:09
5708,675,12,27,31,32.4,47.67,75.57,1012.11,2026-03-15 12:18:11
5709,675,12,27,31,32.4,48.16,74.65,1012.08,2026-03-15 12:18:13
5710,679,11,25,29,32.4,48.57,71.88,1012.09,2026-03-15 12:18:15
5711,0,0,6,6,0,0,0,0,2026-03-15 13:04:23
5712,500,12,18,18,24.6,67.77,77.41,1011.25,2026-03-15 13:04:25
5713,500,12,18,19,24.7,67.65,77.41,1011.26,2026-03-15 13:04:27
5714,500,11,19,19,24.8,67.65,77.41,1011.23,2026-03-15 13:04:29
5715,500,11,19,19,24.9,67.55,77.41,1011.22,2026-03-15 13:04:31
5716,500,11,19,20,25.0,67.32,77.41,1011.24,2026-03-15 13:04:33
5717,500,11,20,21,25.1,67.12,77.41,1011.19,2026-03-15 13:04:35
5718,500,11,20,22,25.2,66.79,77.41,1011.23,2026-03-15 13:04:37
5719,500,11,20,23,25.3,66.60,77.41,1011.19,2026-03-15 13:04:39
5720,500,10,19,23,25.4,66.30,77.41,1011.20,2026-03-15 13:04:41
5721,500,10,20,23,25.5,65.98,77.41,1011.23,2026-03-15 13:04:43
5722,500,10,20,24,25.6,65.68,77.41,1011.21,2026-03-15 13:04:45
5723,500,10,21,24,25.7,65.55,77.41,1011.21,2026-03-15 13:04:47
5724,500,10,21,24,25.8,65.36,77.88,1011.23,2026-03-15 13:04:49
5725,500,10,21,24,25.9,65.16,77.41,1011.22,2026-03-15 13:04:51
5726,500,10,21,24,25.9,64.84,77.88,1011.22,2026-03-15 13:04:53
5727,500,9,21,24,26.0,64.44,77.41,1011.22,2026-03-15 13:04:55
5728,500,8,20,24,26.1,64.12,77.41,1011.18,2026-03-15 13:04:57
5729,500,7,20,23,26.2,63.92,77.41,1011.22,2026-03-15 13:04:59
5730,500,7,20,23,26.3,63.63,77.41,1011.24,2026-03-15 13:05:01
5731,500,7,20,23,26.4,63.43,77.88,1011.21,2026-03-15 13:05:03
5732,500,6,20,23,26.4,63.21,77.88,1011.21,2026-03-15 13:05:05
5733,500,6,20,23,26.5,62.92,77.88,1011.18,2026-03-15 13:05:07
5734,500,6,20,24,26.6,62.72,77.88,1011.22,2026-03-15 13:05:09
5735,500,6,20,24,26.6,62.49,77.88,1011.20,2026-03-15 13:05:11
5736,500,7,21,25,26.7,62.29,77.88,1011.22,2026-03-15 13:05:13
5737,500,7,21,25,26.8,62.19,78.80,1011.23,2026-03-15 13:05:15
5738,500,6,20,24,26.9,62.00,78.34,1011.20,2026-03-15 13:05:17
5739,500,7,21,25,27.0,61.77,77.88,1011.16,2026-03-15 13:05:19
5740,500,7,21,25,27.0,61.68,77.88,1011.17,2026-03-15 13:05:21
5741,500,7,21,25,27.1,61.38,77.88,1011.21,2026-03-15 13:05:23
5742,671,7,21,25,27.1,61.16,78.34,1011.17,2026-03-15 13:05:25
5743,670,8,21,26,27.2,60.86,77.88,1011.16,2026-03-15 13:05:27
5744,669,7,20,25,27.3,60.67,77.88,1011.20,2026-03-15 13:05:29
5745,668,7,20,25,27.3,60.38,77.88,1011.19,2026-03-15 13:05:31
5746,666,7,19,24,27.4,60.18,77.88,1011.20,2026-03-15 13:05:33
5747,664,8,20,25,27.4,60.06,77.88,1011.16,2026-03-15 13:05:35
5748,661,7,19,24,27.5,59.86,77.88,1011.21,2026-03-15 13:05:37
5749,660,7,19,24,27.5,59.67,77.41,1011.19,2026-03-15 13:05:39
5750,658,8,20,24,27.6,59.47,77.41,1011.16,2026-03-15 13:05:41
5751,654,8,20,24,27.6,59.38,77.41,1011.20,2026-03-15 13:05:43
5752,654,8,20,24,27.6,59.15,77.41,1011.17,2026-03-15 13:05:45
5753,654,7,19,22,27.7,58.95,77.41,1011.21,2026-03-15 13:05:47
5754,651,8,19,22,27.7,58.86,76.95,1011.18,2026-03-15 13:05:49
5755,649,7,19,22,27.8,58.66,76.95,1011.21,2026-03-15 13:05:51
5756,650,7,19,22,27.8,58.66,76.95,1011.19,2026-03-15 13:05:53
5757,646,7,19,21,27.9,58.53,76.95,1011.20,2026-03-15 13:05:55
5758,646,7,18,21,27.9,58.53,77.41,1011.20,2026-03-15 13:05:57
5759,645,7,18,21,28.0,58.44,76.95,1011.20,2026-03-15 13:05:59
5760,644,8,19,22,28.0,58.44,76.95,1011.18,2026-03-15 13:06:01
5761,641,7,20,22,28.0,58.63,76.95,1011.20,2026-03-15 13:06:03
5762,642,7,20,23,28.1,58.92,76.95,1011.22,2026-03-15 13:06:05
5763,639,6,20,22,28.1,59.09,76.95,1011.19,2026-03-15 13:06:07
5764,639,6,20,22,28.1,59.28,76.95,1011.22,2026-03-15 13:06:09
5765,639,6,20,22,28.2,59.48,76.95,1011.22,2026-03-15 13:06:11
5766,643,6,20,22,28.2,59.67,76.95,1011.21,2026-03-15 13:06:13
5767,645,7,20,22,28.2,59.67,76.95,1011.20,2026-03-15 13:06:15
5768,645,8,21,23,28.3,59.67,76.95,1011.21,2026-03-15 13:06:17
5769,650,8,21,22,28.3,59.77,76.95,1011.21,2026-03-15 13:06:19
5770,656,9,21,23,28.4,59.67,76.95,1011.19,2026-03-15 13:06:21
5771,660,9,21,23,28.4,59.64,77.41,1011.16,2026-03-15 13:06:23
5772,666,8,21,23,28.4,59.64,76.95,1011.21,2026-03-15 13:06:25
5773,666,8,21,23,28.5,59.64,76.49,1011.20,2026-03-15 13:06:27
5774,668,8,22,24,28.5,59.64,76.49,1011.19,2026-03-15 13:06:29
5775,672,8,22,25,28.5,59.55,76.95,1011.18,2026-03-15 13:06:31
5776,675,10,23,26,28.6,59.55,76.49,1011.22,2026-03-15 13:06:33
5777,679,9,22,26,28.6,59.52,76.49,1011.22,2026-03-15 13:06:35
5778,681,9,22,26,28.6,59.42,76.49,1011.23,2026-03-15 13:06:37
5779,688,9,22,28,28.7,59.42,76.49,1011.25,2026-03-15 13:06:39
5780,692,9,23,30,28.7,59.33,76.49,1011.20,2026-03-15 13:06:41
5781,693,9,24,31,28.7,59.33,76.49,1011.22,2026-03-15 13:06:43
5782,696,9,24,31,28.8,59.23,76.49,1011.22,2026-03-15 13:06:45
5783,699,8,23,31,28.8,59.23,76.49,1011.22,2026-03-15 13:06:47
5784,702,8,23,32,28.9,59.13,76.49,1011.20,2026-03-15 13:06:49
5785,707,7,23,31,28.9,59.10,76.49,1011.21,2026-03-15 13:06:51
5786,710,7,22,31,29.0,58.91,76.95,1011.23,2026-03-15 13:06:53
5787,714,7,22,32,29.0,58.71,76.49,1011.23,2026-03-15 13:06:55
5788,714,7,21,32,29.0,58.03,76.49,1011.21,2026-03-15 13:06:57
5789,715,7,21,32,29.1,57.54,76.49,1011.20,2026-03-15 13:06:59
5790,716,7,20,32,29.1,57.32,76.49,1011.20,2026-03-15 13:07:01
5791,717,7,20,31,29.2,56.93,76.49,1011.20,2026-03-15 13:07:03
5792,715,6,19,28,29.2,56.64,76.95,1011.23,2026-03-15 13:07:05
5793,712,6,19,28,29.2,56.54,76.49,1011.26,2026-03-15 13:07:07
5794,709,6,19,27,29.3,56.64,76.95,1011.22,2026-03-15 13:07:09
5795,711,8,20,28,29.3,56.84,76.95,1011.19,2026-03-15 13:07:11
5796,709,8,21,27,29.3,57.12,76.95,1011.21,2026-03-15 13:07:13
5797,710,7,20,27,29.3,57.22,76.95,1011.22,2026-03-15 13:07:15
5798,712,9,21,28,29.4,57.39,76.49,1011.20,2026-03-15 13:07:17
5799,710,9,22,28,29.4,57.49,76.49,1011.22,2026-03-15 13:07:19
5800,711,9,22,27,29.4,57.59,76.49,1011.20,2026-03-15 13:07:21
5801,710,9,23,27,29.5,57.59,76.49,1011.18,2026-03-15 13:07:23
5802,712,8,21,26,29.5,57.00,76.49,1011.19,2026-03-15 13:07:25
5803,714,8,21,26,29.5,56.41,76.95,1011.20,2026-03-15 13:07:27
5804,715,9,22,27,29.6,55.93,76.95,1011.19,2026-03-15 13:07:29
5805,710,9,23,27,29.6,55.54,76.95,1011.18,2026-03-15 13:07:31
5806,707,8,22,26,29.6,55.25,76.95,1011.19,2026-03-15 13:07:33
5807,710,8,22,26,29.6,55.03,76.95,1011.17,2026-03-15 13:07:35
5808,708,9,22,26,29.7,54.83,76.95,1011.19,2026-03-15 13:07:37
5809,704,9,22,26,29.7,54.74,77.41,1011.17,2026-03-15 13:07:39
5810,700,9,21,25,29.7,54.54,77.41,1011.18,2026-03-15 13:07:41
5811,695,8,20,24,29.8,54.44,77.41,1011.19,2026-03-15 13:07:43
5812,690,8,20,24,29.8,54.44,77.41,1011.21,2026-03-15 13:07:45
5813,687,8,20,24,29.8,54.64,77.41,1011.19,2026-03-15 13:07:47
5814,684,8,20,24,29.8,54.83,76.95,1011.21,2026-03-15 13:07:49
5815,682,10,21,26,29.8,55.22,76.49,1011.21,2026-03-15 13:07:51
5816,678,9,20,25,29.8,55.61,76.49,1011.20,2026-03-15 13:07:53
5817,676,10,20,25,29.9,55.80,76.95,1011.21,2026-03-15 13:07:55
5818,677,10,20,26,29.9,55.80,76.49,1011.16,2026-03-15 13:07:57
5819,676,10,22,27,29.9,56.00,76.49,1011.18,2026-03-15 13:07:59
5820,680,10,22,27,29.9,56.07,77.88,1011.20,2026-03-15 13:08:01
5821,679,10,22,27,29.9,56.20,77.41,1011.20,2026-03-15 13:08:03
5822,683,9,21,27,29.9,56.26,76.95,1011.21,2026-03-15 13:08:05
5823,684,9,21,27,29.9,56.26,76.95,1011.22,2026-03-15 13:08:07
5824,685,9,21,27,29.9,56.26,77.41,1011.19,2026-03-15 13:08:09
5825,691,9,21,27,29.9,56.36,77.41,1011.22,2026-03-15 13:08:11
5826,693,9,21,27,30.0,56.36,77.41,1011.21,2026-03-15 13:08:13
5827,693,8,21,26,29.9,56.36,77.88,1011.17,2026-03-15 13:08:15
5828,700,8,20,26,29.9,56.36,77.88,1011.18,2026-03-15 13:08:17
5829,702,8,20,26,29.9,56.36,77.88,1011.17,2026-03-15 13:08:19
5830,706,8,20,26,30.0,56.36,77.88,1011.19,2026-03-15 13:08:21
5831,711,9,21,27,30.0,56.36,77.88,1011.15,2026-03-15 13:08:23
5832,712,7,20,27,30.0,56.36,77.41,1011.16,2026-03-15 13:08:25
5833,714,7,20,27,30.0,56.36,77.41,1011.14,2026-03-15 13:08:27
5834,718,7,20,27,30.0,56.36,77.88,1011.19,2026-03-15 13:08:29
5835,720,6,20,26,30.0,56.36,77.88,1011.19,2026-03-15 13:08:31
5836,720,6,20,26,30.1,56.26,77.41,1011.18,2026-03-15 13:08:33
5837,722,7,21,26,30.1,56.26,77.41,1011.15,2026-03-15 13:08:35
5838,728,7,21,26,30.1,56.26,77.41,1011.13,2026-03-15 13:08:37
5839,733,6,19,25,30.1,56.24,77.41,1011.16,2026-03-15 13:08:39
5840,737,6,19,24,30.1,56.14,77.41,1011.16,2026-03-15 13:08:41
5841,742,6,19,24,30.2,55.65,76.95,1011.18,2026-03-15 13:08:43
5842,744,7,19,24,30.2,55.07,76.95,1011.17,2026-03-15 13:08:45
5843,745,8,21,25,30.3,54.68,76.95,1011.18,2026-03-15 13:08:47
5844,747,8,21,25,30.3,54.58,76.95,1011.18,2026-03-15 13:08:49
5845,746,7,20,24,30.3,54.49,76.49,1011.12,2026-03-15 13:08:51
5846,744,9,21,26,30.3,54.58,76.49,1011.18,2026-03-15 13:08:53
5847,741,9,21,25,30.3,54.78,76.95,1011.15,2026-03-15 13:08:55
5848,740,8,20,24,30.3,54.78,76.95,1011.20,2026-03-15 13:08:57
5849,739,8,20,23,30.4,54.49,76.95,1011.17,2026-03-15 13:08:59
5850,738,8,20,23,30.4,53.88,77.41,1011.18,2026-03-15 13:09:01
5851,738,9,20,23,30.4,53.49,76.95,1011.20,2026-03-15 13:09:03
5852,736,9,20,23,30.4,53.20,76.95,1011.21,2026-03-15 13:09:05
5853,731,9,20,23,30.4,53.00,76.95,1011.20,2026-03-15 13:09:07
5854,725,10,21,24,30.5,53.00,76.95,1011.18,2026-03-15 13:09:09
5855,721,8,20,23,30.5,53.30,76.95,1011.15,2026-03-15 13:09:11
5856,717,8,20,23,30.5,53.69,76.95,1011.14,2026-03-15 13:09:13
5857,714,8,20,24,30.5,53.88,76.95,1011.17,2026-03-15 13:09:15
5858,712,8,20,24,30.5,54.07,76.95,1011.18,2026-03-15 13:09:17
5859,709,8,20,24,30.6,54.17,76.95,1011.21,2026-03-15 13:09:19
5860,707,8,20,25,30.6,54.27,76.95,1011.22,2026-03-15 13:09:21
5861,707,9,21,25,30.6,54.27,76.95,1011.14,2026-03-15 13:09:23
5862,702,8,20,24,30.6,54.36,76.95,1011.19,2026-03-15 13:09:25
5863,706,8,20,24,30.6,54.36,76.95,1011.21,2026-03-15 13:09:27
5864,712,9,21,25,30.6,54.36,76.95,1011.17,2026-03-15 13:09:29
5865,712,9,21,25,30.6,54.56,76.95,1011.21,2026-03-15 13:09:31
5866,722,8,20,24,30.6,54.56,76.95,1011.19,2026-03-15 13:09:33
5867,723,9,21,25,30.6,54.66,76.95,1011.16,2026-03-15 13:09:35
5868,723,9,21,25,30.6,54.75,76.95,1011.15,2026-03-15 13:09:37
5869,727,8,19,24,30.6,54.75,76.95,1011.19,2026-03-15 13:09:39
5870,733,9,20,24,30.6,54.75,76.95,1011.18,2026-03-15 13:09:41
5871,733,8,19,23,30.6,54.75,76.95,1011.13,2026-03-15 13:09:43
5872,739,8,19,22,30.6,54.72,76.95,1011.16,2026-03-15 13:09:45
5873,741,8,19,22,30.6,54.72,76.49,1011.15,2026-03-15 13:09:47
5874,749,8,19,22,30.7,54.72,76.49,1011.18,2026-03-15 13:09:49
5875,753,9,20,24,30.7,54.63,76.49,1011.19,2026-03-15 13:09:51
5876,757,8,19,23,30.7,54.05,76.49,1011.18,2026-03-15 13:09:53
5877,758,8,19,24,30.7,53.37,76.49,1011.20,2026-03-15 13:09:55
5878,761,8,20,24,30.8,52.88,76.49,1011.17,2026-03-15 13:09:57
5879,758,9,21,25,30.8,52.88,76.03,1011.15,2026-03-15 13:09:59
5880,757,9,21,25,30.8,52.69,76.49,1011.17,2026-03-15 13:10:01
5881,754,8,19,24,30.8,52.30,76.95,1011.20,2026-03-15 13:10:03
5882,754,8,19,25,30.8,52.11,76.95,1011.21,2026-03-15 13:10:05
5883,746,8,19,25,30.8,51.91,76.49,1011.19,2026-03-15 13:10:07
5884,743,9,20,27,30.8,51.81,76.49,1011.21,2026-03-15 13:10:09
5885,740,9,20,27,30.8,51.81,76.95,1011.20,2026-03-15 13:10:11
5886,734,9,20,27,30.9,51.81,76.03,1011.19,2026-03-15 13:10:13
5887,729,9,20,27,30.9,51.69,76.49,1011.17,2026-03-15 13:10:15
5888,726,8,21,26,30.9,51.50,76.03,1011.19,2026-03-15 13:10:17
5889,721,8,21,25,30.9,51.59,75.57,1011.18,2026-03-15 13:10:19
5890,711,6,20,24,30.9,52.40,75.57,1011.20,2026-03-15 13:10:21
5891,709,6,20,24,30.8,52.98,76.03,1011.17,2026-03-15 13:10:23
5892,715,7,21,24,30.9,53.37,76.03,1011.20,2026-03-15 13:10:25
5893,710,7,21,24,30.9,53.66,76.03,1011.18,2026-03-15 13:10:27
5894,711,6,20,23,30.9,53.75,76.95,1011.17,2026-03-15 13:10:29
5895,711,6,19,22,30.9,53.83,76.03,1011.18,2026-03-15 13:10:31
5896,715,6,19,22,30.9,53.83,76.03,1011.20,2026-03-15 13:10:33
5897,727,8,20,23,30.9,54.05,76.49,1011.20,2026-03-15 13:10:35
5898,730,8,20,23,30.9,54.14,76.03,1011.19,2026-03-15 13:10:37
5899,734,7,19,22,30.9,54.14,76.03,1011.21,2026-03-15 13:10:39
5900,741,8,19,22,30.9,54.24,76.03,1011.24,2026-03-15 13:10:41
5901,745,8,20,22,30.9,54.34,76.49,1011.21,2026-03-15 13:10:43
5902,749,8,20,22,30.9,54.31,76.03,1011.21,2026-03-15 13:10:45
5903,752,9,21,23,30.8,54.44,75.57,1011.19,2026-03-15 13:10:47
5904,755,9,20,22,30.8,54.44,75.57,1011.14,2026-03-15 13:10:49
5905,762,8,19,21,30.8,54.53,76.49,1011.14,2026-03-15 13:10:51
5906,765,9,20,21,30.9,54.53,76.03,1011.16,2026-03-15 13:10:53
5907,771,9,19,21,30.9,54.53,76.03,1011.20,2026-03-15 13:10:55
5908,778,8,18,20,30.9,54.50,76.03,1011.19,2026-03-15 13:10:57
5909,782,7,18,20,30.9,54.60,76.49,1011.20,2026-03-15 13:10:59
5910,790,7,19,20,30.9,54.50,76.49,1011.18,2026-03-15 13:11:01
5911,800,7,19,20,31.0,54.50,76.49,1011.17,2026-03-15 13:11:03
5912,804,8,20,21,31.0,54.50,76.49,1011.14,2026-03-15 13:11:05
5913,812,8,20,21,31.0,54.50,76.49,1011.15,2026-03-15 13:11:07
5914,812,7,19,20,31.0,54.41,76.49,1011.19,2026-03-15 13:11:09
5915,815,8,19,20,31.0,54.41,76.49,1011.16,2026-03-15 13:11:11
5916,817,8,20,21,30.9,54.31,76.49,1011.21,2026-03-15 13:11:13
5917,819,9,21,22,30.9,54.31,76.49,1011.15,2026-03-15 13:11:15
5918,820,8,19,22,31.0,54.31,76.49,1011.18,2026-03-15 13:11:17
5919,827,8,19,23,31.0,54.31,76.49,1011.13,2026-03-15 13:11:19
5920,831,8,20,24,31.0,54.31,76.49,1011.13,2026-03-15 13:11:21
5921,835,7,19,24,31.0,54.31,76.49,1011.18,2026-03-15 13:11:23
5922,838,7,19,24,31.0,54.31,76.49,1011.14,2026-03-15 13:11:25
5923,839,8,20,25,31.0,54.41,76.49,1011.14,2026-03-15 13:11:27
5924,843,7,19,24,30.9,54.41,76.49,1011.17,2026-03-15 13:11:29
5925,847,7,19,24,31.0,54.41,76.49,1011.18,2026-03-15 13:11:31
5926,850,7,19,24,31.0,54.41,76.49,1011.16,2026-03-15 13:11:33
5927,853,7,20,24,31.0,54.41,76.49,1011.16,2026-03-15 13:11:35
5928,855,7,20,24,31.0,54.41,76.49,1011.18,2026-03-15 13:11:37
5929,858,8,21,25,31.0,54.41,76.49,1011.16,2026-03-15 13:11:39
5930,859,8,21,25,31.0,54.21,76.49,1011.21,2026-03-15 13:11:41
5931,861,8,21,25,31.0,54.11,76.49,1011.16,2026-03-15 13:11:43
5932,862,7,21,25,31.1,54.02,79.26,1011.13,2026-03-15 13:11:45
5933,863,7,21,25,31.1,53.92,79.26,1011.18,2026-03-15 13:11:47
5934,863,6,20,23,31.1,53.92,78.34,1011.11,2026-03-15 13:11:49
5935,863,6,20,23,31.2,53.89,76.95,1011.14,2026-03-15 13:11:51
5936,863,7,21,24,31.2,53.99,77.41,1011.13,2026-03-15 13:11:53
5937,861,7,21,24,31.2,54.09,77.88,1011.15,2026-03-15 13:11:55
5938,860,6,20,23,31.2,54.09,77.41,1011.17,2026-03-15 13:11:57
5939,861,8,21,24,31.2,54.19,77.41,1011.17,2026-03-15 13:11:59
5940,866,8,21,24,31.2,54.28,77.41,1011.13,2026-03-15 13:12:01
5941,869,8,21,24,31.2,54.28,77.41,1011.17,2026-03-15 13:12:03
5942,870,7,19,23,31.2,54.28,77.41,1011.14,2026-03-15 13:12:05
5943,870,7,19,23,31.2,54.28,77.41,1011.17,2026-03-15 13:12:07
5944,872,7,19,23,31.2,54.28,77.41,1011.13,2026-03-15 13:12:09
5945,873,7,20,24,31.2,54.38,77.88,1011.18,2026-03-15 13:12:11
5946,875,7,20,25,31.2,54.38,77.41,1011.17,2026-03-15 13:12:13
5947,879,7,21,26,31.2,54.38,77.41,1011.19,2026-03-15 13:12:15
5948,878,7,21,27,31.2,54.38,77.88,1011.17,2026-03-15 13:12:17
5949,875,7,21,28,31.2,54.38,77.88,1011.19,2026-03-15 13:12:19
5950,877,7,21,27,31.2,54.38,77.41,1011.17,2026-03-15 13:12:21
5951,878,6,20,26,31.3,54.38,77.88,1011.19,2026-03-15 13:12:23
5952,879,6,20,26,31.3,54.38,77.88,1011.20,2026-03-15 13:12:25
5953,878,6,20,25,31.3,54.28,77.41,1011.19,2026-03-15 13:12:27
5954,881,6,20,25,31.3,54.28,77.88,1011.19,2026-03-15 13:12:29
5955,882,7,21,26,31.3,54.28,77.88,1011.15,2026-03-15 13:12:31
5956,885,6,20,25,31.3,54.28,77.41,1011.19,2026-03-15 13:12:33
5957,886,7,20,26,31.3,54.28,77.41,1011.16,2026-03-15 13:12:35
5958,892,7,20,25,31.3,54.28,77.41,1011.14,2026-03-15 13:12:37
5959,891,5,19,24,31.3,54.28,77.41,1011.14,2026-03-15 13:12:39
5960,893,5,19,23,31.3,54.28,77.41,1011.14,2026-03-15 13:12:41
5961,892,5,19,23,31.3,54.28,77.88,1011.19,2026-03-15 13:12:43
5962,898,5,19,22,31.3,54.19,77.88,1011.16,2026-03-15 13:12:45
5963,897,5,19,22,31.3,54.19,77.41,1011.15,2026-03-15 13:12:47
5964,897,6,20,23,31.3,54.28,77.41,1011.16,2026-03-15 13:12:49
5965,898,7,20,23,31.3,54.19,77.41,1011.15,2026-03-15 13:12:51
5966,898,5,19,22,31.3,54.19,77.41,1011.18,2026-03-15 13:12:53
5967,899,5,18,21,31.4,54.19,77.41,1011.17,2026-03-15 13:12:55
5968,896,6,19,22,31.4,54.19,77.41,1011.14,2026-03-15 13:12:57
5969,895,5,18,21,31.4,54.09,77.88,1011.19,2026-03-15 13:12:59
5970,895,6,19,21,31.4,54.09,77.88,1011.13,2026-03-15 13:13:01
5971,894,7,20,23,31.4,53.99,77.88,1011.19,2026-03-15 13:13:03
5972,894,6,19,22,31.4,53.70,77.88,1011.16,2026-03-15 13:13:05
5973,893,6,19,22,31.4,53.19,77.88,1011.17,2026-03-15 13:13:07
5974,893,7,19,23,31.4,52.51,77.88,1011.17,2026-03-15 13:13:09
5975,898,7,20,23,31.4,51.93,77.88,1011.13,2026-03-15 13:13:11
5976,888,8,20,23,31.5,51.54,77.88,1011.10,2026-03-15 13:13:13
5977,879,8,20,23,31.5,51.54,77.88,1011.20,2026-03-15 13:13:15
5978,869,8,20,23,31.4,52.12,77.88,1011.18,2026-03-15 13:13:17
5979,862,7,20,23,31.4,52.83,77.88,1011.16,2026-03-15 13:13:19
5980,855,6,19,22,31.4,53.19,77.88,1011.16,2026-03-15 13:13:21
5981,854,6,19,22,31.5,53.39,78.34,1011.12,2026-03-15 13:13:23
5982,846,5,19,22,31.5,53.49,77.88,1011.13,2026-03-15 13:13:25
5983,840,6,20,22,31.4,53.49,77.88,1011.14,2026-03-15 13:13:27
5984,836,6,20,22,31.4,53.58,77.88,1011.14,2026-03-15 13:13:29
5985,837,5,19,21,31.4,53.58,77.88,1011.18,2026-03-15 13:13:31
5986,832,6,20,22,31.5,53.67,77.88,1011.10,2026-03-15 13:13:33
5987,831,6,20,22,31.4,53.67,77.88,1011.13,2026-03-15 13:13:35
5988,837,7,20,22,31.4,53.67,77.88,1011.16,2026-03-15 13:13:37
5989,833,6,19,21,31.4,53.77,77.88,1011.15,2026-03-15 13:13:39
5990,834,7,20,22,31.4,53.77,77.88,1011.13,2026-03-15 13:13:41
5991,834,7,20,22,31.4,53.77,77.88,1011.17,2026-03-15 13:13:43
5992,836,6,18,21,31.4,53.77,77.88,1011.18,2026-03-15 13:13:45
5993,841,5,18,20,31.4,53.77,77.88,1011.16,2026-03-15 13:13:47
5994,843,6,19,21,31.4,53.77,77.88,1011.15,2026-03-15 13:13:49
5995,842,5,18,21,31.4,53.80,77.88,1011.14,2026-03-15 13:13:51
5996,840,5,18,21,31.4,53.77,77.88,1011.13,2026-03-15 13:13:53
5997,846,6,19,22,31.4,53.77,77.88,1011.15,2026-03-15 13:13:55
5998,846,7,19,23,31.4,53.80,77.88,1011.17,2026-03-15 13:13:57
5999,849,6,18,22,31.4,53.77,77.88,1011.15,2026-03-15 13:13:59
6000,854,6,18,21,31.4,53.80,77.88,1011.15,2026-03-15 13:14:01
6001,855,6,18,21,31.4,53.67,77.88,1011.17,2026-03-15 13:14:03
6002,849,6,18,21,31.4,53.67,77.88,1011.19,2026-03-15 13:14:05
6003,850,6,18,20,31.4,53.67,77.41,1011.17,2026-03-15 13:14:07
6004,852,7,19,22,31.5,53.58,77.41,1011.15,2026-03-15 13:14:09
6005,852,7,19,22,31.5,53.58,77.41,1011.15,2026-03-15 13:14:11
6006,851,7,19,22,31.5,53.49,77.41,1011.18,2026-03-15 13:14:13
6007,850,7,19,23,31.5,53.19,77.41,1011.13,2026-03-15 13:14:15
6008,851,7,19,23,31.6,52.90,77.88,1011.13,2026-03-15 13:14:17
6009,849,7,19,23,31.6,52.71,77.88,1011.16,2026-03-15 13:14:19
6010,846,6,17,22,31.6,52.61,77.88,1011.15,2026-03-15 13:14:21
6011,846,6,18,23,31.6,52.42,77.41,1011.17,2026-03-15 13:14:23
6012,847,6,18,23,31.6,52.32,77.88,1011.14,2026-03-15 13:14:25
6013,846,7,19,24,31.6,51.81,77.88,1011.13,2026-03-15 13:14:27
6014,842,7,20,24,31.6,51.23,77.88,1011.15,2026-03-15 13:14:29
6015,838,6,19,23,31.7,50.74,77.88,1011.17,2026-03-15 13:14:31
6016,829,8,21,24,31.7,50.45,77.88,1011.14,2026-03-15 13:14:33
6017,826,7,21,24,31.7,50.16,77.88,1011.14,2026-03-15 13:14:35
6018,814,8,21,24,31.7,50.07,78.34,1011.14,2026-03-15 13:14:37
6019,806,8,21,25,31.7,49.87,77.88,1011.17,2026-03-15 13:14:39
6020,800,7,21,25,31.7,49.77,77.41,1011.14,2026-03-15 13:14:41
6021,789,8,22,27,31.7,49.77,77.41,1011.13,2026-03-15 13:14:43
6022,781,9,23,29,31.7,49.77,77.88,1011.09,2026-03-15 13:14:45
6023,801,7,19,21,32.2,41.79,78.34,1010.68,2026-03-15 13:46:12
6024,789,7,19,22,32.2,42.08,78.80,1010.70,2026-03-15 13:46:14
6025,772,7,19,22,32.2,42.08,78.80,1010.70,2026-03-15 13:46:18
6026,767,8,21,23,32.2,42.08,78.80,1010.70,2026-03-15 13:46:20
6027,751,8,21,23,32.2,42.08,78.80,1010.70,2026-03-15 13:46:25
6028,737,8,21,23,32.2,42.08,78.80,1010.70,2026-03-15 13:46:27
6029,735,9,22,25,32.3,41.60,78.80,1010.65,2026-03-15 13:46:29
6030,730,8,21,23,32.3,42.37,78.34,1010.66,2026-03-15 13:46:31
6031,726,8,21,23,32.3,42.37,78.34,1010.66,2026-03-15 13:46:34
6032,725,10,22,24,32.3,42.37,78.34,1010.66,2026-03-15 13:46:37
6033,730,10,22,24,32.3,44.98,78.80,1010.69,2026-03-15 13:46:39
6034,729,10,22,24,32.4,44.40,78.80,1010.66,2026-03-15 13:46:41
6035,730,10,22,25,32.4,44.40,78.80,1010.66,2026-03-15 13:46:43
6036,729,9,21,24,32.4,42.83,78.80,1010.72,2026-03-15 13:46:45
6037,730,9,21,24,32.4,42.07,79.26,1010.72,2026-03-15 13:46:47
6038,732,9,21,24,32.4,41.58,79.26,1010.67,2026-03-15 13:46:49
6039,728,10,22,24,32.4,41.00,79.26,1010.71,2026-03-15 13:46:51
6040,724,10,23,24,32.4,40.81,79.26,1010.69,2026-03-15 13:46:53
6041,719,9,21,23,32.4,40.71,78.80,1010.66,2026-03-15 13:46:55
6042,714,8,21,24,32.5,40.61,79.26,1010.67,2026-03-15 13:46:57
6043,710,9,22,25,32.5,40.32,79.26,1010.69,2026-03-15 13:46:59
6044,704,9,22,25,32.5,39.84,78.80,1010.70,2026-03-15 13:47:01
6045,702,9,22,26,32.5,39.64,79.72,1010.71,2026-03-15 13:47:03
6046,700,8,22,25,32.5,39.36,79.26,1010.69,2026-03-15 13:47:05
6047,692,8,22,25,32.5,39.36,79.26,1010.69,2026-03-15 13:47:07
6048,686,8,21,25,32.5,39.16,78.80,1010.68,2026-03-15 13:47:09
6049,681,9,22,26,32.5,39.16,78.80,1010.68,2026-03-15 13:47:12
6050,681,9,22,26,32.5,38.78,78.80,1010.73,2026-03-15 13:47:14
6051,675,9,22,26,32.5,38.78,78.80,1010.68,2026-03-15 13:47:16
6052,670,8,21,25,32.5,38.78,78.80,1010.71,2026-03-15 13:47:18
6053,664,9,21,25,32.5,38.87,79.26,1010.71,2026-03-15 13:47:20
6054,667,10,22,26,32.5,38.87,78.80,1010.69,2026-03-15 13:47:22
6055,664,11,22,26,32.5,38.87,79.26,1010.72,2026-03-15 13:47:24
6056,660,10,22,26,32.5,39.06,78.80,1010.68,2026-03-15 13:47:26
6057,658,10,22,26,32.5,39.16,79.26,1010.66,2026-03-15 13:47:28
6058,654,10,22,26,32.5,39.16,79.26,1010.67,2026-03-15 13:47:30
6059,652,10,23,26,32.5,39.36,79.26,1010.70,2026-03-15 13:47:32
6060,652,10,23,26,32.5,39.84,79.72,1010.70,2026-03-15 13:47:34
6061,649,9,23,26,32.6,40.03,79.26,1010.67,2026-03-15 13:47:36
6062,647,9,23,26,32.6,40.03,79.26,1010.70,2026-03-15 13:47:38
6063,646,8,23,26,32.6,39.84,79.26,1010.66,2026-03-15 13:47:40
6064,645,8,23,27,32.6,39.74,79.26,1010.72,2026-03-15 13:47:42
6065,645,9,24,27,32.6,39.64,79.26,1010.71,2026-03-15 13:47:44
6066,647,8,23,26,32.6,39.55,79.26,1010.70,2026-03-15 13:47:46
6067,648,7,23,26,32.6,39.36,79.26,1010.67,2026-03-15 13:47:48
6068,648,8,24,26,32.6,39.26,79.26,1010.69,2026-03-15 13:47:50
6069,647,8,24,26,32.7,39.26,79.26,1010.70,2026-03-15 13:47:52
6070,645,8,24,26,32.7,39.16,79.26,1010.66,2026-03-15 13:47:54
6071,642,8,23,25,32.7,38.95,79.26,1010.73,2026-03-15 13:47:56
6072,642,9,24,25,32.7,38.68,79.72,1010.70,2026-03-15 13:47:58
6073,637,9,23,25,32.7,38.68,79.26,1010.68,2026-03-15 13:48:00
6074,637,9,23,24,32.7,38.66,79.26,1010.72,2026-03-15 13:48:02
6075,636,10,23,24,32.7,38.66,78.80,1010.67,2026-03-15 13:48:04
6076,635,10,23,24,32.7,38.56,78.80,1010.71,2026-03-15 13:48:06
6077,631,11,23,25,32.7,38.37,78.80,1010.67,2026-03-15 13:48:08
6078,629,10,22,24,32.7,38.37,78.80,1010.65,2026-03-15 13:48:10
6079,626,10,22,24,32.7,38.37,78.80,1010.73,2026-03-15 13:48:12
6080,628,12,24,25,32.7,38.28,78.80,1010.71,2026-03-15 13:48:14
6081,625,12,23,25,32.7,38.37,78.80,1010.70,2026-03-15 13:48:16
6082,626,12,23,25,32.7,38.28,78.80,1010.73,2026-03-15 13:48:18
6083,624,12,23,24,32.7,38.37,78.80,1010.70,2026-03-15 13:48:20
6084,620,11,22,24,32.7,38.37,78.80,1010.71,2026-03-15 13:48:22
6085,619,10,22,24,32.7,38.37,78.34,1010.69,2026-03-15 13:48:24
6086,622,11,23,25,32.7,38.37,78.80,1010.66,2026-03-15 13:48:26
6087,622,10,22,24,32.7,38.37,78.80,1010.71,2026-03-15 13:48:28
6088,619,9,22,25,32.7,38.37,78.80,1010.70,2026-03-15 13:48:30
6089,619,10,23,26,32.7,38.46,78.34,1010.70,2026-03-15 13:48:32
6090,615,8,22,24,32.8,38.46,78.80,1010.72,2026-03-15 13:48:34
6091,613,8,22,24,32.8,38.56,78.80,1010.70,2026-03-15 13:48:36
6092,613,8,21,23,32.8,38.56,78.80,1010.69,2026-03-15 13:48:38
6093,612,9,22,24,32.8,38.66,78.80,1010.72,2026-03-15 13:48:40
6094,613,9,22,23,32.8,39.14,78.80,1010.68,2026-03-15 13:48:42
6095,612,8,21,22,32.8,40.11,78.80,1010.71,2026-03-15 13:48:44
6096,614,9,22,22,32.8,40.50,78.80,1010.71,2026-03-15 13:48:46
6097,617,9,21,22,32.8,41.17,78.80,1010.73,2026-03-15 13:48:48
6098,618,9,21,22,32.8,41.56,78.80,1010.71,2026-03-15 13:48:50
6099,623,8,20,21,32.8,41.46,78.80,1010.72,2026-03-15 13:48:52
6100,627,8,20,21,32.8,40.20,78.80,1010.70,2026-03-15 13:48:54
6101,631,9,21,22,32.8,39.14,78.80,1010.68,2026-03-15 13:48:56
6102,636,8,20,21,32.8,38.46,78.80,1010.72,2026-03-15 13:48:58
6103,638,8,20,22,32.8,38.37,78.34,1010.67,2026-03-15 13:49:00
6104,641,8,20,22,32.9,38.08,78.80,1010.72,2026-03-15 13:49:02
6105,641,9,21,24,32.9,38.08,79.26,1010.70,2026-03-15 13:49:04
6106,641,9,21,25,32.9,38.08,78.34,1010.72,2026-03-15 13:49:06
6107,641,8,20,24,32.9,37.98,78.34,1010.69,2026-03-15 13:49:08
6108,641,9,21,25,32.9,37.98,78.34,1010.68,2026-03-15 13:49:10
6109,643,9,21,25,32.9,38.35,78.34,1010.69,2026-03-15 13:49:12
6110,643,9,21,26,32.9,39.41,78.34,1010.67,2026-03-15 13:49:14
6111,639,9,21,26,32.9,40.19,78.34,1010.67,2026-03-15 13:49:16
6112,640,9,21,26,32.9,40.38,78.34,1010.69,2026-03-15 13:49:18
6113,643,8,20,26,32.9,39.70,78.34,1010.69,2026-03-15 13:49:20
6114,642,9,21,27,33.0,39.03,78.80,1010.69,2026-03-15 13:49:22
6115,643,9,21,26,33.0,38.45,78.34,1010.69,2026-03-15 13:49:24
6116,648,9,21,25,32.9,37.96,78.34,1010.64,2026-03-15 13:49:26
6117,647,8,20,24,33.0,37.67,78.34,1010.68,2026-03-15 13:49:28
6118,646,8,20,23,32.9,37.38,78.34,1010.65,2026-03-15 13:49:30
6119,645,8,20,23,33.0,37.19,78.34,1010.68,2026-03-15 13:49:32
6120,641,9,21,24,33.0,37.19,78.34,1010.66,2026-03-15 13:49:34
6121,640,9,21,24,33.0,37.19,78.34,1010.67,2026-03-15 13:49:36
6122,637,9,21,25,33.0,37.19,78.34,1010.68,2026-03-15 13:49:38
6123,636,9,21,25,33.0,37.00,78.34,1010.66,2026-03-15 13:49:40
6124,634,9,21,25,33.0,36.80,78.34,1010.69,2026-03-15 13:49:42
6125,633,10,22,27,32.9,36.71,78.34,1010.62,2026-03-15 13:49:44
6126,632,9,21,27,33.0,36.52,78.34,1010.65,2026-03-15 13:49:46
6127,630,8,20,27,33.0,36.61,78.34,1010.66,2026-03-15 13:49:48
6128,629,8,20,28,33.0,36.90,77.88,1010.68,2026-03-15 13:49:50
6129,629,9,21,29,33.0,37.87,78.34,1010.68,2026-03-15 13:49:52
6130,629,9,21,29,33.0,38.83,78.34,1010.67,2026-03-15 13:49:54
6131,629,8,21,29,33.0,38.83,78.34,1010.65,2026-03-15 13:49:56
6132,630,7,20,27,33.0,38.16,78.34,1010.67,2026-03-15 13:49:58
6133,630,7,21,26,33.0,37.58,78.34,1010.63,2026-03-15 13:50:00
6134,631,8,22,27,33.0,37.19,78.80,1010.64,2026-03-15 13:50:02
6135,632,8,22,26,33.0,36.90,79.26,1010.68,2026-03-15 13:50:04
6136,633,9,22,25,33.0,36.71,78.80,1010.67,2026-03-15 13:50:06
6137,632,8,21,24,33.0,36.42,78.80,1010.70,2026-03-15 13:50:08
6138,631,9,22,25,33.0,36.22,78.80,1010.63,2026-03-15 13:50:10
6139,629,10,23,25,33.0,36.22,78.80,1010.65,2026-03-15 13:50:12
6140,629,9,22,25,33.0,36.22,78.80,1010.63,2026-03-15 13:50:14
6141,626,9,22,25,33.0,36.13,78.80,1010.64,2026-03-15 13:50:16
6142,624,8,22,25,33.0,35.84,78.80,1010.67,2026-03-15 13:50:18
6143,624,9,23,25,33.0,35.64,78.80,1010.69,2026-03-15 13:50:20
6144,623,9,23,25,33.0,35.64,78.80,1010.66,2026-03-15 13:50:22
6145,623,8,23,25,33.0,35.84,78.80,1010.68,2026-03-15 13:50:24
6146,624,7,21,23,33.0,35.74,78.34,1010.68,2026-03-15 13:50:26
6147,624,6,21,23,33.0,35.74,78.34,1010.64,2026-03-15 13:50:28
6148,623,6,21,24,33.0,35.64,77.88,1010.65,2026-03-15 13:50:30
6149,621,6,21,24,33.0,35.64,77.88,1010.66,2026-03-15 13:50:32
6150,621,8,22,25,33.0,35.64,77.88,1010.62,2026-03-15 13:50:34
6151,618,8,22,25,33.0,35.55,78.34,1010.66,2026-03-15 13:50:36
6152,621,7,21,25,33.0,35.55,77.88,1010.65,2026-03-15 13:50:38
6153,620,8,21,25,33.0,35.36,77.88,1010.63,2026-03-15 13:50:40
6154,615,8,21,26,33.0,35.16,77.88,1010.66,2026-03-15 13:50:42
6155,617,9,22,28,33.0,35.16,77.88,1010.66,2026-03-15 13:50:44
6156,616,10,22,29,33.0,35.06,77.88,1010.64,2026-03-15 13:50:46
6157,614,10,23,29,33.0,35.06,77.88,1010.65,2026-03-15 13:50:48
6158,614,9,23,29,33.0,35.06,77.88,1010.64,2026-03-15 13:50:50
6159,614,8,22,27,33.0,35.16,77.41,1010.64,2026-03-15 13:50:52
6160,613,7,22,27,33.0,35.26,77.41,1010.63,2026-03-15 13:50:54
6161,614,8,23,27,33.0,35.45,77.41,1010.65,2026-03-15 13:50:56
6162,613,7,22,26,33.0,36.13,77.41,1010.65,2026-03-15 13:50:58
6163,611,7,22,26,33.0,36.80,77.41,1010.66,2026-03-15 13:51:00
6164,612,8,23,27,33.0,37.19,77.41,1010.67,2026-03-15 13:51:02
6165,612,8,22,27,33.0,37.00,77.41,1010.68,2026-03-15 13:51:04
6166,613,8,22,26,33.0,36.71,77.41,1010.66,2026-03-15 13:51:06
6167,614,7,21,25,33.0,36.61,77.41,1010.65,2026-03-15 13:51:08
6168,615,9,22,26,33.0,36.61,77.41,1010.64,2026-03-15 13:51:10
6169,619,9,22,26,33.0,36.52,77.41,1010.66,2026-03-15 13:51:12
6170,617,9,22,26,33.0,36.52,77.88,1010.62,2026-03-15 13:51:14
6171,617,8,20,25,33.0,36.52,77.41,1010.63,2026-03-15 13:51:16
6172,615,8,20,24,33.0,36.52,77.88,1010.61,2026-03-15 13:51:18
6173,618,8,20,24,33.0,36.52,77.88,1010.62,2026-03-15 13:51:20
6174,618,8,20,23,33.0,36.61,77.41,1010.65,2026-03-15 13:51:22
6175,619,9,20,23,33.0,36.61,77.88,1010.66,2026-03-15 13:51:24
6176,618,8,19,22,33.1,36.71,77.88,1010.64,2026-03-15 13:51:26
6177,615,9,19,22,33.0,36.71,77.88,1010.63,2026-03-15 13:51:28
6178,617,9,19,22,33.0,36.71,77.88,1010.66,2026-03-15 13:51:30
6179,617,8,18,22,33.0,36.71,77.88,1010.62,2026-03-15 13:51:32
6180,615,9,19,23,33.1,36.71,77.88,1010.62,2026-03-15 13:51:34
6181,614,9,19,23,33.1,36.80,77.88,1010.67,2026-03-15 13:51:36
6182,612,8,18,22,33.1,36.71,77.88,1010.65,2026-03-15 13:51:38
6183,612,8,18,22,33.1,36.71,78.34,1010.65,2026-03-15 13:51:40
6184,612,9,20,24,33.1,36.80,78.34,1010.64,2026-03-15 13:51:42
6185,613,9,20,24,33.1,37.19,78.34,1010.67,2026-03-15 13:51:44
6186,613,9,20,25,33.1,37.29,78.34,1010.63,2026-03-15 13:51:46
6187,612,8,19,24,33.1,37.29,78.34,1010.69,2026-03-15 13:51:48
6188,610,9,21,25,33.1,37.38,78.34,1010.61,2026-03-15 13:51:50
6189,610,8,20,24,33.1,37.38,78.34,1010.63,2026-03-15 13:51:52
6190,612,8,20,23,33.1,37.58,78.80,1010.61,2026-03-15 13:51:54
6191,611,8,19,23,33.1,38.06,78.34,1010.65,2026-03-15 13:51:56
6192,609,9,20,23,33.1,38.74,77.88,1010.68,2026-03-15 13:51:58
6193,609,9,20,23,33.1,39.32,77.88,1010.63,2026-03-15 13:52:00
6194,612,8,20,23,33.1,39.51,77.88,1010.67,2026-03-15 13:52:02
6195,614,8,20,23,33.1,39.22,77.88,1010.66,2026-03-15 13:52:04
6196,617,8,20,23,33.1,38.74,78.80,1010.66,2026-03-15 13:52:06
6197,618,7,19,22,33.1,38.45,78.80,1010.68,2026-03-15 13:52:08
6198,618,7,19,22,33.1,38.06,77.88,1010.67,2026-03-15 13:52:10
6199,619,8,19,23,33.1,37.87,77.88,1010.65,2026-03-15 13:52:12
6200,620,9,21,24,33.1,37.77,78.34,1010.65,2026-03-15 13:52:14
6201,618,8,20,24,33.1,37.67,78.34,1010.69,2026-03-15 13:52:16
6202,619,8,20,24,33.1,37.58,78.34,1010.64,2026-03-15 13:52:18
6203,621,9,21,25,33.1,37.58,78.34,1010.65,2026-03-15 13:52:20
6204,620,9,21,26,33.1,37.58,78.34,1010.67,2026-03-15 13:52:22
6205,620,9,21,26,33.1,37.48,78.34,1010.67,2026-03-15 13:52:24
6206,621,8,21,25,33.1,37.48,78.34,1010.68,2026-03-15 13:52:26
6207,618,8,21,26,33.1,37.48,78.34,1010.66,2026-03-15 13:52:28
6208,617,8,21,25,33.1,37.38,78.34,1010.66,2026-03-15 13:52:30
6209,617,9,23,26,33.1,37.38,79.26,1010.69,2026-03-15 13:52:32
6210,616,9,22,26,33.1,37.38,78.80,1010.66,2026-03-15 13:52:34
6211,617,9,22,26,33.1,37.38,78.34,1010.67,2026-03-15 13:52:36
6212,616,8,21,25,33.1,37.29,78.34,1010.67,2026-03-15 13:52:38
6213,615,8,21,26,33.1,37.29,78.80,1010.66,2026-03-15 13:52:40
6214,615,9,22,26,33.1,37.29,78.34,1010.70,2026-03-15 13:52:42
6215,613,8,20,25,33.1,37.19,78.80,1010.63,2026-03-15 13:52:44
6216,613,8,20,25,33.1,37.19,78.80,1010.67,2026-03-15 13:52:46
6217,615,8,20,25,33.1,37.19,78.34,1010.67,2026-03-15 13:52:48
6218,615,8,20,25,33.2,37.27,78.34,1010.65,2026-03-15 13:52:50
6219,615,9,21,26,33.2,37.27,78.34,1010.66,2026-03-15 13:52:52
6220,614,9,21,26,33.2,37.27,78.34,1010.65,2026-03-15 13:52:54
6221,616,9,21,26,33.2,37.65,78.34,1010.66,2026-03-15 13:52:56
6222,617,9,21,26,33.2,38.04,78.34,1010.66,2026-03-15 13:52:58
6223,614,9,21,25,33.2,38.91,78.34,1010.66,2026-03-15 13:53:00
6224,614,8,20,24,33.2,39.39,78.34,1010.66,2026-03-15 13:53:02
6225,615,8,19,23,33.2,39.69,78.80,1010.67,2026-03-15 13:53:04
6226,616,8,20,23,33.2,39.49,78.80,1010.67,2026-03-15 13:53:06
6227,621,8,19,22,33.2,39.20,78.34,1010.67,2026-03-15 13:53:08
6228,620,8,19,21,33.2,38.62,78.80,1010.68,2026-03-15 13:53:10
6229,620,7,18,20,33.2,38.14,78.80,1010.68,2026-03-15 13:53:12
6230,622,7,18,20,33.2,37.75,78.34,1010.65,2026-03-15 13:53:14
6231,620,8,19,22,33.2,37.56,78.34,1010.68,2026-03-15 13:53:16
6232,621,8,19,22,33.2,37.37,78.80,1010.64,2026-03-15 13:53:18
6233,624,8,19,22,33.2,37.17,78.80,1010.64,2026-03-15 13:53:20
6234,623,9,19,23,33.2,36.88,78.80,1010.63,2026-03-15 13:53:22
6235,623,8,18,22,33.2,36.69,79.26,1010.67,2026-03-15 13:53:24
6236,622,8,18,22,33.2,36.59,175.56,1010.66,2026-03-15 13:53:26
6237,622,8,18,22,33.2,36.69,78.80,1010.69,2026-03-15 13:53:28
6238,619,8,19,24,33.2,36.69,78.80,1010.69,2026-03-15 13:53:32
6239,617,8,19,25,33.2,38.81,78.80,1010.65,2026-03-15 13:53:34
6240,620,8,19,26,33.2,39.29,78.80,1010.67,2026-03-15 13:53:36
6241,624,7,18,25,33.2,38.62,78.34,1010.59,2026-03-15 13:53:38
6242,624,7,18,25,33.2,38.23,78.80,1010.59,2026-03-15 13:53:40
6243,625,7,18,25,33.2,37.85,78.80,1010.63,2026-03-15 13:53:42
6244,623,8,20,26,33.2,37.56,78.80,1010.65,2026-03-15 13:53:44
6245,620,8,20,26,33.2,37.37,78.34,1010.67,2026-03-15 13:53:46
6246,621,7,20,25,33.2,37.17,78.34,1010.62,2026-03-15 13:53:48
6247,621,7,20,25,33.2,37.17,78.34,1010.63,2026-03-15 13:53:50
6248,620,7,20,25,33.2,37.08,78.34,1010.65,2026-03-15 13:53:52
6249,619,7,21,26,33.2,36.98,78.80,1010.67,2026-03-15 13:53:54
6250,621,6,19,25,33.2,36.98,78.80,1010.64,2026-03-15 13:53:56
6251,619,6,19,25,33.2,36.98,78.80,1010.66,2026-03-15 13:53:58
6252,620,7,19,25,33.2,36.98,78.34,1010.64,2026-03-15 13:54:00
6253,623,6,18,23,33.2,37.08,78.34,1010.59,2026-03-15 13:54:02
6254,620,6,18,23,33.2,37.17,78.80,1010.65,2026-03-15 13:54:04
6255,619,7,19,23,33.2,37.46,79.26,1010.65,2026-03-15 13:54:06
6256,620,7,18,22,33.2,37.65,78.80,1010.66,2026-03-15 13:54:08
6257,619,7,18,22,33.3,37.65,78.80,1010.66,2026-03-15 13:54:10
6258,618,7,18,22,33.3,37.46,79.26,1010.62,2026-03-15 13:54:12
6259,618,8,19,22,33.3,37.27,78.80,1010.65,2026-03-15 13:54:14
6260,615,7,18,22,33.3,37.17,78.80,1010.60,2026-03-15 13:54:16
6261,615,7,18,22,33.3,37.27,78.80,1010.64,2026-03-15 13:54:18
6262,612,8,20,22,33.3,37.27,78.80,1010.65,2026-03-15 13:54:20
6263,611,8,19,22,33.3,37.27,78.80,1010.61,2026-03-15 13:54:22
6264,612,8,19,22,33.3,37.27,78.80,1010.62,2026-03-15 13:54:24
6265,614,7,18,22,33.2,37.27,78.80,1010.64,2026-03-15 13:54:26
6266,614,7,18,22,33.2,37.37,78.80,1010.65,2026-03-15 13:54:28
6267,614,8,19,23,33.3,37.95,78.80,1010.63,2026-03-15 13:54:30
6268,614,8,19,24,33.2,38.91,78.80,1010.62,2026-03-15 13:54:32
6269,615,8,19,24,33.2,39.69,79.26,1010.63,2026-03-15 13:54:34
6270,617,7,18,23,33.2,40.07,78.80,1010.62,2026-03-15 13:54:36
6271,618,8,19,24,33.2,40.36,78.80,1010.62,2026-03-15 13:54:38
6272,622,8,19,24,33.2,40.45,79.72,1010.62,2026-03-15 13:54:40
6273,626,7,18,24,33.2,40.55,78.80,1010.62,2026-03-15 13:54:42
6274,630,7,18,23,33.2,40.65,78.80,1010.60,2026-03-15 13:54:44
6275,633,7,18,23,33.2,40.65,78.80,1010.62,2026-03-15 13:54:46
6276,637,8,19,24,33.2,40.75,79.26,1010.59,2026-03-15 13:54:48
6277,642,9,20,23,33.2,40.75,78.34,1010.60,2026-03-15 13:54:50
6278,644,9,20,23,33.3,40.75,78.34,1010.57,2026-03-15 13:54:52
6279,646,7,19,21,33.3,40.75,78.34,1010.63,2026-03-15 13:54:54
6280,649,7,19,20,33.3,40.84,77.88,1010.61,2026-03-15 13:54:56
6281,655,7,19,20,33.3,40.84,77.88,1010.61,2026-03-15 13:54:58
6282,660,8,20,20,33.3,40.94,77.88,1010.59,2026-03-15 13:55:00
6283,664,7,19,19,33.2,41.13,77.88,1010.60,2026-03-15 13:55:02
6284,666,7,19,19,33.2,41.23,77.88,1010.63,2026-03-15 13:55:04
6285,666,8,20,20,33.2,41.33,77.88,1010.56,2026-03-15 13:55:06
6286,665,8,20,20,33.2,41.42,78.34,1010.56,2026-03-15 13:55:08
6287,671,8,20,20,33.2,41.42,78.34,1010.62,2026-03-15 13:55:10
6288,677,7,19,19,33.3,41.42,78.34,1010.56,2026-03-15 13:55:12
6289,678,7,20,20,33.2,41.42,78.34,1010.61,2026-03-15 13:55:14
6290,685,7,20,20,33.2,41.52,78.34,1010.58,2026-03-15 13:55:16
6291,685,7,20,20,33.3,41.52,78.34,1010.59,2026-03-15 13:55:18
6292,686,8,20,22,33.3,41.52,78.34,1010.57,2026-03-15 13:55:20
6293,684,8,20,22,33.3,41.52,78.34,1010.61,2026-03-15 13:55:22
6294,690,8,20,23,33.3,41.33,78.34,1010.59,2026-03-15 13:55:24
6295,692,6,19,22,33.3,40.94,78.34,1010.58,2026-03-15 13:55:26
6296,693,6,19,22,33.3,40.26,78.34,1010.60,2026-03-15 13:55:28
6297,695,6,19,21,33.3,40.07,77.88,1010.60,2026-03-15 13:55:30
6298,695,7,20,22,33.3,40.07,77.88,1010.60,2026-03-15 13:55:32
6299,694,7,19,22,33.3,39.97,78.34,1010.62,2026-03-15 13:55:34
6300,693,6,18,21,33.3,39.59,77.88,1010.57,2026-03-15 13:55:36
6301,694,7,18,21,33.3,39.11,77.88,1010.57,2026-03-15 13:55:38
6302,691,8,19,21,33.3,38.71,78.34,1010.60,2026-03-15 13:55:40
6303,688,7,18,20,33.3,38.53,78.34,1010.57,2026-03-15 13:55:42
6304,686,7,18,20,33.3,38.43,78.34,1010.57,2026-03-15 13:55:44
6305,684,7,18,20,33.3,38.62,78.34,1010.59,2026-03-15 13:55:46
6306,682,8,19,21,33.3,39.29,78.34,1010.55,2026-03-15 13:55:48
6307,678,7,18,20,33.3,39.97,77.88,1010.57,2026-03-15 13:55:50
6308,673,7,18,20,33.3,39.59,77.88,1010.54,2026-03-15 13:55:52
6309,674,7,18,20,33.3,38.81,78.34,1010.54,2026-03-15 13:55:54
6310,673,8,19,21,33.3,38.53,78.34,1010.54,2026-03-15 13:55:56
6311,670,8,19,21,33.3,38.23,78.80,1010.58,2026-03-15 13:55:58
6312,668,8,19,21,33.3,38.14,78.34,1010.56,2026-03-15 13:56:00
6313,665,7,17,20,33.3,38.14,78.34,1010.56,2026-03-15 13:56:02
6314,660,7,17,19,33.3,38.14,78.34,1010.60,2026-03-15 13:56:04
6315,656,8,18,20,33.3,38.04,78.34,1010.57,2026-03-15 13:56:06
6316,654,7,17,18,33.3,38.04,78.34,1010.53,2026-03-15 13:56:08
6317,651,7,17,18,33.3,38.04,78.34,1010.56,2026-03-15 13:56:10
6318,649,7,17,18,33.3,37.95,78.34,1010.56,2026-03-15 13:56:12
6319,645,8,18,20,33.3,37.95,78.34,1010.55,2026-03-15 13:56:14
6320,642,8,19,20,33.3,37.95,78.80,1010.52,2026-03-15 13:56:16
6321,642,8,18,20,33.3,38.23,78.34,1010.58,2026-03-15 13:56:18
6322,641,8,18,20,33.3,38.62,78.34,1010.56,2026-03-15 13:56:20
6323,638,8,18,21,33.3,38.81,78.80,1010.59,2026-03-15 13:56:22
6324,638,8,17,20,33.3,38.91,78.80,1010.59,2026-03-15 13:56:24
6325,637,8,17,20,33.3,39.39,78.80,1010.54,2026-03-15 13:56:26
6326,635,8,17,21,33.3,39.87,78.80,1010.54,2026-03-15 13:56:28
6327,639,9,19,22,33.2,40.45,78.80,1010.59,2026-03-15 13:56:30
6328,643,10,19,22,33.3,40.75,78.80,1010.55,2026-03-15 13:56:32
6329,648,9,19,23,33.3,40.94,78.80,1010.57,2026-03-15 13:56:34
6330,654,8,18,22,33.2,41.03,78.80,1010.55,2026-03-15 13:56:36
6331,649,8,18,21,33.2,41.03,78.80,1010.56,2026-03-15 13:56:38
6332,649,8,19,21,33.2,40.75,78.80,1010.57,2026-03-15 13:56:40
6333,651,9,19,22,33.3,40.36,78.80,1010.63,2026-03-15 13:56:42
6334,655,9,19,22,33.3,39.78,78.80,1010.57,2026-03-15 13:56:44
6335,656,9,19,22,33.3,39.20,78.80,1010.57,2026-03-15 13:56:46
6336,656,8,18,22,33.3,38.71,78.80,1010.61,2026-03-15 13:56:48
6337,655,8,19,24,33.3,38.43,78.80,1010.53,2026-03-15 13:56:50
6338,651,8,19,25,33.2,38.23,78.80,1010.61,2026-03-15 13:56:52
6339,648,7,18,24,33.3,38.14,78.80,1010.56,2026-03-15 13:56:54
6340,645,7,18,24,33.3,38.14,78.80,1010.57,2026-03-15 13:56:56
6341,649,6,17,24,33.3,38.23,78.34,1010.55,2026-03-15 13:56:58
6342,649,6,17,24,33.3,38.91,78.34,1010.57,2026-03-15 13:57:00
6343,645,6,17,23,33.3,39.39,78.80,1010.53,2026-03-15 13:57:02
6344,647,7,18,24,33.2,39.78,78.34,1010.56,2026-03-15 13:57:04
6345,649,7,18,24,33.3,40.17,78.34,1010.54,2026-03-15 13:57:06
6346,647,7,18,24,33.3,40.26,78.34,1010.54,2026-03-15 13:57:08
6347,645,7,18,24,33.3,40.26,78.34,1010.59,2026-03-15 13:57:10
6348,646,7,18,24,33.2,40.26,78.34,1010.55,2026-03-15 13:57:12
6349,649,6,17,23,33.2,40.36,78.34,1010.55,2026-03-15 13:57:14
6350,648,6,17,23,33.2,40.36,78.34,1010.59,2026-03-15 13:57:16
6351,650,6,17,23,33.2,39.78,78.80,1010.56,2026-03-15 13:57:18
6352,653,6,17,23,33.3,39.39,78.34,1010.56,2026-03-15 13:57:20
6353,649,7,19,24,33.3,39.20,78.80,1010.55,2026-03-15 13:57:22
6354,649,6,18,23,33.3,39.29,78.34,1010.56,2026-03-15 13:57:24
6355,649,7,19,24,33.3,39.11,78.80,1010.58,2026-03-15 13:57:26
6356,649,8,19,24,33.3,39.20,78.80,1010.52,2026-03-15 13:57:28
6357,648,8,20,24,33.3,39.20,78.80,1010.56,2026-03-15 13:57:30
6358,648,8,20,24,33.3,39.20,79.26,1010.58,2026-03-15 13:57:32
6359,648,9,20,24,33.2,39.69,78.80,1010.54,2026-03-15 13:57:34
6360,648,7,19,23,33.2,39.97,78.80,1010.53,2026-03-15 13:57:36
6361,645,7,19,23,33.2,40.26,78.80,1010.54,2026-03-15 13:57:38
6362,649,8,19,24,33.2,40.36,78.80,1010.56,2026-03-15 13:57:40
6363,650,7,18,22,33.2,40.45,78.80,1010.53,2026-03-15 13:57:42
6364,650,7,18,22,33.2,40.65,78.80,1010.52,2026-03-15 13:57:44
6365,649,6,18,22,33.2,40.55,78.34,1010.55,2026-03-15 13:57:46
6366,654,7,18,22,33.2,40.65,78.80,1010.55,2026-03-15 13:57:48
6367,656,7,17,22,33.2,40.94,78.80,1010.52,2026-03-15 13:57:50
6368,661,7,17,21,33.2,41.13,78.80,1010.57,2026-03-15 13:57:52
6369,659,8,18,22,33.2,41.23,78.80,1010.51,2026-03-15 13:57:54
6370,659,8,18,22,33.2,41.33,78.80,1010.56,2026-03-15 13:57:56
6371,657,8,18,22,33.2,41.33,78.34,1010.55,2026-03-15 13:57:58
6372,659,6,16,21,33.2,41.42,78.34,1010.53,2026-03-15 13:58:00
6373,660,6,16,21,33.2,41.52,78.34,1010.53,2026-03-15 13:58:02
6374,664,7,17,22,33.2,41.61,77.88,1010.57,2026-03-15 13:58:04
6375,662,6,17,22,33.2,41.71,77.88,1010.52,2026-03-15 13:58:06
6376,662,5,17,22,33.2,41.71,77.88,1010.55,2026-03-15 13:58:08
6377,665,5,17,22,33.2,41.71,77.41,1010.53,2026-03-15 13:58:10
6378,668,6,18,23,33.2,41.71,77.41,1010.53,2026-03-15 13:58:12
6379,668,5,17,22,33.2,41.71,77.88,1010.53,2026-03-15 13:58:14
6380,671,5,17,22,33.2,41.71,77.88,1010.53,2026-03-15 13:58:16
6381,678,5,17,22,33.2,41.81,77.41,1010.52,2026-03-15 13:58:18
6382,680,6,17,22,33.1,41.83,77.41,1010.52,2026-03-15 13:58:20
6383,684,6,18,22,33.2,41.91,77.41,1010.51,2026-03-15 13:58:22
6384,686,8,19,23,33.1,41.93,77.41,1010.54,2026-03-15 13:58:24
6385,690,8,19,23,33.1,41.93,77.88,1010.51,2026-03-15 13:58:26
6386,694,8,19,23,33.1,42.02,77.41,1010.49,2026-03-15 13:58:28
6387,694,8,19,23,33.1,42.02,77.41,1010.47,2026-03-15 13:58:30
6388,696,7,18,22,33.1,42.02,77.41,1010.50,2026-03-15 13:58:32
6389,699,7,19,22,33.1,42.12,77.41,1010.49,2026-03-15 13:58:34
6390,699,8,19,22,33.1,42.02,77.41,1010.47,2026-03-15 13:58:36
6391,702,8,19,22,33.1,42.12,77.41,1010.47,2026-03-15 13:58:38
6392,705,8,19,23,33.1,42.12,77.41,1010.47,2026-03-15 13:58:40
6393,703,8,20,23,33.1,42.21,77.41,1010.49,2026-03-15 13:58:42
6394,702,8,20,23,33.1,42.21,77.88,1010.47,2026-03-15 13:58:44
6395,704,9,21,24,33.1,42.21,77.88,1010.48,2026-03-15 13:58:46
6396,704,9,21,24,33.1,42.21,77.88,1010.48,2026-03-15 13:58:48
6397,702,9,21,23,33.1,42.21,77.88,1010.45,2026-03-15 13:58:50
6398,701,8,21,23,33.1,42.31,77.88,1010.48,2026-03-15 13:58:52
6399,701,8,21,22,33.1,42.31,77.88,1010.46,2026-03-15 13:58:54
6400,701,8,21,22,33.1,42.31,77.88,1010.50,2026-03-15 13:58:56
6401,702,8,21,22,33.1,42.31,77.88,1010.48,2026-03-15 13:58:58
6402,702,7,19,21,33.1,42.31,77.88,1010.46,2026-03-15 13:59:00
6403,703,7,19,21,33.1,42.31,77.41,1010.49,2026-03-15 13:59:02
6404,704,8,20,22,33.1,42.31,77.41,1010.44,2026-03-15 13:59:04
6405,705,7,19,20,33.1,42.31,77.41,1010.46,2026-03-15 13:59:06
6406,706,6,18,20,33.1,42.31,77.88,1010.49,2026-03-15 13:59:08
6407,704,7,19,21,33.1,42.31,77.41,1010.42,2026-03-15 13:59:10
6408,701,6,17,19,33.1,42.31,77.41,1010.48,2026-03-15 13:59:12
6409,702,6,18,20,33.1,42.31,77.88,1010.44,2026-03-15 13:59:14
6410,701,6,18,20,33.1,42.31,77.41,1010.47,2026-03-15 13:59:16
6411,701,6,17,19,33.1,42.31,77.88,1010.46,2026-03-15 13:59:18
6412,702,6,17,19,33.2,42.29,77.41,1010.49,2026-03-15 13:59:20
6413,704,7,18,20,33.1,42.31,77.88,1010.49,2026-03-15 13:59:22
6414,704,6,17,19,33.1,42.31,77.88,1010.44,2026-03-15 13:59:24
6415,705,7,17,19,33.1,42.31,77.88,1010.43,2026-03-15 13:59:26
6416,705,8,18,20,33.1,42.31,77.88,1010.48,2026-03-15 13:59:28
6417,701,8,18,20,33.2,42.19,77.88,1010.43,2026-03-15 13:59:30
6418,702,7,17,18,33.1,42.21,77.88,1010.43,2026-03-15 13:59:32
6419,704,7,16,18,33.2,42.29,77.88,1010.46,2026-03-15 13:59:34
6420,700,8,17,19,33.2,42.29,77.88,1010.45,2026-03-15 13:59:36
6421,701,7,17,18,33.2,42.29,78.34,1010.48,2026-03-15 13:59:38
6422,704,7,17,18,33.2,42.29,77.88,1010.41,2026-03-15 13:59:40
6423,705,7,17,18,33.2,42.29,77.88,1010.47,2026-03-15 13:59:42
6424,707,7,17,18,33.2,42.19,77.88,1010.42,2026-03-15 13:59:44
6425,706,6,17,17,33.2,42.00,77.88,1010.45,2026-03-15 13:59:46
6426,705,6,17,17,33.2,41.71,77.88,1010.42,2026-03-15 13:59:48
6427,705,6,17,18,33.2,41.61,77.88,1010.43,2026-03-15 13:59:50
6428,705,6,17,18,33.2,41.61,77.88,1010.49,2026-03-15 13:59:52
6429,704,7,19,20,33.2,41.61,77.88,1010.43,2026-03-15 13:59:54
6430,704,7,19,20,33.2,41.71,77.88,1010.42,2026-03-15 13:59:56
6431,704,5,18,20,33.2,41.81,77.88,1010.46,2026-03-15 13:59:58
6432,702,5,18,20,33.2,41.91,77.41,1010.46,2026-03-15 14:00:00
6433,701,5,18,20,33.2,42.00,77.41,1010.49,2026-03-15 14:00:02
6434,704,5,18,20,33.2,42.10,77.41,1010.44,2026-03-15 14:00:04
6435,704,6,20,21,33.2,42.19,77.41,1010.43,2026-03-15 14:00:06
6436,702,5,20,22,33.2,42.19,77.41,1010.46,2026-03-15 14:00:08
6437,699,5,20,22,33.2,42.29,77.41,1010.44,2026-03-15 14:00:10
6438,698,5,20,23,33.2,42.29,77.41,1010.43,2026-03-15 14:00:12
6439,699,4,19,22,33.2,42.29,77.41,1010.46,2026-03-15 14:00:14
6440,699,4,18,22,33.2,42.29,77.41,1010.44,2026-03-15 14:00:16
6441,695,5,19,22,33.2,42.29,77.41,1010.46,2026-03-15 14:00:18
6442,707,5,18,22,33.1,42.31,77.41,1010.43,2026-03-15 14:00:20
6443,698,4,17,20,33.1,42.41,77.41,1010.47,2026-03-15 14:00:22
6444,705,5,17,20,33.1,42.41,77.41,1010.47,2026-03-15 14:00:24
6445,698,5,17,20,33.1,42.41,77.41,1010.46,2026-03-15 14:00:26
6446,696,4,16,19,33.1,42.41,77.88,1010.45,2026-03-15 14:00:28
6447,697,5,17,20,33.1,42.41,77.41,1010.46,2026-03-15 14:00:30
6448,700,6,17,20,33.1,42.50,77.41,1010.42,2026-03-15 14:00:32
6449,700,6,18,20,33.1,42.50,77.41,1010.43,2026-03-15 14:00:34
6450,704,5,17,18,33.1,42.50,77.41,1010.46,2026-03-15 14:00:36
6451,703,5,17,18,33.1,42.50,77.41,1010.43,2026-03-15 14:00:38
6452,707,6,18,19,33.1,42.50,77.41,1010.44,2026-03-15 14:00:40
6453,706,6,18,19,33.1,42.50,77.41,1010.43,2026-03-15 14:00:42
6454,710,6,18,19,33.1,42.50,77.41,1010.47,2026-03-15 14:00:44
6455,710,6,18,19,33.1,42.50,77.41,1010.49,2026-03-15 14:00:46
6456,710,5,17,19,33.1,42.50,77.41,1010.44,2026-03-15 14:00:48
6457,708,6,17,19,33.1,42.50,77.41,1010.46,2026-03-15 14:00:50
6458,709,7,19,21,33.2,42.48,77.41,1010.45,2026-03-15 14:00:52
6459,708,6,19,21,33.1,42.50,77.41,1010.42,2026-03-15 14:00:54
6460,705,7,19,21,33.1,42.41,77.41,1010.46,2026-03-15 14:00:56
6461,708,6,19,21,33.2,42.39,77.41,1010.46,2026-03-15 14:00:58
6462,709,6,19,21,33.2,42.39,77.41,1010.41,2026-03-15 14:01:00
6463,706,6,19,21,33.2,42.39,77.41,1010.45,2026-03-15 14:01:02
6464,705,6,18,21,33.2,42.39,77.41,1010.46,2026-03-15 14:01:04
6465,705,7,19,21,33.2,42.39,77.88,1010.45,2026-03-15 14:01:06
6466,706,6,19,21,33.2,42.39,77.88,1010.45,2026-03-15 14:01:08
6467,702,6,19,21,33.2,42.39,77.41,1010.43,2026-03-15 14:01:10
6468,700,5,18,20,33.2,42.39,77.88,1010.42,2026-03-15 14:01:12
6469,702,5,17,20,33.2,42.39,77.88,1010.40,2026-03-15 14:01:14
6470,698,6,18,21,33.2,42.39,78.34,1010.47,2026-03-15 14:01:16
6471,696,5,17,20,33.2,42.39,77.88,1010.47,2026-03-15 14:01:18
6472,699,5,17,19,33.2,42.39,77.88,1010.43,2026-03-15 14:01:20
6473,698,5,17,19,33.2,42.29,77.41,1010.44,2026-03-15 14:01:22
6474,699,5,17,19,33.2,42.19,77.41,1010.44,2026-03-15 14:01:24
6475,697,5,18,19,33.3,42.19,77.41,1010.43,2026-03-15 14:01:26
6476,698,7,19,21,33.3,42.10,77.41,1010.42,2026-03-15 14:01:28
6477,698,7,19,21,33.3,42.10,77.41,1010.40,2026-03-15 14:01:30
6478,700,7,19,22,33.3,41.91,77.41,1010.42,2026-03-15 14:01:32
6479,700,7,19,22,33.3,41.81,77.41,1010.41,2026-03-15 14:01:34
6480,700,7,19,23,33.3,41.81,77.41,1010.45,2026-03-15 14:01:36
6481,696,7,18,22,33.3,41.91,78.34,1010.43,2026-03-15 14:01:38
6482,695,7,18,22,33.3,42.00,77.88,1010.39,2026-03-15 14:01:40
6483,694,7,18,23,33.3,42.00,77.88,1010.41,2026-03-15 14:01:42
6484,693,6,18,23,33.3,42.10,78.34,1010.44,2026-03-15 14:01:44
6485,693,7,19,25,33.3,42.19,78.34,1010.43,2026-03-15 14:01:46
6486,694,7,19,26,33.3,42.29,77.88,1010.40,2026-03-15 14:01:48
6487,692,7,20,26,33.3,42.29,78.34,1010.40,2026-03-15 14:01:50
6488,691,7,20,26,33.3,42.29,77.88,1010.42,2026-03-15 14:01:52
6489,694,7,21,26,33.3,42.19,77.88,1010.44,2026-03-15 14:01:54
6490,695,7,21,27,33.3,42.00,77.88,1010.42,2026-03-15 14:01:56
6491,695,6,20,25,33.3,41.91,77.88,1010.41,2026-03-15 14:01:58
6492,695,6,20,26,33.4,42.00,77.88,1010.41,2026-03-15 14:02:00
6493,696,6,20,26,33.3,42.00,77.88,1010.37,2026-03-15 14:02:02
6494,695,7,21,26,33.3,42.10,77.88,1010.41,2026-03-15 14:02:04
6495,695,6,20,25,33.4,42.10,77.88,1010.39,2026-03-15 14:02:06
6496,693,6,20,25,33.4,42.00,77.88,1010.41,2026-03-15 14:02:08
6497,694,6,20,25,33.4,41.61,77.88,1010.39,2026-03-15 14:02:10
6498,690,6,20,25,33.4,41.33,77.88,1010.42,2026-03-15 14:02:12
6499,690,6,20,24,33.4,41.03,77.88,1010.41,2026-03-15 14:02:14
6500,686,7,21,25,33.4,40.84,78.34,1010.38,2026-03-15 14:02:16
6501,685,7,21,24,33.4,40.55,77.88,1010.39,2026-03-15 14:02:18
6502,684,7,21,23,33.4,40.45,77.88,1010.41,2026-03-15 14:02:20
6503,683,7,21,23,33.4,40.34,78.34,1010.40,2026-03-15 14:02:22
6504,679,6,20,22,33.4,40.24,78.34,1010.39,2026-03-15 14:02:24
6505,677,6,20,22,33.4,40.26,77.88,1010.37,2026-03-15 14:02:26
6506,671,7,21,23,33.4,40.07,77.88,1010.41,2026-03-15 14:02:28
6507,665,8,21,24,33.4,39.78,77.88,1010.36,2026-03-15 14:02:30
6508,662,8,21,25,33.4,39.59,78.34,1010.38,2026-03-15 14:02:32
6509,657,7,20,25,33.4,39.69,77.41,1010.46,2026-03-15 14:02:34
6510,656,7,20,25,33.4,40.07,77.88,1010.40,2026-03-15 14:02:36
6511,655,7,20,25,33.4,40.55,77.41,1010.39,2026-03-15 14:02:38
6512,652,9,21,27,33.4,40.75,77.41,1010.41,2026-03-15 14:02:40
6513,651,9,21,27,33.4,40.84,77.41,1010.41,2026-03-15 14:02:42
6514,649,9,21,27,33.4,41.03,77.41,1010.42,2026-03-15 14:02:44
6515,648,9,21,27,33.4,40.94,77.88,1010.36,2026-03-15 14:02:46
6516,648,9,21,26,33.4,40.72,77.41,1010.39,2026-03-15 14:02:48
6517,646,8,20,25,33.4,40.63,77.41,1010.43,2026-03-15 14:02:50
6518,647,7,19,23,33.4,40.34,76.95,1010.40,2026-03-15 14:02:52
6519,648,8,19,24,33.4,40.24,77.41,1010.43,2026-03-15 14:02:54
6520,645,8,19,23,33.4,40.34,76.95,1010.40,2026-03-15 14:02:56
6521,646,7,18,22,33.4,40.24,76.95,1010.41,2026-03-15 14:02:58
6522,645,7,18,21,33.5,39.95,76.95,1010.38,2026-03-15 14:03:00
6523,647,8,18,21,33.4,39.37,76.95,1010.43,2026-03-15 14:03:02
6524,648,9,19,22,33.5,38.89,76.95,1010.39,2026-03-15 14:03:04
6525,646,8,18,22,33.5,38.60,76.95,1010.39,2026-03-15 14:03:06
6526,645,8,18,22,33.5,38.60,77.41,1010.35,2026-03-15 14:03:08
6527,641,10,20,23,33.5,38.60,77.88,1010.40,2026-03-15 14:03:10
6528,640,10,20,23,33.5,38.60,77.41,1010.39,2026-03-15 14:03:12
6529,637,10,20,23,33.5,38.70,77.41,1010.34,2026-03-15 14:03:14
6530,634,9,19,22,33.5,38.79,76.95,1010.40,2026-03-15 14:03:16
6531,633,9,19,22,33.5,38.79,77.41,1010.40,2026-03-15 14:03:18
6532,631,9,19,22,33.5,38.79,77.41,1010.40,2026-03-15 14:03:20
6533,627,8,19,23,33.5,38.79,77.41,1010.41,2026-03-15 14:03:22
6534,627,9,20,24,33.5,38.79,77.41,1010.37,2026-03-15 14:03:24
6535,631,9,20,24,33.5,38.70,77.41,1010.38,2026-03-15 14:03:26
6536,626,9,19,24,33.5,38.60,77.41,1010.35,2026-03-15 14:03:28
6537,625,8,19,23,33.5,38.60,77.41,1010.39,2026-03-15 14:03:30
6538,623,8,19,22,33.5,38.51,77.41,1010.39,2026-03-15 14:03:32
6539,621,8,19,21,33.5,38.51,77.41,1010.36,2026-03-15 14:03:34
6540,618,8,18,21,33.5,38.51,77.41,1010.38,2026-03-15 14:03:36
6541,615,7,17,19,33.5,38.51,77.41,1010.39,2026-03-15 14:03:38
6542,612,8,18,21,33.5,38.51,77.41,1010.36,2026-03-15 14:03:40
6543,609,8,18,22,33.5,38.60,77.41,1010.33,2026-03-15 14:03:42
6544,610,7,17,21,33.5,38.60,77.41,1010.35,2026-03-15 14:03:44
6545,607,8,19,23,33.5,38.60,77.88,1010.35,2026-03-15 14:03:46
6546,606,8,19,24,33.5,38.60,76.95,1010.36,2026-03-15 14:03:48
6547,605,8,19,25,33.5,38.70,77.88,1010.36,2026-03-15 14:03:50
6548,606,7,18,23,33.6,39.37,77.41,1010.40,2026-03-15 14:03:52
6549,606,8,18,23,33.6,39.57,76.95,1010.38,2026-03-15 14:03:54
6550,606,8,18,23,33.6,39.37,76.95,1010.37,2026-03-15 14:03:56
6551,605,7,18,22,33.6,39.09,76.95,1010.36,2026-03-15 14:03:58
6552,607,7,18,22,33.6,38.70,76.95,1010.35,2026-03-15 14:04:00
6553,606,6,17,21,33.6,38.41,76.95,1010.36,2026-03-15 14:04:02
6554,605,6,17,21,33.6,38.21,77.41,1010.38,2026-03-15 14:04:04
6555,605,7,18,22,33.6,38.12,76.95,1010.36,2026-03-15 14:04:06
6556,603,7,18,22,33.6,37.93,76.95,1010.39,2026-03-15 14:04:08
6557,603,7,17,21,33.6,37.93,77.41,1010.36,2026-03-15 14:04:10
6558,603,7,18,21,33.6,37.93,76.95,1010.38,2026-03-15 14:04:12
6559,605,7,18,21,33.6,38.12,76.95,1010.40,2026-03-15 14:04:14
6560,603,8,19,22,33.6,38.02,76.95,1010.37,2026-03-15 14:04:16
6561,601,7,20,22,33.6,37.93,76.95,1010.35,2026-03-15 14:04:18
6562,604,7,20,22,33.6,37.83,76.95,1010.35,2026-03-15 14:04:20
6563,605,6,19,21,33.6,37.83,77.41,1010.37,2026-03-15 14:04:22
6564,603,6,19,21,33.6,38.12,77.41,1010.35,2026-03-15 14:04:24
6565,604,7,20,23,33.6,38.51,77.41,1010.32,2026-03-15 14:04:26
6566,603,6,18,22,33.6,38.99,77.41,1010.40,2026-03-15 14:04:28
6567,606,7,19,24,33.6,39.57,76.95,1010.32,2026-03-15 14:04:30
6568,605,7,19,25,33.7,40.24,76.95,1010.37,2026-03-15 14:04:32
6569,605,6,18,24,33.7,40.63,77.41,1010.35,2026-03-15 14:04:34
6570,612,7,18,24,33.6,41.02,76.95,1010.37,2026-03-15 14:04:36
6571,615,7,18,24,33.6,41.20,77.41,1010.35,2026-03-15 14:04:38
6572,614,8,20,25,33.6,41.30,77.88,1010.36,2026-03-15 14:04:40
6573,621,8,20,23,33.6,41.40,76.95,1010.36,2026-03-15 14:04:42
6574,628,8,20,23,33.6,41.50,76.95,1010.38,2026-03-15 14:04:44
6575,633,8,20,22,33.6,41.50,76.95,1010.35,2026-03-15 14:04:46
6576,631,7,19,21,33.6,41.60,76.49,1010.34,2026-03-15 14:04:48
6577,636,7,19,21,33.6,41.69,76.49,1010.32,2026-03-15 14:04:50
6578,642,8,20,22,33.6,41.69,76.49,1010.34,2026-03-15 14:04:52
6579,648,8,20,22,33.6,41.69,76.49,1010.32,2026-03-15 14:04:54
6580,651,7,20,22,33.6,41.69,76.49,1010.37,2026-03-15 14:04:56
6581,650,6,19,20,33.6,41.69,76.49,1010.37,2026-03-15 14:04:58
6582,657,6,19,20,33.6,41.60,76.49,1010.35,2026-03-15 14:05:00
6583,660,7,19,21,33.6,40.63,76.95,1010.35,2026-03-15 14:05:02
6584,664,6,18,20,33.6,39.86,76.95,1010.34,2026-03-15 14:05:04
6585,666,5,17,19,33.6,39.37,76.95,1010.33,2026-03-15 14:05:06
6586,662,6,18,20,33.6,38.99,76.95,1010.38,2026-03-15 14:05:08
6587,663,5,17,19,33.6,38.99,76.95,1010.34,2026-03-15 14:05:10
6588,661,5,17,19,33.6,38.89,76.95,1010.34,2026-03-15 14:05:12
6589,659,6,17,19,33.6,38.89,76.95,1010.33,2026-03-15 14:05:14
6590,656,6,17,20,33.6,38.99,76.95,1010.36,2026-03-15 14:05:16
6591,675,5,16,20,33.5,42.08,76.49,1010.39,2026-03-15 14:06:01
6592,681,5,15,20,33.6,42.18,76.95,1010.37,2026-03-15 14:06:03
6593,684,6,16,21,33.6,42.18,76.95,1010.39,2026-03-15 14:06:05
6594,685,5,15,20,33.6,42.18,76.95,1010.36,2026-03-15 14:06:07
6595,688,5,15,19,33.5,42.18,76.95,1010.36,2026-03-15 14:06:09
6596,685,5,15,19,33.5,42.18,76.95,1010.34,2026-03-15 14:06:11
6597,687,6,15,19,33.6,42.27,76.95,1010.40,2026-03-15 14:06:13
6598,690,6,15,19,33.6,42.08,76.95,1010.40,2026-03-15 14:06:15
6599,694,7,16,19,33.6,41.60,76.95,1010.38,2026-03-15 14:06:17
6600,696,7,16,19,33.6,40.82,76.95,1010.38,2026-03-15 14:06:19
6601,697,8,16,19,33.6,40.24,76.95,1010.38,2026-03-15 14:06:21
6602,697,7,16,19,33.6,40.15,77.88,1010.36,2026-03-15 14:06:23
6603,694,9,17,20,33.5,39.76,77.41,1010.37,2026-03-15 14:06:25
6604,691,9,18,21,33.6,39.37,76.95,1010.38,2026-03-15 14:06:27
6605,688,9,18,21,33.6,39.28,76.95,1010.38,2026-03-15 14:06:29
6606,686,9,18,22,33.6,39.28,76.95,1010.36,2026-03-15 14:06:31
6607,682,9,19,22,33.6,39.76,76.95,1010.37,2026-03-15 14:06:33
6608,678,10,20,24,33.6,40.24,76.95,1010.36,2026-03-15 14:06:35
6609,676,9,19,23,33.6,40.63,76.95,1010.36,2026-03-15 14:06:37
6610,673,9,19,23,33.6,41.02,77.41,1010.36,2026-03-15 14:06:39
6611,672,10,20,23,33.6,41.40,76.95,1010.38,2026-03-15 14:06:41
6612,668,9,20,23,33.6,41.60,76.95,1010.39,2026-03-15 14:06:43
6613,667,9,19,23,33.6,41.88,77.41,1010.41,2026-03-15 14:06:45
6614,668,8,19,23,33.6,41.88,76.95,1010.37,2026-03-15 14:06:47
6615,668,8,19,22,33.6,42.08,76.95,1010.38,2026-03-15 14:06:49
6616,673,8,18,22,33.6,42.08,76.95,1010.35,2026-03-15 14:06:51
6617,670,6,17,21,33.6,42.08,76.95,1010.35,2026-03-15 14:06:53
6618,674,7,18,22,33.6,42.08,76.95,1010.36,2026-03-15 14:06:55
6619,679,7,18,22,33.6,42.18,76.95,1010.34,2026-03-15 14:06:57
6620,680,6,17,20,33.6,42.27,76.95,1010.36,2026-03-15 14:06:59
6621,683,6,17,20,33.6,42.27,76.95,1010.35,2026-03-15 14:07:01
6622,685,6,17,20,33.6,42.27,76.95,1010.35,2026-03-15 14:07:03
6623,688,7,17,21,33.6,42.27,77.41,1010.36,2026-03-15 14:07:05
6624,689,7,17,21,33.6,42.18,77.41,1010.37,2026-03-15 14:07:07
6625,690,7,17,21,33.6,41.69,77.88,1010.36,2026-03-15 14:07:09
6626,691,6,16,21,33.6,41.40,77.88,1010.36,2026-03-15 14:07:11
6627,691,6,16,21,33.6,41.02,77.41,1010.38,2026-03-15 14:07:13
6628,692,6,16,21,33.6,40.82,77.41,1010.37,2026-03-15 14:07:15
6629,692,7,17,23,33.6,40.82,77.41,1010.41,2026-03-15 14:07:17
6630,691,6,15,22,33.6,41.11,77.41,1010.38,2026-03-15 14:07:19
6631,689,6,15,21,33.6,41.50,77.41,1010.32,2026-03-15 14:07:21
6632,690,6,15,21,33.6,41.78,77.41,1010.34,2026-03-15 14:07:23
6633,690,6,15,20,33.6,41.98,77.41,1010.34,2026-03-15 14:07:25
6634,690,6,15,20,33.6,42.18,77.41,1010.37,2026-03-15 14:07:27
6635,693,7,16,21,33.6,42.27,77.41,1010.40,2026-03-15 14:07:29
6636,691,7,16,21,33.6,42.27,77.41,1010.39,2026-03-15 14:07:31
6637,692,7,16,21,33.6,42.27,77.41,1010.37,2026-03-15 14:07:33
6638,694,6,16,20,33.6,42.08,77.41,1010.34,2026-03-15 14:07:35
6639,694,5,15,19,33.6,41.88,77.41,1010.37,2026-03-15 14:07:37
6640,696,5,15,19,33.6,41.30,77.41,1010.38,2026-03-15 14:07:39
6641,695,5,16,19,33.6,40.44,77.41,1010.34,2026-03-15 14:07:41
6642,694,7,17,21,33.6,40.34,77.41,1010.35,2026-03-15 14:07:43
6643,696,7,17,22,33.6,40.63,77.41,1010.35,2026-03-15 14:07:45
6644,693,6,17,23,33.6,41.02,77.41,1010.39,2026-03-15 14:07:47
6645,695,5,16,23,33.6,41.50,77.41,1010.37,2026-03-15 14:07:49
6646,692,5,16,23,33.6,41.78,77.41,1010.32,2026-03-15 14:07:51
6647,693,6,17,24,33.6,41.98,77.41,1010.34,2026-03-15 14:07:53
6648,693,6,18,23,33.6,42.18,77.41,1010.33,2026-03-15 14:07:55
6649,697,5,17,22,33.6,42.27,77.41,1010.35,2026-03-15 14:07:57
6650,696,6,18,23,33.6,42.27,77.41,1010.39,2026-03-15 14:07:59
6651,700,6,18,23,33.6,42.27,77.41,1010.34,2026-03-15 14:08:01
6652,703,6,18,23,33.6,42.27,77.41,1010.37,2026-03-15 14:08:03
6653,702,6,18,23,33.6,42.36,77.41,1010.36,2026-03-15 14:08:05
6654,704,6,18,23,33.6,42.36,77.41,1010.34,2026-03-15 14:08:07
6655,705,6,18,22,33.6,42.36,77.41,1010.38,2026-03-15 14:08:09
6656,706,5,17,21,33.6,42.36,77.41,1010.35,2026-03-15 14:08:11
6657,706,5,17,21,33.6,42.36,77.41,1010.33,2026-03-15 14:08:13
6658,708,6,18,22,33.6,42.36,77.41,1010.36,2026-03-15 14:08:15
6659,709,5,17,21,33.6,42.46,77.41,1010.37,2026-03-15 14:08:17
6660,710,6,17,23,33.6,42.46,77.41,1010.39,2026-03-15 14:08:19
6661,707,6,17,23,33.6,42.46,77.41,1010.33,2026-03-15 14:08:21
6662,711,5,16,23,33.6,42.46,77.41,1010.34,2026-03-15 14:08:23
6663,713,5,16,23,33.6,42.46,77.41,1010.35,2026-03-15 14:08:25
6664,713,5,17,24,33.6,42.46,77.41,1010.34,2026-03-15 14:08:27
6665,713,5,17,23,33.6,42.46,77.41,1010.34,2026-03-15 14:08:29
6666,717,6,18,24,33.6,42.46,77.41,1010.33,2026-03-15 14:08:31
6667,716,6,18,23,33.6,42.46,77.41,1010.33,2026-03-15 14:08:33
6668,716,5,18,22,33.5,42.56,77.41,1010.33,2026-03-15 14:08:35
6669,719,5,18,21,33.5,42.56,77.41,1010.34,2026-03-15 14:08:37
6670,719,6,19,22,33.5,42.56,77.41,1010.32,2026-03-15 14:08:39
6671,719,5,18,21,33.5,42.56,77.88,1010.32,2026-03-15 14:08:41
6672,722,6,19,21,33.5,42.56,77.88,1010.32,2026-03-15 14:08:43
6673,724,6,19,21,33.5,42.56,77.41,1010.35,2026-03-15 14:08:45
6674,724,5,18,20,33.5,42.56,77.41,1010.33,2026-03-15 14:08:47
6675,724,7,19,21,33.5,42.56,77.41,1010.31,2026-03-15 14:08:49
6676,730,7,19,21,33.5,42.66,77.88,1010.35,2026-03-15 14:08:51
6677,728,7,19,22,33.5,42.66,77.41,1010.35,2026-03-15 14:08:53
6678,727,7,19,23,33.5,42.66,77.41,1010.39,2026-03-15 14:08:55
6679,728,7,18,22,33.5,42.66,77.88,1010.35,2026-03-15 14:08:57
6680,732,8,19,24,33.5,42.75,77.88,1010.32,2026-03-15 14:08:59
6681,733,7,18,23,33.5,42.75,77.88,1010.34,2026-03-15 14:09:01
6682,731,7,18,23,33.5,42.66,77.88,1010.36,2026-03-15 14:09:03
6683,734,8,19,23,33.5,42.66,77.88,1010.37,2026-03-15 14:09:05
6684,736,7,18,22,33.5,42.66,77.88,1010.33,2026-03-15 14:09:07
6685,740,7,17,21,33.4,42.66,77.88,1010.36,2026-03-15 14:09:09
6686,741,7,17,20,33.5,42.75,78.34,1010.38,2026-03-15 14:09:11
6687,739,7,17,20,33.5,42.75,78.34,1010.36,2026-03-15 14:09:13
6688,739,7,17,20,33.5,42.75,77.88,1010.32,2026-03-15 14:09:15
6689,742,8,18,20,33.5,42.75,77.88,1010.36,2026-03-15 14:09:17
6690,742,8,18,20,33.5,42.75,77.88,1010.36,2026-03-15 14:09:19
6691,739,7,17,20,33.5,42.75,77.88,1010.37,2026-03-15 14:09:21
6692,736,7,17,20,33.5,42.75,77.88,1010.31,2026-03-15 14:09:23
6693,733,7,17,20,33.4,42.75,77.88,1010.34,2026-03-15 14:09:25
6694,730,7,17,20,33.4,42.77,77.88,1010.35,2026-03-15 14:09:27
6695,729,6,16,19,33.4,42.77,77.88,1010.34,2026-03-15 14:09:29
6696,730,6,16,18,33.4,42.77,77.88,1010.28,2026-03-15 14:09:31
6697,733,6,17,18,33.4,42.75,77.88,1010.34,2026-03-15 14:09:33
6698,733,7,18,19,33.4,42.75,77.41,1010.36,2026-03-15 14:09:35
6699,730,7,18,19,33.4,42.77,77.41,1010.30,2026-03-15 14:09:37
6700,729,5,17,17,33.4,42.66,77.41,1010.33,2026-03-15 14:09:39
6701,729,6,18,18,33.4,42.66,77.88,1010.33,2026-03-15 14:09:41
6702,729,5,17,17,33.4,42.66,77.88,1010.34,2026-03-15 14:09:43
6703,730,5,17,17,33.4,42.66,78.34,1010.32,2026-03-15 14:09:45
6704,731,6,18,19,33.4,42.68,77.88,1010.31,2026-03-15 14:09:47
6705,729,6,18,20,33.4,42.66,77.88,1010.35,2026-03-15 14:09:49
6706,728,6,18,21,33.4,42.68,77.88,1010.33,2026-03-15 14:09:51
6707,729,6,18,22,33.4,42.68,77.88,1010.32,2026-03-15 14:09:53
6708,730,6,18,23,33.4,42.68,78.34,1010.34,2026-03-15 14:09:59
6709,731,6,19,23,33.4,42.68,78.80,1010.33,2026-03-15 14:10:01
6710,728,6,19,23,33.4,42.68,78.80,1010.32,2026-03-15 14:10:03
6711,729,5,18,21,33.4,42.68,78.80,1010.33,2026-03-15 14:10:05
6712,730,5,18,21,33.4,42.39,78.80,1010.32,2026-03-15 14:10:07
6713,730,5,18,21,33.4,42.10,78.80,1010.35,2026-03-15 14:10:09
6714,729,6,18,22,33.4,41.91,78.80,1010.32,2026-03-15 14:10:11
6715,727,6,18,22,33.4,41.69,78.34,1010.33,2026-03-15 14:10:13
6716,725,5,17,21,33.4,41.60,78.34,1010.32,2026-03-15 14:10:15
6717,724,5,17,21,33.4,41.30,78.34,1010.32,2026-03-15 14:10:17
6718,720,5,17,21,33.4,41.02,78.34,1010.29,2026-03-15 14:10:19
6719,717,5,17,21,33.5,40.53,78.34,1010.34,2026-03-15 14:10:21
6720,716,5,17,22,33.5,40.34,77.88,1010.32,2026-03-15 14:10:23
6721,715,6,19,24,33.5,40.34,77.88,1010.29,2026-03-15 14:10:25
6722,713,7,19,24,33.5,40.44,78.34,1010.31,2026-03-15 14:10:27
6723,707,6,18,24,33.5,40.82,77.88,1010.33,2026-03-15 14:10:29
6724,701,7,19,25,33.5,41.20,77.88,1010.30,2026-03-15 14:10:31
6725,694,7,19,25,33.5,41.50,77.88,1010.32,2026-03-15 14:10:33
6726,691,6,18,23,33.5,41.69,78.34,1010.32,2026-03-15 14:10:35
6727,688,6,18,23,33.5,41.60,78.34,1010.34,2026-03-15 14:10:37
6728,686,7,19,24,33.5,41.30,77.88,1010.34,2026-03-15 14:10:39
6729,684,7,20,24,33.5,41.02,77.88,1010.35,2026-03-15 14:10:41
6730,683,7,20,24,33.5,40.72,77.88,1010.33,2026-03-15 14:10:43
6731,680,7,19,23,33.5,40.53,77.88,1010.32,2026-03-15 14:10:45
6732,678,7,20,24,33.5,40.44,77.41,1010.32,2026-03-15 14:10:47
6733,675,7,21,24,33.5,40.34,77.41,1010.32,2026-03-15 14:10:49
6734,669,7,20,24,33.5,40.34,77.41,1010.32,2026-03-15 14:10:52
6735,667,6,19,23,33.6,40.34,77.41,1010.33,2026-03-15 14:10:54
6736,666,6,19,24,33.5,40.34,77.88,1010.34,2026-03-15 14:10:56
6737,661,6,19,24,33.6,40.24,77.41,1010.35,2026-03-15 14:10:58
6738,661,6,18,24,33.6,40.34,77.41,1010.34,2026-03-15 14:11:00
6739,659,7,19,25,33.6,40.72,77.88,1010.32,2026-03-15 14:11:02
6740,654,7,18,24,33.6,41.02,77.88,1010.32,2026-03-15 14:11:04
6741,648,7,18,24,33.6,41.50,77.41,1010.37,2026-03-15 14:11:06
6742,651,5,17,23,33.6,41.69,77.41,1010.32,2026-03-15 14:11:08
6743,646,5,17,22,33.6,41.69,77.41,1010.32,2026-03-15 14:11:10
6744,651,6,18,23,33.6,42.08,77.41,1010.32,2026-03-15 14:11:12
6745,654,6,18,23,33.6,42.18,77.88,1010.30,2026-03-15 14:11:14
6746,654,6,18,23,33.6,42.27,77.88,1010.34,2026-03-15 14:11:16
6747,657,7,18,23,33.6,42.27,77.88,1010.35,2026-03-15 14:11:18
6748,658,7,18,23,33.6,42.18,77.88,1010.34,2026-03-15 14:11:20
6749,661,7,19,23,33.6,41.88,77.88,1010.32,2026-03-15 14:11:22
6750,663,7,19,23,33.6,41.50,78.34,1010.31,2026-03-15 14:11:24
6751,664,7,19,23,33.6,41.11,77.88,1010.36,2026-03-15 14:11:26
6752,666,8,19,24,33.6,40.82,77.88,1010.35,2026-03-15 14:11:28
6753,669,8,19,24,33.6,40.63,77.88,1010.38,2026-03-15 14:11:30
6754,669,8,20,24,33.6,40.53,78.34,1010.35,2026-03-15 14:11:32
6755,667,9,20,24,33.6,40.44,78.34,1010.34,2026-03-15 14:11:34
6756,668,8,19,23,33.6,40.34,78.34,1010.36,2026-03-15 14:11:36
6757,672,8,19,23,33.6,40.24,78.34,1010.34,2026-03-15 14:11:38
6758,665,9,18,23,33.6,40.24,78.34,1010.31,2026-03-15 14:11:40
6759,662,9,18,22,33.6,40.34,78.80,1010.34,2026-03-15 14:11:42
6760,658,9,19,23,33.5,41.20,78.80,1010.32,2026-03-15 14:11:44
6761,654,9,18,24,33.5,41.69,80.18,1010.33,2026-03-15 14:11:46
6762,654,7,17,23,33.5,41.98,79.26,1010.32,2026-03-15 14:11:48
6763,654,7,18,23,33.5,42.08,79.26,1010.30,2026-03-15 14:11:50
6764,660,7,18,23,33.5,41.20,79.26,1010.30,2026-03-15 14:11:52
6765,662,7,18,23,33.6,40.15,79.26,1010.33,2026-03-15 14:11:54
6766,661,6,17,21,33.5,39.18,79.26,1010.29,2026-03-15 14:11:56
6767,662,6,17,21,33.5,38.70,79.26,1010.29,2026-03-15 14:11:58
6768,660,6,17,21,33.5,39.37,79.72,1010.32,2026-03-15 14:12:00
6769,663,7,17,21,33.5,40.53,79.72,1010.31,2026-03-15 14:12:02
6770,664,8,17,22,33.5,40.92,79.72,1010.30,2026-03-15 14:12:04
6771,662,9,19,23,33.5,41.60,79.72,1010.33,2026-03-15 14:12:06
6772,664,9,19,23,33.4,41.88,79.72,1010.32,2026-03-15 14:12:08
6773,660,9,19,22,33.5,41.98,79.72,1010.33,2026-03-15 14:12:10
6774,663,8,19,22,33.5,41.69,79.72,1010.29,2026-03-15 14:12:12
6775,664,7,18,21,33.5,40.34,80.18,1010.31,2026-03-15 14:12:14
6776,666,7,18,21,33.5,39.28,80.18,1010.30,2026-03-15 14:12:16
6777,665,8,19,22,33.5,38.70,79.72,1010.29,2026-03-15 14:12:18
6778,668,9,19,23,33.5,38.31,80.18,1010.34,2026-03-15 14:12:20
6779,668,10,19,24,33.4,38.12,80.18,1010.30,2026-03-15 14:12:22
6780,667,10,20,25,33.5,38.41,79.72,1010.30,2026-03-15 14:12:24
6781,668,10,20,27,33.5,38.70,79.72,1010.28,2026-03-15 14:12:26
6782,669,10,21,27,33.5,38.79,79.72,1010.28,2026-03-15 14:12:28
6783,668,9,20,27,33.5,38.79,80.18,1010.32,2026-03-15 14:12:30
6784,667,10,22,29,33.5,39.18,79.72,1010.32,2026-03-15 14:12:32
6785,667,10,22,29,33.5,39.37,80.18,1010.34,2026-03-15 14:12:34
6786,664,10,23,29,33.5,39.95,79.26,1010.32,2026-03-15 14:12:36
6787,663,9,22,28,33.5,40.53,79.26,1010.31,2026-03-15 14:12:38
6788,662,8,22,28,33.5,41.11,79.26,1010.26,2026-03-15 14:12:40
6789,661,9,23,29,33.4,41.30,78.80,1010.32,2026-03-15 14:12:42
6790,663,9,22,28,33.5,41.50,78.80,1010.34,2026-03-15 14:12:44
6791,666,9,22,27,33.5,41.69,78.80,1010.32,2026-03-15 14:12:46
6792,667,7,21,26,33.5,41.11,78.80,1010.36,2026-03-15 14:12:48
6793,666,7,20,26,33.5,40.53,78.34,1010.32,2026-03-15 14:12:50
6794,667,7,20,25,33.5,40.15,78.80,1010.35,2026-03-15 14:12:52
6795,667,7,20,25,33.4,40.24,78.34,1010.35,2026-03-15 14:12:54
6796,667,7,20,24,33.5,40.63,78.34,1010.36,2026-03-15 14:12:56
6797,669,7,19,24,33.4,41.02,78.80,1010.35,2026-03-15 14:12:58
6798,669,7,19,24,33.4,41.52,78.80,1010.34,2026-03-15 14:13:00
6799,669,7,19,24,33.4,41.91,78.80,1010.34,2026-03-15 14:13:02
6800,668,7,19,25,33.4,42.10,78.80,1010.33,2026-03-15 14:13:04
6801,676,8,20,26,33.3,42.39,78.80,1010.35,2026-03-15 14:13:06
6802,677,8,20,25,33.3,42.48,79.26,1010.33,2026-03-15 14:13:08
6803,681,7,20,25,33.3,42.58,78.80,1010.31,2026-03-15 14:13:10
6804,683,6,19,24,33.3,42.68,78.80,1010.36,2026-03-15 14:13:12
6805,691,6,20,24,33.3,42.77,78.80,1010.32,2026-03-15 14:13:14
6806,695,6,20,23,33.3,42.87,78.80,1010.31,2026-03-15 14:13:16
6807,689,7,21,24,33.3,42.87,78.80,1010.34,2026-03-15 14:13:18
6808,691,7,21,23,33.3,42.97,79.26,1010.32,2026-03-15 14:13:20
6809,692,7,20,23,33.3,42.97,78.80,1010.31,2026-03-15 14:13:22
6810,696,6,19,21,33.2,43.06,78.80,1010.31,2026-03-15 14:13:24
6811,707,6,19,20,33.3,43.16,78.80,1010.31,2026-03-15 14:13:28
6812,710,7,20,21,33.3,43.06,79.26,1010.27,2026-03-15 14:13:30
6813,713,6,19,20,33.2,43.16,78.80,1010.30,2026-03-15 14:13:32
6814,717,6,18,19,33.2,43.16,78.80,1010.29,2026-03-15 14:13:34
6815,715,7,19,20,33.2,43.26,78.80,1010.30,2026-03-15 14:13:36
6816,714,6,18,19,33.2,43.26,78.80,1010.31,2026-03-15 14:13:38
6817,714,6,18,19,33.2,43.26,78.34,1010.33,2026-03-15 14:13:40
6818,714,8,19,20,33.2,43.35,78.34,1010.30,2026-03-15 14:13:42
6819,714,6,17,19,33.2,43.35,78.34,1010.35,2026-03-15 14:13:44
6820,718,6,17,19,33.2,43.16,78.34,1010.31,2026-03-15 14:13:46
6821,716,6,16,19,33.2,42.58,78.34,1010.32,2026-03-15 14:13:48
6822,716,6,16,18,33.2,42.00,78.34,1010.31,2026-03-15 14:13:50
6823,719,6,15,18,33.2,41.61,78.34,1010.35,2026-03-15 14:13:52
6824,714,7,16,19,33.2,41.33,78.34,1010.34,2026-03-15 14:13:54
6825,713,7,16,19,33.2,41.23,78.80,1010.33,2026-03-15 14:13:56
6826,711,7,16,20,33.2,41.13,78.34,1010.34,2026-03-15 14:13:58
6827,706,6,16,19,33.2,41.03,78.34,1010.31,2026-03-15 14:14:00
6828,704,7,16,20,33.2,40.94,78.34,1010.36,2026-03-15 14:14:02
6829,699,7,16,21,33.2,40.75,78.80,1010.32,2026-03-15 14:14:04
6830,694,8,18,22,33.2,40.65,78.80,1010.36,2026-03-15 14:14:06
6831,692,8,18,23,33.2,40.65,78.80,1010.31,2026-03-15 14:14:08
6832,687,8,18,23,33.2,40.94,79.26,1010.31,2026-03-15 14:14:10
6833,682,8,18,23,33.1,41.63,79.26,1010.34,2026-03-15 14:14:12
6834,683,8,18,23,33.1,42.31,78.80,1010.32,2026-03-15 14:14:14
6835,678,7,17,22,33.1,42.70,78.80,1010.34,2026-03-15 14:14:16
6836,673,8,18,22,33.1,42.99,78.34,1010.33,2026-03-15 14:14:18
6837,672,8,18,22,33.1,43.08,78.34,1010.35,2026-03-15 14:14:20
6838,671,8,18,21,33.2,42.97,77.88,1010.32,2026-03-15 14:14:22
6839,673,8,18,21,33.2,42.39,78.34,1010.33,2026-03-15 14:14:24
6840,669,7,18,20,33.2,42.10,78.34,1010.31,2026-03-15 14:14:26
6841,671,7,18,21,33.1,42.21,78.34,1010.35,2026-03-15 14:14:28
6842,672,8,19,22,33.1,42.70,78.34,1010.31,2026-03-15 14:14:30
6843,671,8,18,21,33.1,42.99,78.34,1010.33,2026-03-15 14:14:32
6844,675,8,18,21,33.1,43.18,78.80,1010.33,2026-03-15 14:14:34
6845,679,9,19,22,33.1,43.28,78.80,1010.34,2026-03-15 14:14:36
6846,682,8,18,20,33.0,43.37,78.80,1010.30,2026-03-15 14:14:38
6847,693,8,17,20,33.0,43.47,78.80,1010.33,2026-03-15 14:14:40
6848,695,8,17,21,33.0,43.57,78.34,1010.32,2026-03-15 14:14:42
6849,693,8,17,21,33.0,43.57,78.34,1010.33,2026-03-15 14:14:44
6850,694,7,17,21,33.0,43.57,78.34,1010.29,2026-03-15 14:14:46
6851,694,8,18,22,33.0,43.57,77.41,1010.29,2026-03-15 14:14:48
6852,699,7,18,21,33.0,43.66,77.41,1010.36,2026-03-15 14:14:50
6853,699,7,18,20,33.0,43.66,77.41,1010.32,2026-03-15 14:14:52
6854,699,7,17,20,33.0,43.66,77.41,1010.36,2026-03-15 14:14:54
6855,704,7,17,20,33.0,43.76,78.34,1010.32,2026-03-15 14:14:56
6856,701,7,18,20,33.0,43.76,78.34,1010.30,2026-03-15 14:14:58
6857,701,6,17,19,33.0,43.76,78.34,1010.35,2026-03-15 14:15:00
6858,704,7,18,20,32.9,43.76,78.34,1010.33,2026-03-15 14:15:02
6859,702,6,18,20,32.9,43.85,78.34,1010.31,2026-03-15 14:15:04
6860,706,5,17,19,32.9,43.88,78.80,1010.32,2026-03-15 14:15:06
6861,707,6,18,20,32.9,43.98,78.34,1010.31,2026-03-15 14:15:08
6862,702,6,18,20,32.8,43.98,78.34,1010.32,2026-03-15 14:15:10
6863,703,5,17,19,32.8,44.07,78.80,1010.30,2026-03-15 14:15:12
6864,708,5,17,19,32.8,44.07,78.34,1010.30,2026-03-15 14:15:14
6865,708,5,17,19,32.8,44.07,78.80,1010.29,2026-03-15 14:15:16
6866,707,6,18,20,32.8,44.17,78.34,1010.33,2026-03-15 14:15:18
6867,705,7,18,21,32.8,44.17,78.34,1010.29,2026-03-15 14:15:20
6868,706,7,18,20,32.8,44.17,78.34,1010.31,2026-03-15 14:15:22
6869,708,7,18,20,32.8,44.17,77.88,1010.31,2026-03-15 14:15:24
6870,707,6,17,19,32.8,44.17,77.88,1010.28,2026-03-15 14:15:26
6871,707,6,16,19,32.8,44.17,78.80,1010.28,2026-03-15 14:15:28
6872,711,7,17,19,32.8,44.17,78.34,1010.27,2026-03-15 14:15:30
6873,716,7,17,19,32.8,44.26,77.88,1010.29,2026-03-15 14:15:32
6874,717,7,17,20,32.7,44.26,77.88,1010.27,2026-03-15 14:15:34
6875,716,7,17,20,32.7,44.36,77.88,1010.30,2026-03-15 14:15:36
6876,716,7,17,20,32.7,44.36,78.34,1010.31,2026-03-15 14:15:38
6877,713,6,17,19,32.7,44.36,77.41,1010.28,2026-03-15 14:15:40
6878,714,7,18,21,32.7,44.36,77.41,1010.29,2026-03-15 14:15:42
6879,716,6,17,20,32.7,44.48,76.95,1010.26,2026-03-15 14:15:44
6880,716,6,17,20,32.6,44.48,76.49,1010.28,2026-03-15 14:15:46
6881,728,6,17,20,32.7,44.48,76.95,1010.26,2026-03-15 14:15:48
6882,727,6,17,20,32.6,44.48,76.49,1010.25,2026-03-15 14:15:50
6883,733,6,17,20,32.6,44.57,76.95,1010.27,2026-03-15 14:15:52
6884,730,7,18,21,32.6,44.57,76.95,1010.29,2026-03-15 14:15:54
6885,729,7,18,21,32.6,44.57,77.41,1010.27,2026-03-15 14:15:56
6886,723,7,18,21,32.6,44.57,76.95,1010.29,2026-03-15 14:15:58
6887,726,7,18,21,32.6,44.57,77.41,1010.26,2026-03-15 14:16:00
6888,733,7,18,22,32.6,44.57,77.41,1010.26,2026-03-15 14:16:02
6889,729,7,19,22,32.6,44.57,77.88,1010.27,2026-03-15 14:16:04
6890,731,7,18,21,32.6,44.57,78.34,1010.26,2026-03-15 14:16:06
6891,731,8,19,23,32.7,44.56,77.88,1010.28,2026-03-15 14:16:08
6892,733,8,19,23,32.7,44.56,77.88,1010.27,2026-03-15 14:16:10
6893,730,8,19,23,32.7,44.56,77.88,1010.27,2026-03-15 14:16:12
6894,726,8,19,23,32.7,44.57,78.34,1010.28,2026-03-15 14:16:14
6895,726,7,18,23,32.7,44.48,77.88,1010.28,2026-03-15 14:16:16
6896,731,8,19,24,32.6,44.57,77.88,1010.27,2026-03-15 14:16:18
6897,726,8,19,24,32.7,44.57,77.88,1010.27,2026-03-15 14:16:20
6898,733,8,18,24,32.6,44.57,77.88,1010.27,2026-03-15 14:16:22
6899,731,7,17,22,32.6,44.57,77.88,1010.26,2026-03-15 14:16:24
6900,728,7,17,22,32.6,44.67,77.41,1010.28,2026-03-15 14:16:26
6901,725,7,17,21,32.6,44.67,77.41,1010.26,2026-03-15 14:16:28
6902,727,7,16,21,32.6,44.67,77.88,1010.29,2026-03-15 14:16:30
6903,729,7,16,20,32.6,44.67,76.95,1010.28,2026-03-15 14:16:32
6904,727,7,16,20,32.6,44.67,76.95,1010.29,2026-03-15 14:16:34
6905,726,8,17,21,32.6,44.67,77.41,1010.29,2026-03-15 14:16:36
6906,726,8,17,21,32.6,44.77,76.95,1010.27,2026-03-15 14:16:38
6907,729,6,16,20,32.6,44.77,77.41,1010.25,2026-03-15 14:16:40
6908,727,7,17,21,32.7,44.67,77.41,1010.30,2026-03-15 14:16:42
6909,733,7,17,21,32.7,44.65,77.41,1010.26,2026-03-15 14:16:44
6910,731,7,17,21,32.7,44.65,77.88,1010.29,2026-03-15 14:16:46
6911,733,6,16,21,32.7,44.65,77.88,1010.26,2026-03-15 14:16:48
6912,733,6,16,21,32.7,44.65,77.41,1010.26,2026-03-15 14:16:50
6913,731,6,16,21,32.7,44.65,77.41,1010.29,2026-03-15 14:16:52
6914,729,6,16,21,32.7,44.65,77.41,1010.22,2026-03-15 14:16:54
6915,727,5,16,20,32.7,44.65,77.41,1010.25,2026-03-15 14:16:56
6916,726,5,16,21,32.7,44.65,77.88,1010.27,2026-03-15 14:16:58
6917,728,5,17,21,32.6,44.77,77.41,1010.25,2026-03-15 14:17:00
6918,730,6,17,21,32.7,44.75,77.41,1010.24,2026-03-15 14:17:02
6919,727,5,16,19,32.7,44.75,77.41,1010.21,2026-03-15 14:17:04
6920,727,5,17,19,32.7,44.75,77.41,1010.21,2026-03-15 14:17:06
6921,731,6,17,19,32.7,44.75,77.41,1010.24,2026-03-15 14:17:08
6922,728,6,17,19,32.7,44.75,77.41,1010.27,2026-03-15 14:17:10
6923,727,8,18,20,32.7,44.65,77.41,1010.23,2026-03-15 14:17:12
6924,731,8,18,20,32.7,44.65,77.41,1010.26,2026-03-15 14:17:14
6925,731,8,18,20,32.7,44.65,77.41,1010.23,2026-03-15 14:17:16
6926,729,8,18,20,32.7,44.65,77.41,1010.20,2026-03-15 14:17:18
6927,729,8,18,20,32.7,44.46,77.88,1010.25,2026-03-15 14:17:20
6928,727,8,18,19,32.8,44.36,77.88,1010.27,2026-03-15 14:17:22
6929,727,7,17,18,32.7,44.07,77.41,1010.28,2026-03-15 14:17:24
6930,723,7,17,18,32.8,44.07,77.41,1010.21,2026-03-15 14:17:26
6931,721,7,17,18,32.7,44.26,77.41,1010.27,2026-03-15 14:17:28
6932,722,7,17,19,32.7,44.46,77.41,1010.21,2026-03-15 14:17:30
6933,721,8,18,20,32.7,44.56,77.41,1010.22,2026-03-15 14:17:32
6934,726,8,18,21,32.7,44.65,77.41,1010.21,2026-03-15 14:17:34
6935,727,8,18,21,32.7,44.75,77.41,1010.21,2026-03-15 14:17:36
6936,725,7,18,21,32.7,44.75,77.41,1010.25,2026-03-15 14:17:38
6937,727,7,18,22,32.7,44.75,77.41,1010.21,2026-03-15 14:17:40
6938,729,7,19,22,32.7,44.75,77.41,1010.22,2026-03-15 14:17:42
6939,725,7,19,21,32.7,44.75,76.95,1010.23,2026-03-15 14:17:44
6940,718,7,19,21,32.7,44.75,76.95,1010.25,2026-03-15 14:17:46
6941,713,7,19,21,32.7,44.75,76.95,1010.22,2026-03-15 14:17:48
6942,717,6,18,20,32.7,44.75,76.95,1010.22,2026-03-15 14:17:50
6943,718,7,18,20,32.7,44.75,77.41,1010.22,2026-03-15 14:17:52
6944,718,7,18,20,32.7,44.75,76.95,1010.21,2026-03-15 14:17:54
6945,724,7,18,20,32.7,44.75,76.49,1010.20,2026-03-15 14:17:56
6946,727,8,19,22,32.7,44.84,76.49,1010.19,2026-03-15 14:17:58
6947,734,8,19,22,32.7,44.84,76.95,1010.21,2026-03-15 14:18:00
6948,734,8,19,23,32.7,44.87,76.95,1010.21,2026-03-15 14:18:02
6949,732,8,19,23,32.7,44.84,76.95,1010.19,2026-03-15 14:18:04
6950,729,8,20,24,32.7,44.94,76.95,1010.19,2026-03-15 14:18:06
6951,729,8,20,24,32.7,44.96,76.49,1010.24,2026-03-15 14:18:08
6952,727,8,20,25,32.7,44.94,76.49,1010.21,2026-03-15 14:18:10
6953,731,7,19,24,32.7,44.94,76.49,1010.20,2026-03-15 14:18:12
6954,729,7,19,23,32.7,44.94,76.95,1010.22,2026-03-15 14:18:14
6955,728,6,18,23,32.7,44.94,76.49,1010.21,2026-03-15 14:18:16
6956,731,6,18,22,32.7,44.94,76.49,1010.22,2026-03-15 14:18:18
6957,731,6,18,22,32.7,44.94,76.95,1010.23,2026-03-15 14:18:20
6958,732,6,18,21,32.7,44.94,76.49,1010.18,2026-03-15 14:18:22
6959,728,6,19,22,32.7,44.94,76.49,1010.20,2026-03-15 14:18:24
6960,727,6,18,22,32.7,44.84,76.49,1010.20,2026-03-15 14:18:26
6961,723,6,18,22,32.7,44.94,77.41,1010.20,2026-03-15 14:18:28
6962,722,6,18,22,32.7,44.94,76.95,1010.16,2026-03-15 14:18:30
6963,721,5,17,21,32.7,44.94,76.95,1010.17,2026-03-15 14:18:32
6964,722,5,17,21,32.7,44.94,76.95,1010.18,2026-03-15 14:18:34
6965,725,5,17,21,32.7,44.94,76.95,1010.18,2026-03-15 14:18:36
6966,729,6,17,21,32.7,45.04,76.95,1010.20,2026-03-15 14:18:38
6967,730,7,19,22,32.7,44.94,77.41,1010.20,2026-03-15 14:18:40
6968,729,7,19,22,32.7,45.04,77.41,1010.17,2026-03-15 14:18:42
6969,732,7,19,22,32.7,45.04,77.41,1010.15,2026-03-15 14:18:44
6970,728,7,19,22,32.7,45.04,77.41,1010.16,2026-03-15 14:18:46
6971,726,6,17,21,32.7,44.84,77.88,1010.22,2026-03-15 14:18:48
6972,725,5,17,21,32.8,44.56,77.41,1010.20,2026-03-15 14:18:50
6973,726,5,17,21,32.8,44.46,77.88,1010.19,2026-03-15 14:18:52
6974,723,6,18,22,32.8,44.46,77.88,1010.17,2026-03-15 14:18:54
6975,721,6,17,21,32.8,44.46,77.88,1010.16,2026-03-15 14:18:56
6976,722,6,16,20,32.7,44.56,77.88,1010.17,2026-03-15 14:18:58
6977,714,7,17,21,32.8,44.65,77.88,1010.19,2026-03-15 14:19:00
6978,709,7,17,21,32.8,44.75,77.88,1010.17,2026-03-15 14:19:02
6979,710,6,16,19,32.7,44.75,77.88,1010.19,2026-03-15 14:19:04
6980,712,7,17,20,32.7,44.84,77.88,1010.17,2026-03-15 14:19:06
6981,706,8,18,20,32.8,44.84,77.88,1010.18,2026-03-15 14:19:08
6982,707,8,18,19,32.8,44.84,77.88,1010.18,2026-03-15 14:19:10
6983,710,7,17,18,32.8,44.75,77.88,1010.19,2026-03-15 14:19:12
6984,712,7,17,18,32.8,44.56,77.88,1010.19,2026-03-15 14:19:14
6985,710,7,17,19,32.8,44.36,77.88,1010.16,2026-03-15 14:19:16
6986,709,8,18,20,32.8,44.07,77.88,1010.25,2026-03-15 14:19:18
6987,710,7,18,21,32.8,43.88,77.88,1010.17,2026-03-15 14:19:20
6988,709,7,19,21,32.8,43.68,77.88,1010.17,2026-03-15 14:19:22
6989,710,7,19,22,32.8,43.40,77.88,1010.21,2026-03-15 14:19:24
6990,705,7,20,22,32.9,43.10,77.88,1010.17,2026-03-15 14:19:26
6991,705,6,19,22,32.9,42.82,78.34,1010.18,2026-03-15 14:19:28
6992,703,8,21,23,32.9,42.82,78.34,1010.17,2026-03-15 14:19:30
6993,698,7,22,24,32.9,42.82,77.88,1010.18,2026-03-15 14:19:32
6994,693,7,22,24,32.9,42.82,77.88,1010.18,2026-03-15 14:19:34
6995,687,7,21,24,32.9,42.82,77.88,1010.16,2026-03-15 14:19:36
6996,686,7,21,24,32.9,42.91,77.88,1010.16,2026-03-15 14:19:38
6997,688,7,21,25,32.9,42.91,78.34,1010.18,2026-03-15 14:19:40
6998,685,7,22,25,32.9,42.89,77.88,1010.15,2026-03-15 14:19:42
6999,681,7,21,25,32.9,42.99,77.88,1010.18,2026-03-15 14:19:44
7000,679,8,22,27,32.9,43.18,77.88,1010.18,2026-03-15 14:19:46
7001,674,7,21,25,32.9,43.28,77.88,1010.18,2026-03-15 14:19:48
7002,674,7,21,25,32.9,43.18,77.88,1010.18,2026-03-15 14:19:50
7003,673,8,22,26,32.9,42.89,77.88,1010.18,2026-03-15 14:19:52
7004,673,8,22,26,32.9,42.79,77.88,1010.18,2026-03-15 14:19:54
7005,670,8,22,27,32.9,42.70,77.88,1010.18,2026-03-15 14:19:56
7006,668,7,21,26,33.0,42.60,77.88,1010.13,2026-03-15 14:19:58
7007,664,7,21,26,33.0,42.60,77.41,1010.19,2026-03-15 14:20:00
7008,662,7,21,26,33.0,42.79,77.41,1010.17,2026-03-15 14:20:02
7009,660,8,22,26,33.0,42.89,77.41,1010.22,2026-03-15 14:20:04
7010,657,8,22,26,33.0,42.89,77.41,1010.20,2026-03-15 14:20:06
7011,654,8,22,25,33.0,42.99,77.88,1010.21,2026-03-15 14:20:08
7012,653,7,21,24,33.0,43.18,77.88,1010.20,2026-03-15 14:20:10
7013,654,8,22,24,33.0,43.57,77.41,1010.22,2026-03-15 14:20:12
7014,648,8,22,24,33.0,43.76,77.41,1010.20,2026-03-15 14:20:14
7015,650,7,21,23,33.0,43.85,77.41,1010.19,2026-03-15 14:20:16
7016,652,8,22,24,33.0,43.95,77.41,1010.21,2026-03-15 14:20:18
7017,651,8,22,25,33.0,43.76,76.95,1010.20,2026-03-15 14:20:20
7018,651,7,21,25,33.0,43.47,76.95,1010.17,2026-03-15 14:20:22
7019,654,8,21,25,33.0,43.28,76.95,1010.20,2026-03-15 14:20:24
7020,656,8,22,26,33.0,43.08,76.95,1010.17,2026-03-15 14:20:26
7021,653,10,23,27,33.1,42.99,76.95,1010.21,2026-03-15 14:20:28
7022,654,9,21,26,33.1,43.08,76.49,1010.16,2026-03-15 14:20:30
7023,654,9,21,26,33.0,43.47,76.95,1010.19,2026-03-15 14:20:32
7024,644,10,22,27,33.0,43.85,76.95,1010.19,2026-03-15 14:20:34
7025,648,9,21,26,33.0,44.05,77.41,1010.18,2026-03-15 14:20:36
7026,655,9,21,25,33.0,44.24,77.41,1010.16,2026-03-15 14:20:38
7027,656,8,19,24,33.0,44.34,77.41,1010.17,2026-03-15 14:20:40
7028,659,9,20,24,33.0,44.24,77.41,1010.22,2026-03-15 14:20:42
7029,662,9,20,23,33.0,43.66,77.88,1010.21,2026-03-15 14:20:44
7030,661,8,19,22,33.0,43.28,77.88,1010.16,2026-03-15 14:20:46
7031,663,9,21,23,33.0,42.99,77.41,1010.18,2026-03-15 14:20:48
7032,661,9,21,23,33.0,42.79,77.41,1010.16,2026-03-15 14:20:50
7033,658,10,22,23,33.0,42.50,77.41,1010.17,2026-03-15 14:20:52
7034,657,10,22,23,33.0,42.41,77.88,1010.22,2026-03-15 14:20:54
7035,657,8,21,22,33.0,42.41,77.41,1010.19,2026-03-15 14:20:56
7036,659,9,22,23,33.0,42.41,78.34,1010.16,2026-03-15 14:20:58
7037,659,9,22,24,33.0,42.31,77.88,1010.20,2026-03-15 14:21:00
7038,657,9,21,24,33.0,42.31,77.41,1010.16,2026-03-15 14:21:02
7039,655,9,21,24,33.0,42.21,77.41,1010.14,2026-03-15 14:21:04
7040,654,7,20,22,33.0,42.12,77.41,1010.15,2026-03-15 14:21:06
7041,653,7,19,22,33.0,42.02,77.41,1010.15,2026-03-15 14:21:08
7042,653,7,19,22,33.0,42.02,77.41,1010.19,2026-03-15 14:21:10
7043,651,8,20,23,33.1,42.12,77.88,1010.17,2026-03-15 14:21:12
7044,650,8,20,23,33.1,42.12,77.41,1010.20,2026-03-15 14:21:14
7045,650,7,19,22,33.1,42.12,77.41,1010.19,2026-03-15 14:21:16
7046,650,8,20,23,33.1,42.21,77.41,1010.17,2026-03-15 14:21:18
7047,650,8,21,23,33.1,42.12,77.41,1010.18,2026-03-15 14:21:20
7048,650,8,21,23,33.1,42.21,77.41,1010.16,2026-03-15 14:21:22
7049,651,7,20,23,33.1,42.21,77.41,1010.16,2026-03-15 14:21:24
7050,648,7,20,23,33.1,42.21,77.41,1010.16,2026-03-15 14:21:26
7051,647,8,20,24,33.1,42.21,77.88,1010.19,2026-03-15 14:21:28
7052,645,8,20,24,33.1,42.12,77.41,1010.18,2026-03-15 14:21:30
7053,647,9,20,24,33.1,42.02,77.41,1010.19,2026-03-15 14:21:32
7054,647,8,19,24,33.1,42.02,77.41,1010.19,2026-03-15 14:21:34
7055,645,8,19,24,33.1,41.93,77.88,1010.17,2026-03-15 14:21:36
7056,641,9,20,25,33.1,41.93,77.41,1010.18,2026-03-15 14:21:38
7057,640,9,20,26,33.1,41.93,77.88,1010.16,2026-03-15 14:21:40
7058,637,7,19,25,33.1,41.83,77.88,1010.16,2026-03-15 14:21:42
7059,637,7,19,25,33.1,41.83,77.88,1010.18,2026-03-15 14:21:44
7060,634,7,19,25,33.1,41.83,77.88,1010.17,2026-03-15 14:21:46
7061,632,8,20,26,33.1,41.83,77.41,1010.17,2026-03-15 14:21:48
7062,629,8,19,27,33.1,41.83,77.41,1010.16,2026-03-15 14:21:50
7063,631,8,19,27,33.1,41.83,77.41,1010.13,2026-03-15 14:21:52
7064,633,8,19,27,33.1,41.83,77.41,1010.16,2026-03-15 14:21:54
7065,631,9,19,26,33.2,41.81,77.41,1010.20,2026-03-15 14:21:56
7066,630,8,19,26,33.2,41.81,77.41,1010.17,2026-03-15 14:21:58
7067,631,7,18,25,33.2,42.00,77.41,1010.17,2026-03-15 14:22:00
7068,630,8,19,26,33.2,41.91,77.41,1010.17,2026-03-15 14:22:02
7069,629,9,20,27,33.2,41.91,77.41,1010.20,2026-03-15 14:22:04
7070,628,9,20,27,33.2,42.00,77.41,1010.18,2026-03-15 14:22:06
7071,626,9,20,27,33.2,42.29,77.41,1010.19,2026-03-15 14:22:08
7072,624,7,19,26,33.2,42.39,77.41,1010.19,2026-03-15 14:22:10
7073,626,7,19,26,33.2,42.48,77.41,1010.17,2026-03-15 14:22:12
7074,627,7,19,26,33.2,42.48,77.41,1010.18,2026-03-15 14:22:14
7075,629,8,20,26,33.2,42.48,77.88,1010.19,2026-03-15 14:22:16
7076,630,8,20,26,33.2,42.68,77.41,1010.22,2026-03-15 14:22:18
7077,632,7,19,24,33.2,42.97,77.41,1010.17,2026-03-15 14:22:20
7078,633,7,19,23,33.2,43.16,77.41,1010.19,2026-03-15 14:22:22
7079,638,8,20,23,33.1,43.47,77.41,1010.24,2026-03-15 14:22:24
7080,644,8,20,22,33.1,43.66,77.41,1010.22,2026-03-15 14:22:26
7081,649,7,20,22,33.1,43.85,77.41,1010.17,2026-03-15 14:22:28
7082,651,6,18,20,33.1,43.85,77.41,1010.22,2026-03-15 14:22:30
7083,654,6,18,20,33.1,43.95,77.41,1010.22,2026-03-15 14:22:32
7084,654,7,19,20,33.1,44.05,77.41,1010.22,2026-03-15 14:22:34
7085,653,6,19,20,33.1,44.05,77.41,1010.20,2026-03-15 14:22:36
7086,655,6,19,21,33.1,44.05,77.41,1010.20,2026-03-15 14:22:38
7087,658,6,19,22,33.1,44.15,77.41,1010.22,2026-03-15 14:22:40
7088,656,6,19,22,33.1,44.15,77.41,1010.17,2026-03-15 14:22:42
7089,659,6,20,22,33.1,44.15,77.88,1010.17,2026-03-15 14:22:44
7090,661,6,20,23,33.0,44.24,77.41,1010.15,2026-03-15 14:22:46
7091,659,5,19,22,33.1,44.24,77.88,1010.17,2026-03-15 14:22:48
7092,660,5,19,22,33.1,44.24,77.88,1010.19,2026-03-15 14:22:50
7093,662,6,19,23,33.0,44.24,77.88,1010.20,2026-03-15 14:22:52
7094,670,6,19,23,33.0,44.24,77.88,1010.19,2026-03-15 14:22:54
7095,671,5,18,21,33.1,44.24,77.88,1010.19,2026-03-15 14:22:56
7096,670,6,19,22,33.1,44.05,77.88,1010.19,2026-03-15 14:22:58
7097,672,7,19,22,33.1,44.05,77.88,1010.18,2026-03-15 14:23:00
7098,673,6,18,21,33.1,43.66,77.88,1010.25,2026-03-15 14:23:02
7099,677,8,20,22,33.1,43.37,77.88,1010.21,2026-03-15 14:23:04
7100,678,8,20,22,33.1,43.18,77.88,1010.16,2026-03-15 14:23:06
7101,682,8,20,23,33.1,42.79,77.88,1010.21,2026-03-15 14:23:08
7102,683,8,20,24,33.1,42.41,77.88,1010.17,2026-03-15 14:23:10
7103,678,8,20,24,33.1,42.12,77.88,1010.16,2026-03-15 14:23:12
7104,673,8,20,24,33.1,41.93,77.88,1010.16,2026-03-15 14:23:14
7105,674,7,20,24,33.1,41.83,77.88,1010.16,2026-03-15 14:23:16
7106,671,7,20,24,33.1,41.93,77.41,1010.17,2026-03-15 14:23:18
7107,667,7,20,24,33.0,42.70,77.41,1010.15,2026-03-15 14:23:20
7108,670,8,20,24,33.0,43.47,76.95,1010.18,2026-03-15 14:23:22
7109,667,8,20,24,33.1,43.76,76.95,1010.17,2026-03-15 14:23:24
7110,662,8,20,24,33.0,44.05,76.49,1010.19,2026-03-15 14:23:26
7111,661,7,20,23,33.0,44.15,76.49,1010.15,2026-03-15 14:23:28
7112,654,7,20,23,33.0,44.24,76.49,1010.16,2026-03-15 14:23:30
7113,664,7,19,22,33.0,44.24,76.95,1010.18,2026-03-15 14:23:32
7114,661,6,19,22,33.1,44.24,76.49,1010.20,2026-03-15 14:23:34
7115,662,6,19,21,33.1,44.15,76.49,1010.13,2026-03-15 14:23:36
7116,664,6,18,20,33.1,43.57,76.49,1010.19,2026-03-15 14:23:38
7117,666,7,19,20,33.1,43.28,76.49,1010.20,2026-03-15 14:23:40
7118,666,7,19,20,33.0,43.57,76.49,1010.18,2026-03-15 14:23:42
7119,666,6,18,19,33.0,43.85,76.49,1010.19,2026-03-15 14:23:44
7120,668,7,18,19,33.1,43.95,76.49,1010.18,2026-03-15 14:23:46
7121,668,8,18,19,33.1,44.15,76.49,1010.20,2026-03-15 14:23:48
7122,671,8,18,19,33.1,44.24,76.49,1010.19,2026-03-15 14:23:50
7123,673,8,18,19,33.1,44.24,76.49,1010.19,2026-03-15 14:23:52
7124,677,8,18,19,33.1,44.05,76.03,1010.21,2026-03-15 14:23:54
7125,678,7,16,19,33.1,44.05,76.95,1010.18,2026-03-15 14:23:56
7126,677,8,18,21,33.0,44.15,76.49,1010.22,2026-03-15 14:23:58
7127,688,8,18,21,33.0,44.34,76.03,1010.17,2026-03-15 14:24:00
7128,683,8,18,22,33.0,44.43,76.03,1010.21,2026-03-15 14:24:02
7129,686,8,18,22,33.0,44.53,76.49,1010.20,2026-03-15 14:24:04
7130,685,8,18,21,33.0,44.53,76.49,1010.21,2026-03-15 14:24:06
7131,687,8,18,21,33.0,44.53,76.49,1010.19,2026-03-15 14:24:08
7132,691,7,17,20,33.0,44.53,76.49,1010.22,2026-03-15 14:24:10
7133,691,6,17,20,33.0,44.53,76.49,1010.24,2026-03-15 14:24:12
7134,694,6,17,20,33.0,44.53,76.49,1010.19,2026-03-15 14:24:14
7135,698,7,17,21,33.0,44.43,76.49,1010.19,2026-03-15 14:24:16
7136,697,7,17,21,33.0,44.24,76.49,1010.23,2026-03-15 14:24:18
7137,699,6,16,19,33.0,44.34,76.49,1010.25,2026-03-15 14:24:20
7138,701,6,15,19,33.0,44.43,76.49,1010.19,2026-03-15 14:24:22
7139,703,6,16,19,32.9,44.53,76.49,1010.22,2026-03-15 14:24:24
7140,708,7,16,19,32.9,44.63,76.95,1010.20,2026-03-15 14:24:26
7141,706,7,16,19,32.9,44.63,76.95,1010.24,2026-03-15 14:24:28
7142,705,8,17,20,33.0,44.73,77.41,1010.21,2026-03-15 14:24:30
7143,702,7,18,20,32.9,44.73,76.49,1010.18,2026-03-15 14:24:32
7144,704,7,18,20,32.9,44.73,76.49,1010.20,2026-03-15 14:24:34
7145,703,7,18,21,32.9,44.73,76.95,1010.19,2026-03-15 14:24:36
7146,714,7,19,21,32.9,44.73,76.95,1010.21,2026-03-15 14:24:38
7147,710,7,19,21,33.0,44.73,76.95,1010.17,2026-03-15 14:24:40
7148,708,7,19,21,33.0,44.73,76.95,1010.20,2026-03-15 14:24:42
7149,715,7,19,21,32.9,44.73,76.95,1010.19,2026-03-15 14:24:44
7150,714,6,17,20,32.9,44.73,77.41,1010.19,2026-03-15 14:24:46
7151,715,6,17,20,32.9,44.73,76.95,1010.22,2026-03-15 14:24:48
7152,718,6,17,20,32.9,44.75,76.95,1010.19,2026-03-15 14:24:50
7153,719,7,18,21,32.9,44.75,76.95,1010.19,2026-03-15 14:24:52
7154,724,6,18,21,32.9,44.75,76.95,1010.21,2026-03-15 14:24:54
7155,722,6,17,21,32.9,44.75,76.49,1010.17,2026-03-15 14:24:56
7156,723,6,17,20,32.9,44.75,76.95,1010.22,2026-03-15 14:24:58
7157,724,6,17,20,32.9,44.75,76.49,1010.19,2026-03-15 14:25:00
7158,725,6,17,20,32.9,44.73,76.03,1010.20,2026-03-15 14:25:02
7159,724,5,17,19,32.9,44.73,76.03,1010.20,2026-03-15 14:25:04
7160,721,5,17,19,32.9,44.15,76.03,1010.19,2026-03-15 14:25:06
7161,720,6,18,20,32.9,43.76,76.03,1010.17,2026-03-15 14:25:08
7162,689,8,20,26,33.0,42.70,75.57,1010.18,2026-03-15 14:25:35
7163,685,6,19,25,33.0,42.70,75.57,1010.16,2026-03-15 14:25:37
7164,682,6,18,25,33.0,42.70,75.57,1010.20,2026-03-15 14:25:39
7165,681,6,18,25,33.0,42.60,75.11,1010.19,2026-03-15 14:25:41
7166,678,6,18,24,33.0,42.60,75.57,1010.20,2026-03-15 14:25:43
7167,674,6,18,23,33.0,42.60,76.03,1010.14,2026-03-15 14:25:45
7168,672,7,19,23,33.0,42.60,75.57,1010.13,2026-03-15 14:25:47
7169,668,7,19,22,33.0,42.89,75.57,1010.19,2026-03-15 14:25:49
7170,665,7,19,22,33.0,42.99,76.49,1010.15,2026-03-15 14:25:51
7171,662,7,19,21,33.1,42.89,76.95,1010.16,2026-03-15 14:25:53
7172,659,7,19,22,33.1,42.70,76.03,1010.18,2026-03-15 14:25:55
7173,655,7,19,22,33.1,42.70,76.03,1010.15,2026-03-15 14:25:57
7174,654,6,17,21,33.1,42.60,76.03,1010.13,2026-03-15 14:25:59
7175,654,7,18,22,33.0,42.60,76.49,1010.16,2026-03-15 14:26:01
7176,653,7,18,23,33.0,42.60,76.03,1010.19,2026-03-15 14:26:03
7177,653,7,18,23,33.0,42.70,76.03,1010.20,2026-03-15 14:26:05
7178,653,6,17,22,33.0,42.89,76.03,1010.20,2026-03-15 14:26:07
7179,647,6,17,22,33.0,43.28,75.57,1010.20,2026-03-15 14:26:09
7180,644,6,17,22,33.0,43.57,76.03,1010.19,2026-03-15 14:26:11
7181,647,6,17,22,33.0,43.76,76.03,1010.20,2026-03-15 14:26:13
7182,650,6,17,22,33.0,43.85,76.03,1010.20,2026-03-15 14:26:15
7183,648,7,17,23,33.0,43.95,76.03,1010.22,2026-03-15 14:26:17
7184,648,7,17,23,33.0,44.05,76.49,1010.21,2026-03-15 14:26:19
7185,650,7,17,23,33.0,44.05,76.49,1010.20,2026-03-15 14:26:21
7186,651,7,17,23,33.0,44.15,76.95,1010.19,2026-03-15 14:26:23
7187,654,6,16,21,33.0,44.15,76.49,1010.19,2026-03-15 14:26:25
7188,660,6,16,21,33.0,44.15,76.49,1010.18,2026-03-15 14:26:27
7189,668,6,16,21,33.0,44.24,76.49,1010.20,2026-03-15 14:26:29
7190,671,6,16,21,33.0,44.24,76.49,1010.19,2026-03-15 14:26:31
7191,676,8,18,22,33.0,44.24,76.95,1010.21,2026-03-15 14:26:33
7192,673,7,17,21,33.0,44.24,76.49,1010.21,2026-03-15 14:26:35
7193,674,8,18,22,33.0,44.24,76.49,1010.19,2026-03-15 14:26:37
7194,679,8,18,22,33.0,44.24,77.41,1010.17,2026-03-15 14:26:39
7195,679,8,18,22,33.0,44.24,76.95,1010.17,2026-03-15 14:26:41
7196,678,7,17,21,33.0,44.24,76.95,1010.15,2026-03-15 14:26:43
7197,684,7,17,20,33.0,44.24,76.95,1010.18,2026-03-15 14:26:45
7198,685,8,18,21,33.0,44.34,76.95,1010.21,2026-03-15 14:26:47
7199,687,8,18,20,33.0,44.34,76.95,1010.20,2026-03-15 14:26:49
7200,687,7,17,19,33.0,44.34,76.95,1010.18,2026-03-15 14:26:51
7201,687,7,17,19,33.0,44.34,76.95,1010.21,2026-03-15 14:26:53
7202,689,8,18,19,33.0,44.34,76.95,1010.21,2026-03-15 14:26:55
7203,692,8,18,19,33.0,44.34,76.95,1010.22,2026-03-15 14:26:57
7204,692,6,17,18,33.0,44.34,76.95,1010.15,2026-03-15 14:26:59
7205,693,7,17,19,33.0,44.34,76.95,1010.21,2026-03-15 14:27:01
7206,695,7,17,20,33.0,44.34,76.95,1010.17,2026-03-15 14:27:03
7207,696,6,17,20,33.0,44.34,77.41,1010.18,2026-03-15 14:27:05
7208,698,5,16,19,33.0,44.34,76.95,1010.19,2026-03-15 14:27:07
7209,702,5,16,19,33.0,44.43,76.95,1010.16,2026-03-15 14:27:09
7210,701,5,16,18,32.9,44.43,76.95,1010.14,2026-03-15 14:27:11
7211,699,5,16,18,32.9,44.46,77.41,1010.20,2026-03-15 14:27:13
7212,700,6,17,19,32.9,44.56,77.41,1010.18,2026-03-15 14:27:15
7213,701,5,16,17,33.0,44.53,76.95,1010.19,2026-03-15 14:27:17
7214,699,6,17,18,32.9,44.43,77.41,1010.16,2026-03-15 14:27:19
7215,709,6,17,19,33.0,44.53,77.41,1010.19,2026-03-15 14:27:21
7216,704,6,17,19,32.9,44.43,77.41,1010.16,2026-03-15 14:27:23
7217,713,6,17,18,32.9,44.56,77.41,1010.15,2026-03-15 14:27:25
7218,713,6,17,18,32.9,44.56,77.41,1010.18,2026-03-15 14:27:27
7219,715,5,16,17,32.9,44.56,77.41,1010.18,2026-03-15 14:27:29
7220,710,5,16,17,32.9,44.56,76.95,1010.14,2026-03-15 14:27:31
7221,710,6,16,17,32.9,44.65,76.95,1010.18,2026-03-15 14:27:33
7222,711,7,17,19,32.9,44.65,76.95,1010.16,2026-03-15 14:27:35
7223,710,6,16,19,32.8,44.65,76.95,1010.15,2026-03-15 14:27:37
7224,710,6,17,20,32.9,44.75,76.95,1010.16,2026-03-15 14:27:39
7225,710,7,18,21,32.9,44.65,76.95,1010.17,2026-03-15 14:27:41
7226,711,7,19,22,32.9,44.65,77.41,1010.16,2026-03-15 14:27:43
7227,710,7,19,23,32.9,44.65,76.49,1010.15,2026-03-15 14:27:45
7228,710,7,19,23,32.9,44.65,76.49,1010.16,2026-03-15 14:27:47
7229,710,7,20,23,32.9,44.65,76.49,1010.12,2026-03-15 14:27:49
7230,707,6,18,22,32.9,44.65,76.49,1010.10,2026-03-15 14:27:51
7231,706,7,19,23,32.9,44.65,76.49,1010.16,2026-03-15 14:27:53
7232,708,7,19,23,32.9,44.65,76.49,1010.16,2026-03-15 14:27:55
7233,708,6,18,22,32.9,44.65,76.03,1010.19,2026-03-15 14:27:57
7234,709,7,19,22,32.9,44.65,76.03,1010.15,2026-03-15 14:27:59
7235,704,5,18,21,32.8,44.65,76.95,1010.18,2026-03-15 14:28:01
7236,705,5,18,20,32.9,44.75,76.03,1010.15,2026-03-15 14:28:03
7237,707,6,19,21,32.9,44.75,76.03,1010.16,2026-03-15 14:28:05
7238,704,6,17,20,32.8,44.75,76.03,1010.16,2026-03-15 14:28:07
7239,710,6,17,19,32.9,44.75,76.49,1010.15,2026-03-15 14:28:09
7240,705,6,17,19,32.9,44.75,76.49,1010.12,2026-03-15 14:28:11
7241,710,5,17,18,32.9,44.75,76.49,1010.15,2026-03-15 14:28:13
7242,711,6,18,19,32.9,44.75,76.49,1010.15,2026-03-15 14:28:15
7243,715,5,17,18,32.9,44.75,76.49,1010.13,2026-03-15 14:28:17
7244,713,6,18,19,32.8,44.75,76.49,1010.17,2026-03-15 14:28:19
7245,713,7,18,19,32.9,44.75,76.49,1010.14,2026-03-15 14:28:21
7246,713,7,18,20,32.9,44.75,76.49,1010.13,2026-03-15 14:28:23
7247,713,6,17,19,32.8,44.75,76.49,1010.17,2026-03-15 14:28:25
7248,714,6,17,19,32.8,44.75,76.49,1010.16,2026-03-15 14:28:27
7249,714,6,17,19,32.8,44.75,76.49,1010.14,2026-03-15 14:28:29
7250,712,6,17,19,32.8,44.75,76.49,1010.14,2026-03-15 14:28:31
7251,714,6,17,18,32.8,44.84,76.95,1010.12,2026-03-15 14:28:33
7252,710,7,18,19,32.8,44.84,76.49,1010.14,2026-03-15 14:28:35
7253,714,6,18,19,32.8,44.84,76.49,1010.13,2026-03-15 14:28:37
7254,714,5,17,18,32.8,44.84,76.49,1010.13,2026-03-15 14:28:39
7255,718,5,17,18,32.8,44.84,76.95,1010.13,2026-03-15 14:28:41
7256,721,6,19,20,32.8,44.84,76.95,1010.15,2026-03-15 14:28:43
7257,716,6,18,20,32.8,44.84,76.49,1010.12,2026-03-15 14:28:45
7258,713,7,18,20,32.8,44.84,76.49,1010.11,2026-03-15 14:28:47
7259,710,7,18,20,32.9,44.84,76.49,1010.13,2026-03-15 14:28:49
7260,709,6,17,19,32.9,44.75,76.49,1010.14,2026-03-15 14:28:51
7261,710,6,17,19,32.9,44.65,76.49,1010.12,2026-03-15 14:28:53
7262,708,5,17,19,32.9,44.56,76.49,1010.11,2026-03-15 14:28:55
7263,707,6,19,20,32.9,44.36,76.49,1010.10,2026-03-15 14:28:57
7264,708,5,17,19,32.9,44.17,76.49,1010.13,2026-03-15 14:28:59
7265,708,6,18,20,32.9,43.88,76.49,1010.12,2026-03-15 14:29:01
7266,703,6,18,20,32.9,43.59,76.49,1010.12,2026-03-15 14:29:03
7267,702,6,17,21,32.9,43.49,76.49,1010.13,2026-03-15 14:29:05
7268,701,5,16,21,32.9,43.37,76.49,1010.11,2026-03-15 14:29:07
7269,699,5,16,21,32.9,43.47,76.49,1010.13,2026-03-15 14:29:09
7270,695,5,16,22,32.9,43.85,76.49,1010.13,2026-03-15 14:29:11
7271,692,5,16,22,32.9,44.15,76.49,1010.11,2026-03-15 14:29:13
7272,694,5,16,22,32.9,44.34,76.49,1010.13,2026-03-15 14:29:15
7273,689,6,17,23,32.9,44.43,76.03,1010.15,2026-03-15 14:29:17
7274,682,6,17,23,32.9,44.56,76.03,1010.14,2026-03-15 14:29:19
7275,688,6,18,23,32.9,44.65,76.49,1010.15,2026-03-15 14:29:21
7276,687,6,18,23,32.9,44.75,76.49,1010.12,2026-03-15 14:29:23
7277,687,5,17,22,32.8,44.75,76.03,1010.15,2026-03-15 14:29:25
7278,692,5,16,21,32.8,44.75,76.03,1010.16,2026-03-15 14:29:27
7279,695,5,16,21,32.8,44.84,76.03,1010.14,2026-03-15 14:29:29
7280,695,5,16,20,32.9,44.84,76.49,1010.15,2026-03-15 14:29:31
7281,699,5,16,19,32.8,44.84,76.03,1010.16,2026-03-15 14:29:33
7282,693,6,16,19,32.8,44.84,76.03,1010.19,2026-03-15 14:29:35
7283,690,6,16,18,32.8,44.84,76.03,1010.15,2026-03-15 14:29:37
7284,698,5,15,17,32.7,44.94,76.03,1010.13,2026-03-15 14:29:39
7285,698,6,15,17,32.8,45.04,76.03,1010.10,2026-03-15 14:29:41
7286,696,6,15,18,32.7,45.04,76.03,1010.13,2026-03-15 14:29:43
7287,694,7,15,19,32.7,45.04,75.57,1010.14,2026-03-15 14:29:45
7288,692,7,15,19,32.7,45.04,75.57,1010.12,2026-03-15 14:29:47
7289,689,7,15,19,32.7,45.14,75.57,1010.14,2026-03-15 14:29:49
7290,689,7,16,20,32.7,45.14,75.57,1010.11,2026-03-15 14:29:51
7291,696,7,16,20,32.7,45.23,75.57,1010.14,2026-03-15 14:29:53
7292,702,6,16,19,32.7,45.25,75.57,1010.15,2026-03-15 14:29:55
7293,699,6,16,19,32.6,45.25,75.57,1010.07,2026-03-15 14:29:57
7294,701,5,15,18,32.6,45.25,76.03,1010.15,2026-03-15 14:29:59
7295,703,5,15,18,32.6,45.35,76.03,1010.13,2026-03-15 14:30:01
7296,705,6,16,19,32.6,45.35,76.03,1010.11,2026-03-15 14:30:03
7297,711,5,15,19,32.6,45.35,76.03,1010.09,2026-03-15 14:30:05
7298,712,5,15,20,32.6,45.35,76.03,1010.15,2026-03-15 14:30:07
7299,708,5,15,20,32.6,45.35,76.03,1010.15,2026-03-15 14:30:09
7300,706,6,16,22,32.6,45.35,76.03,1010.13,2026-03-15 14:30:11
7301,706,6,16,22,32.6,45.35,75.57,1010.10,2026-03-15 14:30:13
7302,703,6,17,22,32.6,45.35,75.57,1010.12,2026-03-15 14:30:15
7303,701,6,17,22,32.6,45.35,75.57,1010.12,2026-03-15 14:30:17
7304,704,6,17,21,32.6,45.35,75.57,1010.14,2026-03-15 14:30:19
7305,706,7,17,21,32.6,45.35,75.57,1010.12,2026-03-15 14:30:21
7306,709,6,16,20,32.7,45.35,75.57,1010.13,2026-03-15 14:30:23
7307,707,6,17,19,32.6,45.35,75.57,1010.13,2026-03-15 14:30:25
7308,708,6,17,19,32.7,45.33,75.57,1010.13,2026-03-15 14:30:27
7309,708,6,17,20,32.7,45.35,75.57,1010.11,2026-03-15 14:30:29
7310,704,6,18,19,32.7,45.33,75.57,1010.09,2026-03-15 14:30:31
7311,705,6,18,19,32.7,45.33,75.57,1010.15,2026-03-15 14:30:33
7312,707,7,19,21,32.7,45.33,75.57,1010.12,2026-03-15 14:30:35
7313,705,7,18,21,32.7,45.33,76.03,1010.12,2026-03-15 14:30:37
7314,714,6,17,19,32.7,45.23,75.57,1010.09,2026-03-15 14:30:39
7315,717,7,17,19,32.6,45.35,75.57,1010.15,2026-03-15 14:30:41
7316,711,6,17,19,32.6,45.35,76.03,1010.09,2026-03-15 14:30:43
7317,709,6,16,18,32.6,45.35,76.03,1010.11,2026-03-15 14:30:45
7318,711,6,16,18,32.7,45.35,76.49,1010.10,2026-03-15 14:30:47
7319,711,6,16,18,32.6,45.35,76.03,1010.08,2026-03-15 14:30:49
7320,712,5,15,18,32.6,45.25,76.03,1010.08,2026-03-15 14:30:51
7321,713,5,15,18,32.6,45.35,76.03,1010.11,2026-03-15 14:30:53
7322,713,5,15,18,32.6,45.35,76.03,1010.11,2026-03-15 14:30:55
7323,721,6,16,19,32.6,45.35,76.03,1010.13,2026-03-15 14:30:57
7324,725,6,16,19,32.6,45.35,76.03,1010.09,2026-03-15 14:30:59
7325,720,6,15,18,32.7,45.35,76.03,1010.09,2026-03-15 14:31:01
7326,715,6,15,18,32.6,45.35,76.49,1010.11,2026-03-15 14:31:03
7327,713,6,15,18,32.6,45.45,76.03,1010.10,2026-03-15 14:31:05
7328,716,6,15,18,32.6,45.45,76.03,1010.13,2026-03-15 14:31:07
7329,715,6,14,18,32.6,45.45,76.03,1010.07,2026-03-15 14:31:09
7330,718,6,14,18,32.6,45.45,76.03,1010.10,2026-03-15 14:31:11
7331,721,6,14,18,32.6,45.54,76.03,1010.10,2026-03-15 14:31:13
7332,722,6,13,17,32.6,45.54,76.03,1010.08,2026-03-15 14:31:15
7333,721,6,13,17,32.6,45.45,76.03,1010.07,2026-03-15 14:31:17
7334,717,6,14,18,32.5,45.54,76.03,1010.10,2026-03-15 14:31:19
7335,720,7,14,19,32.6,45.54,76.03,1010.04,2026-03-15 14:31:21
7336,720,8,16,20,32.6,45.45,76.03,1010.07,2026-03-15 14:31:23
7337,721,7,16,20,32.6,45.45,75.57,1010.08,2026-03-15 14:31:25
7338,720,7,16,20,32.6,45.45,75.57,1010.08,2026-03-15 14:31:27
7339,718,7,16,20,32.6,45.45,75.57,1010.09,2026-03-15 14:31:29
7340,720,7,16,20,32.6,45.45,75.57,1010.09,2026-03-15 14:31:31
7341,722,6,15,18,32.6,45.45,75.57,1010.11,2026-03-15 14:31:33
7342,721,6,15,18,32.6,45.35,75.57,1010.09,2026-03-15 14:31:35
7343,722,6,16,18,32.6,45.35,75.57,1010.06,2026-03-15 14:31:37
7344,722,7,17,19,32.6,45.35,75.57,1010.09,2026-03-15 14:31:39
7345,728,6,16,19,32.7,45.33,75.11,1010.05,2026-03-15 14:31:41
7346,723,5,16,19,32.7,45.25,75.57,1010.09,2026-03-15 14:31:43
7347,726,5,17,19,32.7,45.33,75.57,1010.09,2026-03-15 14:31:45
7348,725,6,17,21,32.7,45.33,75.57,1010.08,2026-03-15 14:31:47
7349,725,6,17,21,32.7,45.33,75.57,1010.05,2026-03-15 14:31:49
7350,721,6,17,21,32.7,45.33,75.57,1010.08,2026-03-15 14:31:51
7351,721,6,17,21,32.7,45.33,75.57,1010.10,2026-03-15 14:31:53
7352,719,6,17,21,32.7,45.33,75.57,1010.08,2026-03-15 14:31:55
7353,721,5,16,20,32.7,45.33,76.03,1010.11,2026-03-15 14:31:57
7354,719,5,15,20,32.7,45.23,75.57,1010.11,2026-03-15 14:31:59
7355,719,5,15,20,32.7,45.23,75.57,1010.07,2026-03-15 14:32:01
7356,717,6,16,22,32.7,45.23,75.57,1010.10,2026-03-15 14:32:03
7357,720,6,15,21,32.7,45.23,75.57,1010.07,2026-03-15 14:32:05
7358,721,6,15,20,32.7,45.23,76.03,1010.10,2026-03-15 14:32:07
7359,725,6,15,20,32.7,45.23,76.49,1010.08,2026-03-15 14:32:09
7360,726,7,16,21,32.7,45.23,76.49,1010.06,2026-03-15 14:32:11
7361,725,7,16,21,32.7,45.25,76.03,1010.08,2026-03-15 14:32:13
7362,726,7,16,21,32.7,45.23,75.57,1010.10,2026-03-15 14:32:15
7363,725,7,16,21,32.7,45.23,75.57,1010.05,2026-03-15 14:32:17
7364,725,7,16,21,32.7,45.23,75.57,1010.07,2026-03-15 14:32:19
7365,724,6,15,20,32.7,45.23,75.57,1010.12,2026-03-15 14:32:21
7366,722,6,15,20,32.7,45.23,75.57,1010.09,2026-03-15 14:32:23
7367,722,6,15,20,32.7,45.23,75.11,1010.05,2026-03-15 14:32:25
7368,722,7,16,21,32.7,45.23,75.57,1010.09,2026-03-15 14:32:27
7369,720,7,17,21,32.7,45.23,75.11,1010.07,2026-03-15 14:32:29
7370,717,7,17,21,32.7,45.23,75.11,1010.08,2026-03-15 14:32:31
7371,716,6,16,20,32.7,45.23,73.73,1010.07,2026-03-15 14:32:33
7372,715,7,17,21,32.7,45.23,66.36,1010.11,2026-03-15 14:32:35
7373,716,6,18,21,32.8,45.52,65.89,1010.07,2026-03-15 14:32:37
7374,717,5,17,20,32.8,45.62,73.27,1010.09,2026-03-15 14:32:39
7375,718,6,18,21,32.8,45.62,73.73,1010.07,2026-03-15 14:32:41
7376,720,6,18,20,32.8,45.52,73.27,1010.11,2026-03-15 14:32:43
7377,721,4,17,19,32.8,45.42,73.73,1010.10,2026-03-15 14:32:45
7378,722,5,18,20,32.8,45.33,73.73,1010.07,2026-03-15 14:32:47
7379,723,5,18,21,32.8,45.33,73.73,1010.09,2026-03-15 14:32:49
7380,724,5,18,21,32.9,45.23,74.19,1010.07,2026-03-15 14:32:51
7381,723,5,19,21,32.9,44.94,73.73,1010.06,2026-03-15 14:32:53
7382,725,5,20,22,32.9,44.56,73.73,1010.09,2026-03-15 14:32:55
7383,727,5,19,21,32.9,44.07,73.73,1010.13,2026-03-15 14:32:57
7384,726,5,19,21,32.9,43.59,73.73,1010.10,2026-03-15 14:32:59
7385,722,5,20,22,32.9,43.20,73.73,1010.11,2026-03-15 14:33:01
7386,718,5,20,23,32.9,43.18,73.73,1010.09,2026-03-15 14:33:03
7387,715,6,21,24,32.9,43.28,73.73,1010.10,2026-03-15 14:33:05
7388,712,6,21,24,32.9,43.47,73.27,1010.10,2026-03-15 14:33:07
7389,710,5,20,23,32.9,43.76,73.27,1010.02,2026-03-15 14:33:09
7390,705,5,20,23,32.9,44.05,73.73,1010.11,2026-03-15 14:33:11
7391,703,6,21,23,32.9,44.34,73.73,1010.09,2026-03-15 14:33:13
7392,702,6,21,23,32.9,44.43,74.19,1010.09,2026-03-15 14:33:15
7393,700,5,20,21,33.0,44.53,73.73,1010.07,2026-03-15 14:33:17
7394,699,6,20,21,33.0,44.53,73.73,1010.05,2026-03-15 14:33:19
7395,700,6,19,20,33.0,44.43,73.73,1010.06,2026-03-15 14:33:21
7396,699,7,20,21,33.0,44.34,74.19,1010.08,2026-03-15 14:33:23
7397,699,7,19,21,33.0,44.34,73.73,1010.05,2026-03-15 14:33:25
7398,698,6,19,22,33.0,44.34,73.73,1010.08,2026-03-15 14:33:27
7399,697,6,19,22,33.0,44.43,73.73,1010.08,2026-03-15 14:33:29
7400,697,6,19,22,33.0,44.34,73.73,1010.07,2026-03-15 14:33:31
7401,698,5,18,21,33.0,44.34,73.73,1010.06,2026-03-15 14:33:33
7402,699,6,20,22,33.0,44.24,73.73,1010.09,2026-03-15 14:33:35
7403,699,6,20,21,33.0,43.95,73.73,1010.11,2026-03-15 14:33:37
7404,699,5,19,20,33.0,43.76,73.73,1010.12,2026-03-15 14:33:39
7405,699,6,19,20,33.0,43.57,74.19,1010.09,2026-03-15 14:33:41
7406,696,6,18,20,33.0,43.76,73.73,1010.12,2026-03-15 14:33:43
7407,701,6,18,20,33.0,44.05,73.73,1010.10,2026-03-15 14:33:45
7408,692,8,18,21,33.0,44.24,74.19,1010.09,2026-03-15 14:33:47
7409,689,8,18,21,33.0,44.34,73.73,1010.11,2026-03-15 14:33:49
7410,689,7,18,20,33.0,44.43,74.19,1010.13,2026-03-15 14:33:51
7411,692,7,17,20,33.0,44.53,73.73,1010.12,2026-03-15 14:33:53
7412,696,7,17,20,33.0,44.63,73.73,1010.10,2026-03-15 14:33:55
7413,693,7,17,20,33.0,44.53,74.19,1010.11,2026-03-15 14:33:57
7414,696,7,16,20,33.0,44.53,74.19,1010.09,2026-03-15 14:33:59
7415,692,7,16,20,33.0,44.53,74.19,1010.10,2026-03-15 14:34:01
7416,692,6,16,19,33.0,44.53,74.19,1010.09,2026-03-15 14:34:03
7417,690,6,16,19,32.9,44.63,73.73,1010.14,2026-03-15 14:34:05
7418,690,6,16,19,33.0,44.63,74.19,1010.14,2026-03-15 14:34:07
7419,688,5,16,19,33.0,44.63,74.19,1010.10,2026-03-15 14:34:09
7420,693,5,16,19,33.0,44.63,74.19,1010.12,2026-03-15 14:34:11
7421,697,6,17,20,33.0,44.73,74.19,1010.12,2026-03-15 14:34:13
7422,696,6,17,20,33.0,44.73,74.65,1010.12,2026-03-15 14:34:15
7423,702,6,17,20,33.0,44.73,74.19,1010.10,2026-03-15 14:34:17
7424,705,6,17,20,33.0,44.73,74.19,1010.10,2026-03-15 14:34:19
7425,704,5,15,19,33.0,44.73,73.73,1010.08,2026-03-15 14:34:21
7426,704,5,15,19,33.0,44.63,73.73,1010.12,2026-03-15 14:34:23
7427,703,5,15,19,33.0,44.63,73.73,1010.15,2026-03-15 14:34:25
7428,701,6,16,19,33.0,44.63,74.19,1010.11,2026-03-15 14:34:27
7429,700,6,16,19,33.0,44.63,73.73,1010.15,2026-03-15 14:34:29
7430,704,5,15,18,32.9,44.73,74.19,1010.09,2026-03-15 14:34:31
7431,704,6,16,20,32.9,44.73,74.19,1010.10,2026-03-15 14:34:33
7432,715,6,16,20,32.9,44.73,74.19,1010.10,2026-03-15 14:34:35
7433,715,5,15,20,32.9,44.73,74.65,1010.11,2026-03-15 14:34:37
7434,712,7,17,21,32.9,44.73,74.19,1010.11,2026-03-15 14:34:39
7435,709,7,17,21,32.9,44.73,74.19,1010.11,2026-03-15 14:34:41
7436,710,7,17,21,32.9,44.73,74.19,1010.14,2026-03-15 14:34:43
7437,713,7,17,21,32.9,44.73,74.19,1010.11,2026-03-15 14:34:45
7438,710,6,16,20,33.0,44.73,74.19,1010.10,2026-03-15 14:34:47
7439,711,6,16,20,32.9,44.75,74.19,1010.07,2026-03-15 14:34:49
7440,718,6,16,20,32.9,44.75,74.19,1010.18,2026-03-15 14:34:51
7441,725,6,16,21,32.9,44.84,74.19,1010.10,2026-03-15 14:34:53
7442,726,7,17,22,32.9,44.84,74.19,1010.10,2026-03-15 14:34:55
7443,723,7,16,22,32.9,44.82,74.19,1010.10,2026-03-15 14:34:57
7444,721,6,15,20,32.9,44.75,74.19,1010.10,2026-03-15 14:34:59
7445,721,6,15,20,32.9,44.84,74.19,1010.11,2026-03-15 14:35:01
7446,720,7,16,20,32.9,44.84,74.19,1010.10,2026-03-15 14:35:03
7447,720,6,15,18,32.9,44.82,74.19,1010.11,2026-03-15 14:35:05
7448,724,6,15,18,32.9,44.84,74.19,1010.08,2026-03-15 14:35:07
7449,724,6,15,18,32.9,44.75,74.19,1010.08,2026-03-15 14:35:09
7450,726,6,15,17,32.9,44.73,74.65,1010.09,2026-03-15 14:35:11
7451,727,7,16,18,32.9,44.75,74.19,1010.10,2026-03-15 14:35:13
7452,723,7,16,18,32.9,44.73,74.19,1010.05,2026-03-15 14:35:15
7453,720,7,16,18,32.9,44.73,74.19,1010.09,2026-03-15 14:35:17
7454,719,7,16,18,32.9,44.75,74.19,1010.11,2026-03-15 14:35:19
7455,717,7,16,18,32.9,44.75,74.19,1010.10,2026-03-15 14:35:21
7456,709,6,14,17,32.9,44.75,74.65,1010.09,2026-03-15 14:35:23
7457,717,6,14,18,32.9,44.75,74.19,1010.09,2026-03-15 14:35:25
7458,716,6,15,18,32.8,44.75,74.19,1010.10,2026-03-15 14:35:27
7459,722,7,16,19,32.9,44.84,73.73,1010.05,2026-03-15 14:35:29
7460,714,7,16,20,32.8,44.84,73.73,1010.12,2026-03-15 14:35:31
7461,717,7,16,20,32.8,44.84,74.19,1010.09,2026-03-15 14:35:33
7462,713,7,17,20,32.8,44.84,74.19,1010.10,2026-03-15 14:35:35
7463,710,7,17,20,32.8,44.84,74.19,1010.10,2026-03-15 14:35:37
7464,711,6,16,19,32.8,44.84,74.19,1010.06,2026-03-15 14:35:39
7465,717,5,16,19,32.8,44.84,74.19,1010.08,2026-03-15 14:35:41
7466,717,5,16,20,32.9,44.75,73.73,1010.06,2026-03-15 14:35:43
7467,717,6,17,21,32.9,44.26,73.73,1010.12,2026-03-15 14:35:45
7468,716,5,16,20,32.9,43.88,73.73,1010.09,2026-03-15 14:35:47
7469,712,5,16,20,32.9,43.49,73.73,1010.12,2026-03-15 14:35:49
7470,715,6,17,21,32.9,43.20,73.73,1010.14,2026-03-15 14:35:51
7471,710,6,17,22,32.9,43.10,73.73,1010.11,2026-03-15 14:35:53
7472,706,5,16,21,32.9,43.30,74.19,1010.11,2026-03-15 14:35:55
7473,700,6,18,22,32.9,43.59,74.19,1010.11,2026-03-15 14:35:57
7474,695,6,18,22,32.8,43.98,72.35,1010.13,2026-03-15 14:35:59
7475,684,5,17,21,32.8,44.26,73.27,1010.09,2026-03-15 14:36:01
7476,683,6,18,22,32.8,44.46,74.19,1010.13,2026-03-15 14:36:03
7477,682,6,17,21,32.8,44.65,74.19,1010.12,2026-03-15 14:36:05
7478,684,6,16,21,32.8,44.75,73.73,1010.11,2026-03-15 14:36:07
7479,682,7,17,22,32.8,44.75,74.19,1010.12,2026-03-15 14:36:09
7480,685,7,17,22,32.8,44.75,74.19,1010.11,2026-03-15 14:36:11
7481,685,6,16,21,32.8,44.75,73.73,1010.11,2026-03-15 14:36:13
7482,690,7,17,21,32.8,44.75,74.19,1010.18,2026-03-15 14:36:15
7483,687,7,17,21,32.8,44.75,74.19,1010.11,2026-03-15 14:36:17
7484,695,6,16,20,32.8,44.84,73.73,1010.08,2026-03-15 14:36:19
7485,689,7,16,21,32.7,44.84,74.19,1010.09,2026-03-15 14:36:21
7486,688,7,16,20,32.7,44.84,74.19,1010.11,2026-03-15 14:36:23
7487,701,6,16,20,32.7,44.94,74.19,1010.11,2026-03-15 14:36:25
7488,697,5,15,19,32.7,44.94,74.19,1010.09,2026-03-15 14:36:27
7489,699,6,16,20,32.7,44.94,74.19,1010.10,2026-03-15 14:36:29
7490,700,6,16,20,32.7,44.94,74.65,1010.10,2026-03-15 14:36:31
7491,698,6,17,20,32.7,44.94,74.19,1010.14,2026-03-15 14:36:33
7492,698,7,17,20,32.7,45.04,74.19,1010.08,2026-03-15 14:36:35
7493,704,5,15,19,32.7,45.04,74.19,1010.09,2026-03-15 14:36:37
7494,700,6,16,19,32.7,45.06,74.19,1010.11,2026-03-15 14:36:39
7495,706,6,16,19,32.7,45.04,74.65,1010.13,2026-03-15 14:36:41
7496,711,6,16,19,32.7,45.06,74.65,1010.12,2026-03-15 14:36:43
7497,713,5,14,19,32.7,45.04,74.19,1010.08,2026-03-15 14:36:45
7498,709,5,14,19,32.6,45.06,74.19,1010.09,2026-03-15 14:36:47
7499,705,5,14,19,32.7,45.04,74.65,1010.10,2026-03-15 14:36:49
7500,705,6,15,20,32.7,45.04,74.19,1010.08,2026-03-15 14:36:51
7501,705,6,15,20,32.7,45.06,74.19,1010.12,2026-03-15 14:36:53
7502,700,5,13,19,32.7,45.04,74.19,1010.07,2026-03-15 14:36:55
7503,703,5,13,20,32.7,45.04,74.19,1010.12,2026-03-15 14:36:57
7504,701,5,13,20,32.7,45.14,74.19,1010.10,2026-03-15 14:36:59
7505,699,5,14,21,32.7,45.04,74.19,1010.10,2026-03-15 14:37:01
7506,698,5,14,21,32.7,45.04,74.19,1010.10,2026-03-15 14:37:03
7507,700,5,14,21,32.7,45.04,74.19,1010.07,2026-03-15 14:37:05
7508,702,5,15,21,32.7,45.04,74.19,1010.08,2026-03-15 14:37:07
7509,706,4,14,20,32.7,45.04,74.19,1010.07,2026-03-15 14:37:09
7510,707,4,15,20,32.7,45.04,74.19,1010.10,2026-03-15 14:37:11
7511,709,4,15,20,32.7,45.04,74.19,1010.09,2026-03-15 14:37:13
7512,710,6,17,22,32.7,45.04,74.19,1010.08,2026-03-15 14:37:15
7513,711,6,17,22,32.7,44.94,74.19,1010.08,2026-03-15 14:37:17
7514,707,5,16,22,32.8,44.56,73.73,1010.05,2026-03-15 14:37:19
7515,709,7,17,24,32.8,44.07,73.27,1010.03,2026-03-15 14:37:21
7516,710,7,18,24,32.8,43.68,73.73,1010.08,2026-03-15 14:37:23
7517,712,7,18,25,32.8,43.20,73.73,1010.08,2026-03-15 14:37:25
7518,708,7,17,23,32.8,43.01,73.73,1010.04,2026-03-15 14:37:27
7519,706,6,17,23,32.8,42.82,73.73,1010.08,2026-03-15 14:37:29
7520,705,6,17,23,32.8,42.72,73.73,1010.06,2026-03-15 14:37:31
7521,700,7,18,23,32.8,42.72,73.73,1010.07,2026-03-15 14:37:33
7522,696,6,18,23,32.8,42.62,73.73,1010.08,2026-03-15 14:37:35
7523,693,6,18,23,32.8,42.52,74.19,1010.07,2026-03-15 14:37:37
7524,694,6,18,24,32.8,42.43,74.19,1010.04,2026-03-15 14:37:39
7525,689,6,19,24,32.9,42.43,73.73,1010.07,2026-03-15 14:37:41
7526,686,5,18,24,32.8,42.52,73.73,1010.06,2026-03-15 14:37:43
7527,687,5,19,24,32.9,42.91,73.73,1010.05,2026-03-15 14:37:45
7528,684,4,19,24,32.9,43.20,73.73,1010.08,2026-03-15 14:37:47
7529,683,4,19,24,32.9,43.49,73.73,1010.11,2026-03-15 14:37:49
7530,681,5,20,24,32.9,43.68,73.73,1010.10,2026-03-15 14:37:51
7531,681,5,20,24,32.9,43.68,74.19,1010.06,2026-03-15 14:37:53
7532,678,4,20,24,32.9,43.78,74.19,1010.07,2026-03-15 14:37:55
7533,676,4,19,23,32.9,43.88,74.19,1010.05,2026-03-15 14:37:57
7534,677,4,19,22,32.9,43.98,74.19,1010.03,2026-03-15 14:37:59
7535,674,3,18,21,32.9,44.07,73.73,1010.05,2026-03-15 14:38:01
7536,672,4,18,21,32.9,44.07,73.73,1010.05,2026-03-15 14:38:03
7537,673,4,17,20,32.9,44.17,73.73,1010.07,2026-03-15 14:38:05
7538,678,5,17,20,32.9,44.26,73.73,1010.08,2026-03-15 14:38:07
7539,677,6,18,21,32.9,44.26,74.19,1010.10,2026-03-15 14:38:09
7540,679,6,18,21,32.9,44.26,73.73,1010.09,2026-03-15 14:38:11
7541,676,6,17,20,32.9,44.36,73.73,1010.06,2026-03-15 14:38:13
7542,684,6,18,20,32.9,44.36,73.73,1010.03,2026-03-15 14:38:15
7543,684,6,18,21,32.9,44.36,73.73,1010.09,2026-03-15 14:38:17
7544,687,7,19,22,32.9,44.36,73.73,1010.06,2026-03-15 14:38:19
7545,689,7,19,22,32.9,44.36,73.73,1010.06,2026-03-15 14:38:21
7546,690,7,18,22,32.9,44.34,73.73,1010.08,2026-03-15 14:38:23
7547,690,6,18,21,32.9,44.36,73.73,1010.08,2026-03-15 14:38:25
7548,689,5,16,19,32.9,44.36,73.73,1010.08,2026-03-15 14:38:27
7549,692,5,15,18,32.9,44.36,73.73,1010.07,2026-03-15 14:38:29
7550,694,5,15,18,32.9,44.43,73.73,1010.07,2026-03-15 14:38:31
7551,693,6,16,19,32.9,44.46,73.73,1010.05,2026-03-15 14:38:33
7552,693,6,16,19,32.9,44.34,73.73,1010.04,2026-03-15 14:38:35
7553,690,6,15,19,32.9,44.34,73.73,1010.09,2026-03-15 14:38:37
7554,693,6,15,19,32.9,44.26,73.73,1010.08,2026-03-15 14:38:39
7555,691,6,15,19,32.9,44.15,73.73,1010.04,2026-03-15 14:38:41
7556,695,6,15,19,32.9,44.05,73.73,1010.05,2026-03-15 14:38:43
7557,693,5,14,18,32.9,43.95,73.73,1010.08,2026-03-15 14:38:45
7558,695,5,15,18,32.9,44.05,73.73,1010.11,2026-03-15 14:38:47
7559,697,6,16,20,32.9,44.05,73.73,1010.06,2026-03-15 14:38:49
7560,702,6,16,20,32.9,44.05,73.73,1010.06,2026-03-15 14:38:51
7561,703,6,16,20,32.9,44.15,73.73,1010.06,2026-03-15 14:38:53
7562,704,5,15,20,33.0,44.15,73.73,1010.09,2026-03-15 14:38:55
7563,706,6,16,21,33.0,44.15,73.73,1010.07,2026-03-15 14:38:57
7564,705,7,16,20,33.0,44.15,73.73,1010.10,2026-03-15 14:38:59
7565,706,6,15,19,32.9,44.24,73.73,1010.06,2026-03-15 14:39:01
7566,707,7,16,20,33.0,44.34,73.73,1010.10,2026-03-15 14:39:03
7567,705,7,16,20,33.0,44.34,73.73,1010.10,2026-03-15 14:39:05
7568,707,7,16,20,32.9,44.34,73.73,1010.08,2026-03-15 14:39:07
7569,709,6,16,19,33.0,44.43,73.73,1010.09,2026-03-15 14:39:09
7570,707,6,16,19,32.9,44.43,73.73,1010.09,2026-03-15 14:39:11
7571,705,7,16,19,32.9,44.43,73.27,1010.08,2026-03-15 14:39:13
7572,706,7,16,19,32.9,44.43,72.81,1010.12,2026-03-15 14:39:15
7573,706,7,16,19,32.9,44.53,72.81,1010.07,2026-03-15 14:39:17
7574,707,7,16,20,32.9,44.56,73.27,1010.12,2026-03-15 14:39:19
7575,705,8,17,21,32.9,44.56,73.73,1010.07,2026-03-15 14:39:21
7576,703,8,17,21,32.9,44.56,73.73,1010.08,2026-03-15 14:39:23
7577,701,6,15,20,32.9,44.65,73.73,1010.11,2026-03-15 14:39:25
7578,701,7,16,20,32.9,44.65,74.19,1010.08,2026-03-15 14:39:27
7579,702,7,16,19,32.9,44.65,74.19,1010.08,2026-03-15 14:39:29
7580,702,6,15,18,32.8,44.65,73.73,1010.10,2026-03-15 14:39:31
7581,703,6,14,18,32.8,44.75,73.73,1010.11,2026-03-15 14:39:33
7582,698,6,14,19,32.8,44.75,74.65,1010.08,2026-03-15 14:39:35
7583,697,7,15,20,32.8,44.84,73.73,1010.12,2026-03-15 14:39:37
7584,701,7,15,21,32.8,44.84,73.73,1010.05,2026-03-15 14:39:39
7585,704,6,15,21,32.8,44.84,74.19,1010.05,2026-03-15 14:39:41
7586,708,6,15,21,32.8,44.94,73.27,1010.03,2026-03-15 14:39:43
7587,711,6,15,21,32.8,44.84,72.81,1010.08,2026-03-15 14:39:45
7588,710,6,15,20,32.8,44.94,72.81,1010.12,2026-03-15 14:39:47
7589,709,6,15,20,32.8,44.94,73.27,1010.07,2026-03-15 14:39:49
7590,710,6,15,20,32.8,44.94,74.19,1010.09,2026-03-15 14:39:51
7591,711,5,14,19,32.7,44.94,73.73,1010.05,2026-03-15 14:39:53
7592,713,5,14,19,32.7,44.94,73.73,1010.05,2026-03-15 14:39:55
7593,713,6,15,20,32.7,45.04,73.73,1010.05,2026-03-15 14:39:57
7594,711,6,15,20,32.7,45.06,74.19,1010.08,2026-03-15 14:39:59
7595,710,6,15,20,32.7,45.14,73.73,1010.03,2026-03-15 14:40:01
7596,715,6,15,19,32.7,45.14,73.73,1010.07,2026-03-15 14:40:03
7597,714,6,15,19,32.6,45.16,73.73,1010.07,2026-03-15 14:40:05
7598,718,5,14,18,32.7,45.25,73.73,1010.03,2026-03-15 14:40:07
7599,718,6,14,18,32.7,45.23,73.73,1010.07,2026-03-15 14:40:09
7600,717,7,14,18,32.7,45.14,73.27,1010.03,2026-03-15 14:40:11
7601,717,7,14,18,32.7,45.14,73.27,1010.04,2026-03-15 14:40:13
7602,720,7,13,18,32.7,45.14,72.81,1010.07,2026-03-15 14:40:15
7603,724,8,13,18,32.7,45.14,72.81,1010.05,2026-03-15 14:40:17
7604,723,7,12,17,32.7,45.14,73.27,1010.06,2026-03-15 14:40:19
7605,724,7,12,17,32.7,45.14,73.27,1010.09,2026-03-15 14:40:21
7606,724,6,12,16,32.7,45.14,73.73,1010.06,2026-03-15 14:40:23
7607,723,6,12,17,32.7,45.14,73.73,1010.06,2026-03-15 14:40:25
7608,720,6,12,16,32.7,45.14,73.73,1010.07,2026-03-15 14:40:27
7609,727,5,13,16,32.7,45.14,73.73,1010.05,2026-03-15 14:40:29
7610,731,4,12,15,32.7,45.23,73.73,1010.02,2026-03-15 14:40:31
7611,734,4,13,15,32.7,45.23,73.73,1010.06,2026-03-15 14:40:33
7612,735,5,14,16,32.7,45.25,73.73,1010.08,2026-03-15 14:40:35
7613,734,4,14,15,32.7,45.23,73.73,1010.04,2026-03-15 14:40:37
7614,728,3,14,16,32.7,45.23,73.73,1010.04,2026-03-15 14:40:39
7615,726,3,14,16,32.7,45.23,73.73,1010.06,2026-03-15 14:40:41
7616,725,3,14,16,32.7,45.23,73.73,1010.04,2026-03-15 14:40:43
7617,722,4,15,18,32.7,45.23,74.19,1010.03,2026-03-15 14:40:45
7618,722,4,15,19,32.7,45.23,73.73,1010.00,2026-03-15 14:40:47
7619,722,3,15,19,32.7,45.14,73.73,1010.04,2026-03-15 14:40:49
7620,724,4,15,19,32.7,45.14,73.73,1010.05,2026-03-15 14:40:51
7621,724,5,16,20,32.7,45.14,73.73,1010.01,2026-03-15 14:40:53
7622,731,4,15,19,32.7,45.14,73.27,1010.06,2026-03-15 14:40:55
7623,732,4,16,19,32.7,45.14,73.73,1010.04,2026-03-15 14:40:57
7624,728,4,16,19,32.7,45.16,73.73,1010.05,2026-03-15 14:40:59
7625,729,5,17,20,32.6,45.25,73.27,1010.05,2026-03-15 14:41:01
7626,728,5,17,20,32.6,45.25,73.73,1010.02,2026-03-15 14:41:03
7627,734,5,17,20,32.6,45.25,73.73,1010.05,2026-03-15 14:41:05
7628,737,5,17,20,32.6,45.25,73.27,1010.08,2026-03-15 14:41:07
7629,736,5,16,19,32.6,45.16,72.81,1010.09,2026-03-15 14:41:09
7630,734,5,16,19,32.7,44.57,72.81,1010.07,2026-03-15 14:41:11
7631,735,5,16,19,32.7,44.17,73.27,1010.09,2026-03-15 14:41:13
7632,735,5,16,20,32.7,43.98,73.27,1010.07,2026-03-15 14:41:15
7633,733,5,16,20,32.7,44.17,73.27,1010.10,2026-03-15 14:41:17
7634,729,6,16,21,32.6,44.48,72.81,1010.06,2026-03-15 14:41:19
7635,727,7,18,22,32.6,44.77,72.81,1010.07,2026-03-15 14:41:21
7636,723,7,18,22,32.6,44.96,73.27,1010.06,2026-03-15 14:41:23
7637,721,7,18,22,32.5,45.06,73.73,1010.05,2026-03-15 14:41:25
7638,720,7,19,22,32.5,45.25,72.35,1010.07,2026-03-15 14:41:27
7639,723,7,19,21,32.5,45.25,72.35,1010.11,2026-03-15 14:41:29
7640,720,5,18,20,32.5,45.35,74.19,1010.08,2026-03-15 14:41:31
7641,716,5,18,20,32.5,45.35,74.19,1010.04,2026-03-15 14:41:33
7642,721,5,17,19,32.5,45.35,73.73,1010.05,2026-03-15 14:41:35
7643,722,5,17,19,32.5,45.35,73.73,1010.05,2026-03-15 14:41:37
7644,716,6,18,20,32.5,45.35,74.19,1010.08,2026-03-15 14:41:39
7645,716,6,17,20,32.5,45.35,73.73,1010.05,2026-03-15 14:41:41
7646,720,6,17,20,32.5,45.35,73.73,1010.04,2026-03-15 14:41:43
7647,714,6,17,20,32.4,45.35,74.19,1010.05,2026-03-15 14:41:45
7648,717,6,17,20,32.4,45.45,73.73,1010.08,2026-03-15 14:41:47
7649,711,7,18,21,32.4,45.45,73.73,1010.07,2026-03-15 14:41:49
7650,708,7,18,21,32.4,45.45,73.73,1010.06,2026-03-15 14:41:51
7651,712,6,17,21,32.4,45.47,73.73,1010.08,2026-03-15 14:41:53
7652,719,7,18,22,32.4,45.45,73.27,1010.07,2026-03-15 14:41:55
7653,717,7,18,22,32.4,45.45,73.27,1010.08,2026-03-15 14:41:57
7654,721,7,18,22,32.4,45.47,73.73,1010.04,2026-03-15 14:41:59
7655,722,7,18,22,32.4,45.45,73.73,1010.08,2026-03-15 14:42:01
7656,725,6,17,21,32.4,45.35,74.19,1010.05,2026-03-15 14:42:03
7657,726,6,16,20,32.4,45.25,73.73,1010.05,2026-03-15 14:42:05
7658,726,7,17,21,32.4,45.25,74.19,1010.07,2026-03-15 14:42:07
7659,726,6,17,21,32.4,45.25,73.73,1010.10,2026-03-15 14:42:09
7660,729,6,17,21,32.4,45.35,74.19,1010.08,2026-03-15 14:42:11
7661,733,5,16,20,32.4,45.35,73.73,1010.08,2026-03-15 14:42:13
7662,735,4,16,19,32.4,45.35,73.27,1010.06,2026-03-15 14:42:15
7663,736,5,17,20,32.5,45.35,73.27,1010.06,2026-03-15 14:42:17
7664,737,4,16,18,32.5,45.25,73.27,1010.07,2026-03-15 14:42:19
7665,736,5,16,19,32.5,45.25,73.27,1010.08,2026-03-15 14:42:21
7666,733,5,16,19,32.5,45.25,73.27,1010.05,2026-03-15 14:42:23
7667,733,5,16,19,32.5,45.16,73.27,1010.10,2026-03-15 14:42:25
7668,742,5,15,18,32.5,45.16,73.27,1010.05,2026-03-15 14:42:27
7669,736,5,15,18,32.5,45.16,73.73,1010.05,2026-03-15 14:42:29
7670,738,6,15,18,32.5,45.16,73.27,1010.05,2026-03-15 14:42:31
7671,738,6,15,18,32.5,45.16,73.27,1010.04,2026-03-15 14:42:33
7672,736,7,15,18,32.5,45.16,73.27,1010.05,2026-03-15 14:42:35
7673,736,8,16,19,32.5,45.16,73.27,1010.01,2026-03-15 14:42:37
7674,737,8,16,19,32.5,45.16,73.73,1010.06,2026-03-15 14:42:39
7675,737,8,16,20,32.5,45.16,73.73,1010.06,2026-03-15 14:42:41
7676,734,8,17,20,32.5,45.16,73.73,1010.06,2026-03-15 14:42:43
7677,737,6,16,20,32.5,45.16,73.73,1010.04,2026-03-15 14:42:45
7678,734,6,16,20,32.5,45.16,73.73,1010.05,2026-03-15 14:42:47
7679,736,6,16,20,32.5,45.16,73.73,1010.04,2026-03-15 14:42:49
7680,735,6,16,20,32.5,45.16,73.73,1010.05,2026-03-15 14:42:51
7681,732,6,16,22,32.5,45.16,73.73,1010.08,2026-03-15 14:42:53
7682,734,6,16,22,32.5,45.16,73.73,1010.07,2026-03-15 14:42:55
7683,736,6,16,22,32.5,45.16,73.73,1010.07,2026-03-15 14:42:57
7684,732,6,15,22,32.5,45.16,73.73,1010.01,2026-03-15 14:42:59
7685,733,5,14,21,32.5,45.16,73.73,1010.03,2026-03-15 14:43:01
7686,730,5,14,21,32.5,45.16,73.27,1010.09,2026-03-15 14:43:03
7687,733,5,14,20,32.4,45.16,73.27,1010.05,2026-03-15 14:43:05
7688,736,6,15,21,32.4,45.16,73.27,1010.04,2026-03-15 14:43:07
7689,735,5,14,20,32.4,45.25,73.73,1010.05,2026-03-15 14:43:09
7690,731,5,14,20,32.4,45.28,73.27,1010.06,2026-03-15 14:43:11
7691,724,5,14,20,32.3,45.28,73.73,1010.08,2026-03-15 14:43:13
7692,728,6,15,21,32.3,45.37,73.27,1010.03,2026-03-15 14:43:19
7693,731,7,15,21,32.3,45.37,73.27,1010.03,2026-03-15 14:43:21
7694,730,7,15,21,32.4,45.28,73.73,1009.99,2026-03-15 14:43:23
7695,728,7,15,21,32.4,45.28,73.27,1010.02,2026-03-15 14:43:25
7696,727,6,14,19,32.4,45.28,73.27,1010.04,2026-03-15 14:43:27
7697,727,5,13,18,32.4,45.28,73.27,1010.02,2026-03-15 14:43:29
7698,726,6,14,18,32.4,45.16,73.73,1010.04,2026-03-15 14:43:31
7699,727,5,13,17,32.4,45.16,73.73,1010.05,2026-03-15 14:43:33
7700,732,5,12,16,32.4,45.16,73.73,1010.03,2026-03-15 14:43:35
7701,727,5,12,16,32.4,45.16,73.27,1010.05,2026-03-15 14:43:37
7702,725,5,11,16,32.4,45.16,73.27,1010.01,2026-03-15 14:43:39
7703,725,6,12,17,32.5,45.16,73.27,1010.03,2026-03-15 14:43:41
7704,724,5,12,17,32.4,45.16,73.27,1010.06,2026-03-15 14:43:43
7705,721,4,11,16,32.5,45.16,73.73,1010.07,2026-03-15 14:43:45
7706,722,4,11,16,32.5,45.16,73.27,1010.06,2026-03-15 14:43:47
7707,719,5,12,18,32.5,45.16,73.27,1010.10,2026-03-15 14:43:49
7708,717,4,11,17,32.5,45.06,72.81,1010.02,2026-03-15 14:43:51
7709,715,4,11,17,32.5,44.87,72.35,1010.03,2026-03-15 14:43:53
7710,715,5,12,18,32.5,44.77,72.81,1010.04,2026-03-15 14:43:55
7711,711,6,11,18,32.5,44.67,72.81,1010.06,2026-03-15 14:43:57
7712,714,6,11,18,32.5,44.77,72.81,1010.07,2026-03-15 14:43:59
7713,711,5,12,18,32.5,44.77,72.81,1010.02,2026-03-15 14:44:01
7714,710,5,12,19,32.5,44.87,72.81,1010.01,2026-03-15 14:44:03
7715,712,5,12,19,32.5,44.87,72.81,1010.04,2026-03-15 14:44:05
7716,721,6,13,20,32.5,44.96,72.81,1010.05,2026-03-15 14:44:07
7717,720,5,13,20,32.5,44.96,72.81,1010.06,2026-03-15 14:44:09
7718,719,5,13,20,32.5,44.96,72.81,1009.97,2026-03-15 14:44:11
7719,729,4,11,19,32.9,44.43,70.04,1009.91,2026-03-15 14:53:32
7720,728,4,11,19,32.9,44.53,70.96,1009.89,2026-03-15 14:53:34
7721,729,4,10,18,32.9,44.53,70.50,1009.87,2026-03-15 14:53:36
7722,732,4,10,18,32.9,44.53,70.50,1009.91,2026-03-15 14:53:38
7723,732,3,10,18,33.0,44.43,70.50,1009.93,2026-03-15 14:53:40
7724,734,4,10,19,32.9,44.43,70.96,1009.86,2026-03-15 14:53:42
7725,732,4,10,19,32.9,44.43,70.50,1009.92,2026-03-15 14:53:44
7726,737,4,9,18,33.0,44.43,70.50,1009.90,2026-03-15 14:53:46
7727,734,3,7,17,33.0,44.43,70.50,1009.92,2026-03-15 14:53:48
7728,733,4,8,17,33.0,44.34,70.50,1009.88,2026-03-15 14:53:50
7729,733,4,8,17,33.0,44.34,70.50,1009.89,2026-03-15 14:53:52
7730,732,4,9,16,33.0,44.24,70.50,1009.89,2026-03-15 14:53:54
7731,734,3,8,15,33.0,44.05,70.04,1009.91,2026-03-15 14:53:56
7732,733,4,8,15,33.0,43.66,70.04,1009.93,2026-03-15 14:53:58
7733,731,5,9,15,33.0,43.47,70.04,1009.91,2026-03-15 14:54:00
7734,729,4,8,14,33.0,43.08,70.04,1009.90,2026-03-15 14:54:02
7735,726,4,8,14,33.1,42.79,69.58,1009.91,2026-03-15 14:54:04
7736,722,5,10,15,33.1,42.50,69.58,1009.94,2026-03-15 14:54:06
7737,718,4,10,14,33.1,42.12,69.58,1009.91,2026-03-15 14:54:08
7738,715,5,10,14,33.1,41.93,70.04,1009.94,2026-03-15 14:54:10
7739,712,5,11,14,33.1,41.93,70.04,1009.92,2026-03-15 14:54:12
7740,708,5,11,15,33.1,42.02,69.58,1009.89,2026-03-15 14:54:14
7741,706,6,12,16,33.1,42.50,69.58,1009.94,2026-03-15 14:54:16
7742,699,5,12,15,33.1,43.08,70.04,1009.91,2026-03-15 14:54:18
7743,700,6,13,16,33.1,43.37,69.12,1009.90,2026-03-15 14:54:20
7744,695,6,14,17,33.1,43.66,69.58,1009.89,2026-03-15 14:54:22
7745,694,6,14,17,33.1,43.66,69.12,1009.86,2026-03-15 14:54:24
7746,694,5,13,16,33.1,43.18,70.04,1009.89,2026-03-15 14:54:26
7747,694,5,13,17,33.1,42.60,69.58,1009.88,2026-03-15 14:54:28
7748,695,6,14,19,33.1,42.31,68.66,1009.90,2026-03-15 14:54:30
7749,693,6,14,20,33.2,42.00,68.66,1009.86,2026-03-15 14:54:32
7750,694,6,14,21,33.2,41.91,69.12,1009.89,2026-03-15 14:54:34
7751,689,6,15,21,33.2,41.81,69.58,1009.90,2026-03-15 14:54:36
7752,684,6,15,21,33.2,41.61,69.12,1009.90,2026-03-15 14:54:38
7753,684,6,16,21,33.2,41.61,69.58,1009.89,2026-03-15 14:54:40
7754,681,6,16,21,33.2,41.52,69.58,1009.93,2026-03-15 14:54:42
7755,679,6,16,21,33.2,41.42,69.58,1009.90,2026-03-15 14:54:44
7756,681,7,17,21,33.2,41.42,69.12,1009.92,2026-03-15 14:54:46
7757,675,7,17,21,33.2,41.42,69.12,1009.90,2026-03-15 14:54:48
7758,674,8,17,22,33.2,41.42,69.12,1009.87,2026-03-15 14:54:50
7759,668,8,17,23,33.2,41.42,69.12,1009.90,2026-03-15 14:54:52
7760,671,7,17,22,33.1,41.44,69.12,1009.91,2026-03-15 14:54:54
7761,668,7,17,23,33.1,41.54,69.12,1009.92,2026-03-15 14:54:56
7762,662,7,17,23,33.1,41.63,69.12,1009.89,2026-03-15 14:54:58
7763,664,7,17,23,33.1,41.93,67.28,1009.86,2026-03-15 14:55:00
7764,654,8,19,23,33.1,42.70,67.74,1009.90,2026-03-15 14:55:02
7765,652,8,18,23,33.1,43.18,69.12,1009.89,2026-03-15 14:55:04
7766,653,8,18,22,33.1,43.47,69.12,1009.89,2026-03-15 14:55:06
7767,652,6,17,20,33.1,43.47,67.74,1009.90,2026-03-15 14:55:08
7768,653,6,17,20,33.1,43.18,68.66,1009.90,2026-03-15 14:55:10
7769,659,6,17,21,33.1,42.79,69.12,1009.91,2026-03-15 14:55:12
7770,662,6,17,21,33.1,42.41,69.12,1009.89,2026-03-15 14:55:14
7771,665,6,17,21,33.1,42.50,69.12,1009.88,2026-03-15 14:55:16
7772,664,7,19,23,33.1,42.89,70.04,1009.92,2026-03-15 14:55:18
7773,667,7,19,24,33.1,43.18,69.58,1009.89,2026-03-15 14:55:20
7774,675,7,19,24,33.0,43.47,69.58,1009.85,2026-03-15 14:55:22
7775,677,6,18,23,33.0,43.66,70.50,1009.90,2026-03-15 14:55:24
7776,678,7,18,24,33.0,43.85,70.04,1009.90,2026-03-15 14:55:26
7777,682,7,18,24,33.0,43.95,70.04,1009.92,2026-03-15 14:55:28
7778,682,6,17,24,33.0,43.95,70.04,1009.91,2026-03-15 14:55:30
7779,685,6,17,23,33.0,44.05,70.04,1009.89,2026-03-15 14:55:32
7780,687,6,17,22,32.9,44.15,69.58,1009.91,2026-03-15 14:55:34
7781,688,4,15,20,32.9,44.15,69.58,1009.93,2026-03-15 14:55:36
7782,692,4,15,20,33.0,44.15,70.04,1009.92,2026-03-15 14:55:38
7783,698,4,16,20,32.9,44.15,70.04,1009.88,2026-03-15 14:55:40
7784,701,4,16,20,32.9,44.15,70.04,1009.89,2026-03-15 14:55:42
7785,701,3,15,19,32.9,44.26,70.04,1009.86,2026-03-15 14:55:44
7786,706,3,15,19,32.9,44.26,69.58,1009.91,2026-03-15 14:55:46
7787,709,3,15,19,32.9,44.36,69.58,1009.87,2026-03-15 14:55:48
7788,714,4,14,18,32.9,44.36,70.04,1009.87,2026-03-15 14:55:50
7789,715,3,14,18,32.9,44.36,70.50,1009.94,2026-03-15 14:55:52
7790,715,4,15,18,32.9,44.36,70.50,1009.91,2026-03-15 14:55:54
7791,723,4,14,18,32.9,44.36,70.04,1009.89,2026-03-15 14:55:56
7792,721,4,14,17,32.9,44.36,70.04,1009.89,2026-03-15 14:55:58
7793,723,4,13,16,32.9,44.36,70.04,1009.88,2026-03-15 14:56:00
7794,727,4,13,16,32.9,44.36,70.04,1009.90,2026-03-15 14:56:02
7795,728,4,13,16,32.9,44.36,69.58,1009.89,2026-03-15 14:56:04
7796,729,5,15,17,32.9,44.36,69.58,1009.84,2026-03-15 14:56:06
7797,732,6,15,18,32.9,44.36,69.58,1009.89,2026-03-15 14:56:08
7798,729,6,15,18,32.9,44.36,70.04,1009.90,2026-03-15 14:56:10
7799,733,6,15,19,32.9,44.36,69.58,1009.93,2026-03-15 14:56:12
7800,731,6,15,19,32.9,44.36,69.58,1009.91,2026-03-15 14:56:14
7801,735,6,15,19,32.8,44.36,69.58,1009.89,2026-03-15 14:56:16
7802,736,5,14,18,32.8,44.46,70.04,1009.91,2026-03-15 14:56:18
7803,731,4,14,18,32.9,44.46,69.58,1009.87,2026-03-15 14:56:20
7804,729,5,15,19,32.9,44.36,70.04,1009.87,2026-03-15 14:56:22
7805,732,5,14,19,32.8,44.36,69.58,1009.87,2026-03-15 14:56:24
7806,718,4,13,18,32.8,44.36,69.58,1009.87,2026-03-15 14:56:26
7807,715,4,13,18,32.9,44.46,69.58,1009.87,2026-03-15 14:56:28
7808,717,3,12,18,32.9,44.46,69.58,1009.90,2026-03-15 14:56:30
7809,722,4,13,19,32.8,44.46,69.58,1009.86,2026-03-15 14:56:32
7810,723,4,13,18,32.8,44.56,70.04,1009.89,2026-03-15 14:56:34
7811,726,4,13,18,32.8,44.46,70.04,1009.89,2026-03-15 14:56:36
7812,728,4,13,19,32.8,44.56,69.58,1009.86,2026-03-15 14:56:38
7813,731,4,13,19,32.8,44.46,69.58,1009.89,2026-03-15 14:56:40
7814,728,3,12,18,32.8,44.46,70.04,1009.88,2026-03-15 14:56:42
7815,731,4,13,20,32.8,44.56,69.58,1009.89,2026-03-15 14:56:44
7816,734,5,13,21,32.8,44.56,70.04,1009.83,2026-03-15 14:56:46
7817,732,4,12,21,32.8,44.46,70.50,1009.85,2026-03-15 14:56:48
7818,732,4,13,22,32.8,44.46,69.58,1009.85,2026-03-15 14:56:50
7819,731,4,13,22,32.8,44.46,70.04,1009.89,2026-03-15 14:56:52
7820,730,5,13,22,32.8,44.46,69.58,1009.86,2026-03-15 14:56:54
7821,727,5,13,22,32.8,44.36,69.58,1009.88,2026-03-15 14:56:56
7822,726,6,14,22,32.8,44.36,69.58,1009.87,2026-03-15 14:56:58
7823,727,6,14,22,32.8,44.26,69.58,1009.86,2026-03-15 14:57:00
7824,728,5,14,21,32.9,44.07,69.12,1009.89,2026-03-15 14:57:02
7825,727,5,13,20,32.9,43.68,69.58,1009.89,2026-03-15 14:57:04
7826,726,6,14,21,32.9,43.49,69.12,1009.90,2026-03-15 14:57:06
7827,725,5,13,19,32.9,43.49,69.12,1009.91,2026-03-15 14:57:08
7828,722,6,13,19,32.9,43.47,68.66,1009.88,2026-03-15 14:57:10
7829,721,7,15,20,32.9,43.47,68.66,1009.89,2026-03-15 14:57:12
7830,718,8,15,20,32.9,43.28,68.20,1009.90,2026-03-15 14:57:14
7831,716,8,15,20,32.9,43.18,67.74,1009.87,2026-03-15 14:57:16
7832,717,6,14,19,32.9,43.18,68.20,1009.85,2026-03-15 14:57:18
7833,714,6,14,18,33.0,43.18,67.74,1009.86,2026-03-15 14:57:20
7834,714,7,16,19,32.9,43.18,69.12,1009.88,2026-03-15 14:57:22
7835,711,7,16,19,32.9,43.37,69.12,1009.85,2026-03-15 14:57:24
7836,708,7,16,19,32.9,43.68,69.58,1009.86,2026-03-15 14:57:26
7837,706,7,16,18,32.9,43.88,70.04,1009.84,2026-03-15 14:57:28
7838,700,7,17,18,32.8,44.07,69.58,1009.85,2026-03-15 14:57:30
7839,702,5,16,17,32.8,44.17,69.58,1009.85,2026-03-15 14:57:32
7840,698,5,16,17,32.8,44.26,69.58,1009.88,2026-03-15 14:57:34
7841,698,5,15,17,32.8,44.36,70.04,1009.87,2026-03-15 14:57:36
7842,697,5,15,17,32.8,44.46,70.04,1009.87,2026-03-15 14:57:38
7843,704,6,16,17,32.7,44.56,69.58,1009.86,2026-03-15 14:57:40
7844,700,6,16,17,32.8,44.56,70.50,1009.88,2026-03-15 14:57:42
7845,704,6,16,17,32.7,44.56,70.50,1009.89,2026-03-15 14:57:44
7846,701,6,16,17,32.7,44.56,70.04,1009.84,2026-03-15 14:57:46
7847,703,6,15,17,32.7,44.56,70.04,1009.86,2026-03-15 14:57:48
7848,706,5,14,16,32.7,44.56,70.04,1009.87,2026-03-15 14:57:50
7849,704,4,13,15,32.6,44.67,70.04,1009.87,2026-03-15 14:57:52
7850,699,4,13,15,32.6,44.77,70.50,1009.89,2026-03-15 14:57:54
7851,703,4,13,15,32.7,44.75,70.04,1009.87,2026-03-15 14:57:56
7852,701,4,12,14,32.7,44.75,70.50,1009.85,2026-03-15 14:57:58
7853,705,4,12,14,32.7,44.84,70.50,1009.87,2026-03-15 14:58:00
7854,705,4,12,14,32.7,44.84,70.96,1009.84,2026-03-15 14:58:02
7855,711,5,13,16,32.6,44.77,70.50,1009.85,2026-03-15 14:58:04
7856,715,4,13,15,32.6,44.87,70.04,1009.86,2026-03-15 14:58:06
7857,715,4,13,15,32.6,44.87,70.04,1009.82,2026-03-15 14:58:08
7858,718,4,13,16,32.6,44.87,70.04,1009.86,2026-03-15 14:58:10
7859,716,4,13,16,32.6,44.87,70.04,1009.83,2026-03-15 14:58:12
7860,720,5,14,17,32.6,44.87,69.58,1009.83,2026-03-15 14:58:14
7861,721,5,13,17,32.6,44.87,69.58,1009.84,2026-03-15 14:58:16
7862,723,4,12,16,32.6,44.87,69.58,1009.85,2026-03-15 14:58:18
7863,722,4,12,16,32.6,44.77,69.58,1009.85,2026-03-15 14:58:20
7864,721,4,11,16,32.6,44.48,70.04,1009.86,2026-03-15 14:58:22
7865,724,5,13,18,32.7,44.26,70.04,1009.83,2026-03-15 14:58:24
7866,722,5,13,18,32.6,44.29,70.04,1009.83,2026-03-15 14:58:26
7867,725,4,12,18,32.6,44.38,70.04,1009.82,2026-03-15 14:58:28
7868,723,5,14,19,32.6,44.48,69.58,1009.83,2026-03-15 14:58:30
7869,726,4,13,19,32.6,44.57,70.04,1009.85,2026-03-15 14:58:32
7870,726,4,13,19,32.6,44.67,69.58,1009.83,2026-03-15 14:58:34
7871,730,4,13,19,32.6,44.77,69.58,1009.81,2026-03-15 14:58:36
7872,731,4,14,19,32.6,44.77,69.12,1009.83,2026-03-15 14:58:38
7873,728,5,15,19,32.6,44.87,69.58,1009.84,2026-03-15 14:58:40
7874,731,5,15,19,32.5,44.96,69.58,1009.85,2026-03-15 14:58:42
7875,731,5,16,19,32.6,44.96,69.58,1009.84,2026-03-15 14:58:44
7876,731,5,16,19,32.6,44.96,69.12,1009.83,2026-03-15 14:58:46
7877,730,4,15,18,32.6,44.87,69.12,1009.86,2026-03-15 14:58:48
7878,731,4,16,19,32.6,44.87,69.12,1009.84,2026-03-15 14:58:50
7879,731,4,15,19,32.6,44.87,69.12,1009.86,2026-03-15 14:58:52
7880,727,3,14,18,32.6,44.87,69.12,1009.84,2026-03-15 14:58:54
7881,730,3,14,18,32.6,44.87,69.58,1009.83,2026-03-15 14:58:56
7882,726,5,15,19,32.6,44.87,68.66,1009.83,2026-03-15 14:58:58
7883,728,4,14,18,32.6,44.87,68.66,1009.85,2026-03-15 14:59:00
7884,729,4,14,19,32.6,44.96,68.66,1009.82,2026-03-15 14:59:02
7885,725,5,15,20,32.6,44.96,68.66,1009.85,2026-03-15 14:59:04
7886,730,5,14,20,32.6,44.96,68.66,1009.89,2026-03-15 14:59:06
7887,725,5,14,20,32.7,44.94,68.66,1009.85,2026-03-15 14:59:08
7888,730,5,14,20,32.7,44.84,68.66,1009.87,2026-03-15 14:59:10
7889,727,5,15,20,32.7,44.77,68.66,1009.81,2026-03-15 14:59:12
7890,728,6,16,21,32.7,44.65,68.66,1009.85,2026-03-15 14:59:14
7891,732,6,16,21,32.7,44.56,69.12,1009.85,2026-03-15 14:59:16
7892,733,6,16,21,32.7,44.67,68.66,1009.85,2026-03-15 14:59:18
7893,732,6,17,21,32.7,44.67,68.66,1009.83,2026-03-15 14:59:20
7894,731,6,17,21,32.7,44.77,68.20,1009.84,2026-03-15 14:59:22
7895,730,6,17,21,32.7,44.75,67.74,1009.86,2026-03-15 14:59:24
7896,731,6,17,21,32.7,44.75,67.74,1009.86,2026-03-15 14:59:26
7897,733,5,16,20,32.7,44.84,68.66,1009.84,2026-03-15 14:59:28
7898,732,5,16,20,32.7,44.84,68.66,1009.82,2026-03-15 14:59:30
7899,732,5,16,19,32.7,44.75,68.20,1009.85,2026-03-15 14:59:32
7900,733,5,15,19,32.7,44.75,68.20,1009.85,2026-03-15 14:59:34
7901,733,5,15,19,32.7,44.75,68.20,1009.87,2026-03-15 14:59:36
7902,735,5,15,18,32.7,44.75,68.20,1009.86,2026-03-15 14:59:38
7903,738,4,14,17,32.7,44.77,68.20,1009.87,2026-03-15 14:59:40
7904,736,6,15,18,32.7,44.75,68.20,1009.80,2026-03-15 14:59:42
7905,733,6,15,18,32.6,44.77,68.20,1009.82,2026-03-15 14:59:44
7906,735,5,14,18,32.6,44.77,68.20,1009.85,2026-03-15 14:59:46
7907,740,6,15,19,32.6,44.87,68.66,1009.85,2026-03-15 14:59:48
7908,744,6,15,19,32.7,44.87,68.20,1009.81,2026-03-15 14:59:50
7909,747,4,15,18,32.7,44.87,68.20,1009.85,2026-03-15 14:59:52
7910,747,5,16,19,32.7,44.84,68.20,1009.85,2026-03-15 14:59:54
7911,743,5,16,19,32.7,44.84,67.74,1009.81,2026-03-15 14:59:56
7912,741,5,15,20,32.7,44.84,68.66,1009.82,2026-03-15 14:59:58
7913,740,5,15,20,32.7,44.84,68.20,1009.85,2026-03-15 15:00:00
7914,739,5,15,21,32.7,44.84,68.20,1009.81,2026-03-15 15:00:02
7915,738,5,15,21,32.7,44.84,68.66,1009.82,2026-03-15 15:00:04
7916,736,5,16,22,32.7,44.84,68.20,1009.89,2026-03-15 15:00:06
7917,734,5,16,22,32.7,44.75,68.20,1009.83,2026-03-15 15:00:08
7918,735,3,15,20,32.7,44.75,68.20,1009.81,2026-03-15 15:00:10
7919,731,4,15,21,32.7,44.75,68.20,1009.83,2026-03-15 15:00:12
7920,733,4,14,20,32.7,44.65,68.20,1009.86,2026-03-15 15:00:14
7921,734,4,14,20,32.8,44.56,68.20,1009.82,2026-03-15 15:00:16
7922,734,3,12,19,32.8,44.26,68.20,1009.83,2026-03-15 15:00:18
7923,733,3,12,19,32.8,44.07,68.20,1009.89,2026-03-15 15:00:20
7924,733,4,13,20,32.8,43.88,68.20,1009.84,2026-03-15 15:00:22
7925,731,3,13,20,32.8,43.78,68.20,1009.84,2026-03-15 15:00:24
7926,732,3,13,20,32.8,43.59,68.20,1009.87,2026-03-15 15:00:26
7927,732,4,14,21,32.8,43.49,67.74,1009.86,2026-03-15 15:00:28
7928,729,5,15,22,32.8,43.49,67.74,1009.90,2026-03-15 15:00:30
7929,726,6,16,23,32.8,43.30,67.28,1009.88,2026-03-15 15:00:32
7930,723,6,16,23,32.8,43.30,67.74,1009.86,2026-03-15 15:00:34
7931,720,5,16,22,32.8,43.49,67.74,1009.83,2026-03-15 15:00:36
7932,712,5,16,22,32.9,43.68,67.28,1009.81,2026-03-15 15:00:38
7933,713,5,17,22,32.9,43.49,67.28,1009.83,2026-03-15 15:00:40
7934,709,5,17,22,32.9,43.10,67.28,1009.83,2026-03-15 15:00:42
7935,699,5,17,22,32.9,42.82,67.74,1009.85,2026-03-15 15:00:44
7936,697,6,19,23,32.8,42.82,67.74,1009.86,2026-03-15 15:00:46
7937,690,6,19,23,32.9,42.72,67.74,1009.86,2026-03-15 15:00:48
7938,689,7,19,24,32.9,42.91,67.74,1009.85,2026-03-15 15:00:50
7939,686,6,18,24,32.9,42.91,67.74,1009.82,2026-03-15 15:00:52
7940,686,6,18,24,32.9,43.01,67.28,1009.86,2026-03-15 15:00:54
7941,684,6,18,25,32.9,42.91,67.28,1009.86,2026-03-15 15:00:56
7942,684,7,19,26,32.9,43.01,67.28,1009.87,2026-03-15 15:00:58
7943,681,6,18,25,32.9,43.01,67.74,1009.84,2026-03-15 15:01:00
7944,680,7,19,25,32.9,42.99,67.74,1009.89,2026-03-15 15:01:02
7945,679,7,19,24,32.9,43.18,68.66,1009.87,2026-03-15 15:01:04
7946,674,8,20,25,32.9,43.28,67.74,1009.84,2026-03-15 15:01:06
7947,674,8,20,24,32.9,43.28,67.74,1009.82,2026-03-15 15:01:08
7948,673,7,20,24,33.0,43.37,67.74,1009.83,2026-03-15 15:01:10
7949,675,7,20,23,33.0,43.47,67.74,1009.88,2026-03-15 15:01:12
7950,674,6,20,22,33.0,43.47,67.74,1009.83,2026-03-15 15:01:14
7951,675,5,19,21,33.0,43.57,67.74,1009.89,2026-03-15 15:01:16
7952,675,6,20,22,33.0,43.57,67.74,1009.82,2026-03-15 15:01:18
7953,676,6,20,22,33.0,43.57,67.74,1009.86,2026-03-15 15:01:20
7954,673,5,18,21,33.0,43.57,67.28,1009.83,2026-03-15 15:01:22
7955,675,5,18,21,33.0,43.47,67.74,1009.88,2026-03-15 15:01:24
7956,676,5,18,21,33.0,43.28,67.74,1009.85,2026-03-15 15:01:26
7957,675,7,19,23,33.0,43.37,68.20,1009.86,2026-03-15 15:01:28
7958,675,7,19,24,33.0,43.47,68.20,1009.85,2026-03-15 15:01:30
7959,681,7,19,24,33.0,43.57,67.74,1009.86,2026-03-15 15:01:32
7960,682,6,18,24,33.0,43.57,67.74,1009.86,2026-03-15 15:01:34
7961,681,6,18,24,33.0,43.66,67.74,1009.86,2026-03-15 15:01:36
7962,683,6,19,24,33.0,43.66,66.82,1009.86,2026-03-15 15:01:38
7963,682,6,19,23,33.0,43.66,66.82,1009.86,2026-03-15 15:01:40
7964,684,5,18,22,33.0,43.66,67.28,1009.86,2026-03-15 15:01:42
7965,684,5,18,22,33.0,43.66,67.28,1009.82,2026-03-15 15:01:44
7966,687,5,18,22,33.0,43.66,68.20,1009.85,2026-03-15 15:01:46
7967,688,6,19,23,32.9,43.76,67.74,1009.87,2026-03-15 15:01:48
7968,688,6,19,23,32.9,43.95,67.28,1009.80,2026-03-15 15:01:50
7969,682,6,18,23,32.9,43.95,67.74,1009.84,2026-03-15 15:01:52
7970,677,6,18,23,33.0,43.95,67.28,1009.85,2026-03-15 15:01:54
7971,680,6,18,23,33.0,44.05,67.28,1009.84,2026-03-15 15:01:56
7972,686,7,19,23,33.0,44.05,67.28,1009.86,2026-03-15 15:01:58
7973,688,7,19,23,33.0,43.66,67.28,1009.86,2026-03-15 15:02:00
7974,690,6,18,23,33.0,43.47,66.82,1009.86,2026-03-15 15:02:02
7975,690,6,18,22,33.0,43.47,66.82,1009.86,2026-03-15 15:02:04
7976,693,5,16,20,33.0,43.66,67.28,1009.84,2026-03-15 15:02:06
7977,694,5,16,20,33.0,43.66,67.74,1009.86,2026-03-15 15:02:08
7978,694,5,16,20,33.0,43.76,67.74,1009.89,2026-03-15 15:02:10
7979,694,5,16,20,33.0,43.85,67.28,1009.86,2026-03-15 15:02:12
7980,693,5,16,20,33.0,43.95,67.74,1009.88,2026-03-15 15:02:14
7981,697,6,17,21,33.0,43.95,67.74,1009.89,2026-03-15 15:02:16
7982,694,6,17,21,33.0,43.95,67.74,1009.86,2026-03-15 15:02:18
7983,695,6,18,21,33.0,43.95,68.20,1009.82,2026-03-15 15:02:20
7984,700,5,17,20,33.0,43.95,68.20,1009.82,2026-03-15 15:02:22
7985,700,5,17,19,32.9,44.05,68.20,1009.84,2026-03-15 15:02:24
7986,700,5,17,19,32.9,44.05,68.20,1009.84,2026-03-15 15:02:26
7987,701,6,18,20,32.9,44.07,68.20,1009.86,2026-03-15 15:02:28
7988,698,6,18,20,32.9,44.17,68.20,1009.91,2026-03-15 15:02:30
7989,696,6,18,20,32.9,44.17,68.20,1009.88,2026-03-15 15:02:32
7990,698,6,18,20,32.9,44.17,67.74,1009.85,2026-03-15 15:02:34
7991,698,6,18,20,32.9,44.17,67.74,1009.88,2026-03-15 15:02:36
7992,698,5,17,19,32.9,43.98,67.28,1009.86,2026-03-15 15:02:38
7993,701,5,16,19,32.9,43.37,66.82,1009.85,2026-03-15 15:02:40
7994,701,6,17,20,32.9,42.79,65.89,1009.85,2026-03-15 15:02:42
7995,704,6,17,21,32.9,42.72,67.28,1009.85,2026-03-15 15:02:44
7996,707,5,16,20,32.9,43.20,67.28,1009.86,2026-03-15 15:02:46
7997,706,5,16,20,32.9,43.37,67.28,1009.83,2026-03-15 15:02:48
7998,705,5,16,21,32.9,42.91,67.28,1009.88,2026-03-15 15:02:50
7999,704,6,17,22,32.9,42.33,67.28,1009.84,2026-03-15 15:02:52
8000,701,6,17,22,32.9,42.04,66.82,1009.88,2026-03-15 15:02:54
8001,700,6,17,22,32.9,41.93,66.36,1009.90,2026-03-15 15:02:56
8002,700,5,17,22,32.9,42.31,67.28,1009.87,2026-03-15 15:02:58
8003,699,5,17,21,32.9,42.52,66.82,1009.87,2026-03-15 15:03:00
8004,701,5,17,21,32.9,43.01,66.82,1009.87,2026-03-15 15:03:02
8005,699,5,17,21,32.9,43.59,67.28,1009.88,2026-03-15 15:03:04
8006,695,5,18,22,32.9,43.88,66.82,1009.85,2026-03-15 15:03:06
8007,699,5,18,21,32.9,44.07,66.36,1009.88,2026-03-15 15:03:08
8008,697,4,17,20,32.8,44.17,65.89,1009.84,2026-03-15 15:03:10
8009,696,6,19,21,32.8,44.26,65.89,1009.88,2026-03-15 15:03:12
8010,694,6,18,21,32.8,44.36,65.89,1009.89,2026-03-15 15:03:14
8011,693,6,18,21,32.8,44.36,65.89,1009.87,2026-03-15 15:03:16
8012,699,6,18,20,32.7,44.46,66.36,1009.86,2026-03-15 15:03:18
8013,698,5,17,19,32.7,44.46,65.89,1009.86,2026-03-15 15:03:20
8014,697,6,17,20,32.7,44.56,65.43,1009.88,2026-03-15 15:03:22
8015,695,5,16,19,32.8,44.56,65.89,1009.91,2026-03-15 15:03:24
8016,703,5,16,20,32.8,44.56,65.89,1009.92,2026-03-15 15:03:26
8017,706,6,18,21,32.8,44.56,65.89,1009.89,2026-03-15 15:03:28
8018,704,7,18,21,32.8,44.46,66.82,1009.87,2026-03-15 15:03:30
8019,709,7,18,22,32.8,44.46,66.36,1009.87,2026-03-15 15:03:32
8020,716,6,17,20,32.8,44.36,66.36,1009.92,2026-03-15 15:03:34
8021,714,6,17,20,32.8,44.26,66.82,1009.90,2026-03-15 15:03:36
8022,717,6,17,20,32.8,44.07,66.82,1009.91,2026-03-15 15:03:38
8023,717,7,18,21,32.8,43.88,66.36,1009.92,2026-03-15 15:03:40
8024,716,7,18,22,32.8,43.78,66.36,1009.85,2026-03-15 15:03:42
8025,720,6,17,21,32.8,43.01,67.28,1009.89,2026-03-15 15:03:44
8026,725,7,18,22,32.8,42.14,66.82,1009.89,2026-03-15 15:03:46
8027,720,7,18,23,32.8,42.33,66.82,1009.87,2026-03-15 15:03:48
8028,716,7,18,23,32.8,42.33,66.36,1009.90,2026-03-15 15:03:50
8029,714,6,17,23,32.9,41.75,65.89,1009.84,2026-03-15 15:03:52
8030,711,7,18,25,32.9,41.27,66.82,1009.87,2026-03-15 15:03:54
8031,706,7,18,25,32.9,40.88,65.89,1009.90,2026-03-15 15:03:56
8032,706,7,18,25,32.9,40.69,64.51,1009.84,2026-03-15 15:03:58
8033,703,7,18,25,32.9,40.50,65.43,1009.85,2026-03-15 15:04:00
8034,701,7,18,25,32.9,40.30,64.97,1009.86,2026-03-15 15:04:02
8035,695,7,18,25,32.8,40.30,64.51,1009.86,2026-03-15 15:04:04
8036,689,7,17,24,32.8,40.78,65.43,1009.88,2026-03-15 15:04:06
8037,688,6,17,24,32.8,41.46,65.89,1009.88,2026-03-15 15:04:08
8038,688,6,16,23,32.8,42.04,65.43,1009.89,2026-03-15 15:04:10
8039,688,6,16,23,32.8,42.43,65.89,1009.90,2026-03-15 15:04:12
8040,685,6,17,23,32.8,42.72,66.36,1009.89,2026-03-15 15:04:14
8041,686,6,17,23,32.8,42.43,66.82,1009.92,2026-03-15 15:04:16
8042,683,6,17,23,32.8,42.52,67.28,1009.87,2026-03-15 15:04:18
8043,685,6,18,23,32.8,42.62,67.74,1009.92,2026-03-15 15:04:20
8044,685,7,19,24,32.8,42.82,66.82,1009.92,2026-03-15 15:04:22
8045,683,7,19,24,32.8,42.91,66.82,1009.90,2026-03-15 15:04:24
8046,680,6,18,22,32.8,43.01,66.82,1009.94,2026-03-15 15:04:26
8047,683,7,19,22,32.9,43.01,66.36,1009.92,2026-03-15 15:04:28
8048,680,6,18,20,32.9,43.10,66.36,1009.93,2026-03-15 15:04:30
8049,681,6,18,20,32.9,43.10,66.82,1009.92,2026-03-15 15:04:32
8050,679,6,18,20,32.9,42.82,66.82,1009.90,2026-03-15 15:04:34
8051,681,6,18,20,32.9,42.04,66.82,1009.88,2026-03-15 15:04:36
8052,681,7,19,21,32.9,41.46,66.82,1009.89,2026-03-15 15:04:38
8053,679,7,19,21,32.9,41.05,66.82,1009.91,2026-03-15 15:04:40
8054,677,7,19,21,32.9,40.78,66.82,1009.91,2026-03-15 15:04:42
8055,671,6,17,19,32.9,40.47,66.36,1009.85,2026-03-15 15:04:44
8056,671,6,17,19,32.9,40.19,66.82,1009.89,2026-03-15 15:04:46
8057,670,7,18,20,32.9,40.09,67.28,1009.90,2026-03-15 15:04:48
8058,672,7,18,19,32.9,39.99,66.82,1009.90,2026-03-15 15:04:50
8059,670,5,17,18,32.9,39.90,66.82,1009.87,2026-03-15 15:04:52
8060,670,6,17,19,33.0,39.90,66.82,1009.86,2026-03-15 15:04:54
8061,666,6,17,18,32.9,39.80,66.82,1009.86,2026-03-15 15:04:56
8062,665,5,16,17,32.9,39.70,67.28,1009.90,2026-03-15 15:04:58
8063,666,5,16,17,32.9,39.70,66.82,1009.88,2026-03-15 15:05:00
8064,666,5,16,17,32.9,39.70,66.82,1009.85,2026-03-15 15:05:02
8065,664,6,17,19,33.0,39.80,66.82,1009.89,2026-03-15 15:05:04
8066,662,6,17,19,33.0,39.99,66.82,1009.89,2026-03-15 15:05:06
8067,660,6,17,19,33.0,40.28,66.82,1009.88,2026-03-15 15:05:08
8068,657,6,17,19,33.0,40.57,66.82,1009.91,2026-03-15 15:05:10
8069,659,5,16,18,33.0,40.47,66.82,1009.90,2026-03-15 15:05:12
8070,658,5,16,18,33.0,40.28,66.36,1009.90,2026-03-15 15:05:14
8071,659,6,16,19,33.0,40.19,66.36,1009.89,2026-03-15 15:05:16
8072,658,6,16,19,33.0,40.19,66.82,1009.90,2026-03-15 15:05:18
8073,658,5,15,18,33.0,40.09,66.82,1009.90,2026-03-15 15:05:20
8074,656,6,15,18,33.0,39.99,66.36,1009.87,2026-03-15 15:05:22
8075,651,6,15,18,33.0,39.99,66.36,1009.89,2026-03-15 15:05:24
8076,652,5,14,18,33.0,39.90,67.28,1009.87,2026-03-15 15:05:26
8077,650,5,13,17,33.0,39.80,66.82,1009.92,2026-03-15 15:05:28
8078,647,5,12,17,33.0,39.80,66.36,1009.91,2026-03-15 15:05:30
8079,649,5,12,17,33.0,39.70,66.82,1009.88,2026-03-15 15:05:32
8080,648,6,13,19,33.0,39.61,66.36,1009.89,2026-03-15 15:05:34
8081,646,7,13,19,33.0,39.51,65.89,1009.86,2026-03-15 15:05:36
8082,641,6,13,18,33.0,39.41,66.36,1009.89,2026-03-15 15:05:38
8083,643,6,13,18,33.0,39.22,66.36,1009.88,2026-03-15 15:05:40
8084,642,6,13,18,33.0,39.12,65.89,1009.87,2026-03-15 15:05:42
8085,643,7,14,19,33.0,39.12,65.89,1009.90,2026-03-15 15:05:44
8086,641,7,13,18,33.0,39.12,65.89,1009.88,2026-03-15 15:05:46
8087,640,7,13,18,33.0,39.22,65.89,1009.90,2026-03-15 15:05:48
8088,638,8,14,20,33.0,39.22,65.43,1009.91,2026-03-15 15:05:50
8089,636,8,15,20,33.0,39.32,64.97,1009.89,2026-03-15 15:05:52
8090,637,7,16,21,33.1,39.51,64.97,1009.91,2026-03-15 15:05:54
8091,636,7,16,21,33.0,39.70,65.43,1009.89,2026-03-15 15:05:56
8092,636,6,15,20,33.0,39.80,65.89,1009.90,2026-03-15 15:05:58
8093,638,6,15,20,33.0,40.09,65.43,1009.88,2026-03-15 15:06:00
8094,638,6,16,20,33.0,40.57,65.43,1009.90,2026-03-15 15:06:02
8095,638,5,15,19,33.1,40.67,65.89,1009.89,2026-03-15 15:06:04
8096,637,5,15,19,33.1,40.38,65.43,1009.90,2026-03-15 15:06:06
8097,638,6,16,20,33.1,40.28,65.43,1009.95,2026-03-15 15:06:08
8098,640,5,15,18,33.1,40.28,65.43,1009.87,2026-03-15 15:06:10
8099,640,6,16,20,33.1,40.28,65.43,1009.89,2026-03-15 15:06:12
8100,640,7,17,20,33.1,40.19,65.89,1009.89,2026-03-15 15:06:14
8101,640,7,17,20,33.1,40.19,65.89,1009.89,2026-03-15 15:06:16
8102,641,7,17,21,33.1,40.38,65.43,1009.89,2026-03-15 15:06:18
8103,644,4,11,17,32.9,39.41,65.43,1009.90,2026-03-15 15:10:19
8104,643,4,12,17,32.9,39.43,65.43,1009.87,2026-03-15 15:10:21
8105,644,3,11,16,32.9,39.41,65.43,1009.90,2026-03-15 15:10:23
8106,644,4,12,17,32.9,39.43,64.97,1009.91,2026-03-15 15:10:25
8107,641,4,12,17,32.9,39.51,65.43,1009.89,2026-03-15 15:10:27
8108,643,5,13,18,32.9,39.51,65.89,1009.93,2026-03-15 15:10:29
8109,642,5,14,18,32.9,39.51,65.89,1009.90,2026-03-15 15:10:31
8110,642,4,13,18,32.9,39.51,65.43,1009.89,2026-03-15 15:10:33
8111,641,4,13,18,32.9,39.51,65.43,1009.87,2026-03-15 15:10:35
8112,640,4,13,19,32.9,39.51,65.43,1009.88,2026-03-15 15:10:37
8113,638,5,15,21,33.0,39.51,65.43,1009.90,2026-03-15 15:10:39
8114,638,5,14,21,33.0,39.51,65.43,1009.89,2026-03-15 15:10:41
8115,638,5,14,21,33.0,39.61,65.43,1009.93,2026-03-15 15:10:43
8116,639,6,15,22,33.0,39.61,65.43,1009.92,2026-03-15 15:10:45
8117,639,6,16,22,33.0,39.61,65.43,1009.91,2026-03-15 15:10:47
8118,640,6,16,22,33.0,39.61,65.43,1009.94,2026-03-15 15:10:49
8119,640,5,15,21,33.0,39.61,65.43,1009.87,2026-03-15 15:10:51
8120,640,5,15,20,33.0,39.61,65.43,1009.88,2026-03-15 15:10:53
8121,639,5,15,20,33.0,39.61,65.89,1009.89,2026-03-15 15:10:55
8122,641,6,16,20,33.0,39.70,65.43,1009.86,2026-03-15 15:10:57
8123,641,6,16,20,33.0,39.90,65.89,1009.87,2026-03-15 15:10:59
8124,638,6,16,20,33.0,39.99,66.36,1009.90,2026-03-15 15:11:01
8125,638,6,16,20,33.0,40.19,65.89,1009.88,2026-03-15 15:11:03
8126,634,5,15,20,32.9,40.38,65.89,1009.89,2026-03-15 15:11:05
8127,637,6,17,22,32.9,40.57,66.36,1009.92,2026-03-15 15:11:07
8128,637,6,17,22,32.9,40.67,65.89,1009.91,2026-03-15 15:11:09
8129,642,6,17,23,33.0,40.67,65.89,1009.89,2026-03-15 15:11:11
8130,642,6,17,23,33.0,40.47,65.43,1009.86,2026-03-15 15:11:13
8131,643,6,17,23,33.0,40.28,65.43,1009.87,2026-03-15 15:11:15
8132,645,5,16,21,33.0,40.09,65.43,1009.91,2026-03-15 15:11:17
8133,647,5,16,20,33.0,39.99,65.43,1009.88,2026-03-15 15:11:19
8134,648,7,17,21,33.0,39.90,65.43,1009.89,2026-03-15 15:11:21
8135,649,6,16,20,33.0,39.90,65.43,1009.89,2026-03-15 15:11:23
8136,652,6,16,20,33.0,39.80,65.43,1009.91,2026-03-15 15:11:25
8137,654,6,16,20,33.0,39.70,64.05,1009.90,2026-03-15 15:11:27
8138,655,5,15,19,33.0,39.70,64.51,1009.91,2026-03-15 15:11:29
8139,653,5,15,19,33.0,39.90,64.51,1009.89,2026-03-15 15:11:31
8140,647,6,16,19,33.0,40.19,64.51,1009.88,2026-03-15 15:11:33
8141,646,5,15,18,33.0,40.38,64.51,1009.94,2026-03-15 15:11:35
8142,645,5,15,18,33.0,40.47,64.97,1009.91,2026-03-15 15:11:37
8143,645,5,15,19,33.0,40.47,64.97,1009.92,2026-03-15 15:11:39
8144,643,5,16,19,33.0,40.47,64.51,1009.90,2026-03-15 15:11:41
8145,649,5,16,19,33.0,40.57,64.97,1009.89,2026-03-15 15:11:43
8146,646,4,15,18,33.0,40.67,64.97,1009.91,2026-03-15 15:11:45
8147,648,5,16,19,33.0,40.77,64.97,1009.92,2026-03-15 15:11:47
8148,646,5,16,19,33.0,40.77,64.51,1009.94,2026-03-15 15:11:49
8149,647,5,15,18,33.0,40.86,64.05,1009.92,2026-03-15 15:11:51
8150,644,6,16,19,32.9,40.86,64.51,1009.90,2026-03-15 15:11:53
8151,644,6,16,20,32.9,40.96,64.51,1009.93,2026-03-15 15:11:55
8152,645,6,16,19,32.9,40.98,64.05,1009.92,2026-03-15 15:11:57
8153,648,5,15,18,32.9,40.77,64.05,1009.92,2026-03-15 15:11:59
8154,649,4,15,18,32.9,40.67,64.05,1009.90,2026-03-15 15:12:01
8155,647,5,16,19,33.0,40.57,64.05,1009.92,2026-03-15 15:12:03
8156,648,4,15,18,32.9,40.67,64.51,1009.92,2026-03-15 15:12:05
8157,651,4,15,18,32.9,40.77,64.97,1009.88,2026-03-15 15:12:07
8158,649,5,15,19,32.9,40.86,64.97,1009.93,2026-03-15 15:12:09
8159,651,5,15,19,32.9,40.96,64.51,1009.87,2026-03-15 15:12:11
8160,649,5,15,19,32.9,41.08,64.05,1009.91,2026-03-15 15:12:13
8161,644,4,14,18,32.8,41.17,64.05,1009.83,2026-03-15 15:12:15
8162,649,4,14,18,32.8,41.27,64.51,1009.86,2026-03-15 15:12:17
8163,655,4,14,18,32.8,41.36,64.51,1009.86,2026-03-15 15:12:19
8164,654,5,14,18,32.7,41.36,65.43,1009.84,2026-03-15 15:12:21
8165,652,6,15,19,32.7,41.46,65.43,1009.84,2026-03-15 15:12:23
8166,650,6,15,20,32.8,41.46,64.97,1009.82,2026-03-15 15:12:25
8167,651,6,15,20,32.8,40.98,65.43,1009.89,2026-03-15 15:12:27
8168,654,6,15,20,32.8,40.69,65.43,1009.85,2026-03-15 15:12:29
8169,656,5,14,19,32.8,39.92,65.43,1009.86,2026-03-15 15:12:31
8170,659,5,14,20,32.8,39.82,65.89,1009.85,2026-03-15 15:12:33
8171,659,6,15,21,32.8,40.01,65.89,1009.83,2026-03-15 15:12:35
8172,658,6,14,21,32.8,40.11,65.43,1009.85,2026-03-15 15:12:37
8173,659,6,14,21,32.8,40.01,65.43,1009.82,2026-03-15 15:12:39
8174,658,6,14,21,32.8,39.62,65.89,1009.84,2026-03-15 15:12:41
8175,658,5,13,21,32.8,39.53,65.43,1009.86,2026-03-15 15:12:43
8176,657,6,13,21,32.9,39.53,65.43,1009.88,2026-03-15 15:12:45
8177,658,5,12,19,32.9,39.92,65.43,1009.85,2026-03-15 15:12:47
8178,659,5,12,20,32.9,40.11,64.97,1009.85,2026-03-15 15:12:49
8179,657,5,13,20,32.9,39.82,65.43,1009.81,2026-03-15 15:12:51
8180,657,6,15,21,32.9,39.62,65.89,1009.86,2026-03-15 15:12:53
8181,658,6,15,22,32.9,39.34,65.43,1009.85,2026-03-15 15:12:55
8182,656,6,16,22,32.9,39.14,64.97,1009.83,2026-03-15 15:12:57
8183,655,6,16,22,32.9,39.24,65.43,1009.86,2026-03-15 15:12:59
8184,656,6,16,22,32.9,39.22,65.89,1009.85,2026-03-15 15:13:01
8185,657,6,17,22,32.9,39.61,65.43,1009.86,2026-03-15 15:13:03
8186,657,5,15,21,32.9,40.01,65.43,1009.82,2026-03-15 15:13:05
8187,654,5,15,21,32.9,40.30,65.89,1009.84,2026-03-15 15:13:07
8188,653,5,15,20,32.9,40.59,65.89,1009.88,2026-03-15 15:13:09
8189,656,5,15,20,32.9,40.67,65.43,1009.84,2026-03-15 15:13:11
8190,657,6,15,20,32.9,40.59,64.97,1009.84,2026-03-15 15:13:13
8191,657,5,14,19,32.9,40.19,64.97,1009.85,2026-03-15 15:13:15
8192,659,6,15,20,32.9,40.09,64.51,1009.82,2026-03-15 15:13:17
8193,660,6,15,20,33.0,40.19,64.05,1009.86,2026-03-15 15:13:19
8194,660,6,15,20,32.9,40.19,65.89,1009.81,2026-03-15 15:13:21
8195,661,5,15,20,32.9,39.80,65.43,1009.84,2026-03-15 15:13:23
8196,662,5,15,20,32.9,39.51,65.89,1009.83,2026-03-15 15:13:25
8197,660,5,15,21,32.9,39.32,65.89,1009.83,2026-03-15 15:13:27
8198,660,5,15,21,33.0,39.22,65.43,1009.82,2026-03-15 15:13:29
8199,659,6,16,22,33.0,39.12,65.43,1009.78,2026-03-15 15:13:31
8200,655,6,17,21,32.9,39.12,66.36,1009.84,2026-03-15 15:13:33
8201,652,6,17,21,33.0,39.22,66.36,1009.85,2026-03-15 15:13:35
8202,652,7,17,21,33.0,39.32,67.28,1009.85,2026-03-15 15:13:37
8203,649,6,16,20,33.0,39.32,66.36,1009.83,2026-03-15 15:13:39
8204,647,7,17,21,33.0,39.41,66.82,1009.82,2026-03-15 15:13:41
8205,648,7,17,21,33.0,39.41,65.89,1009.84,2026-03-15 15:13:43
8206,649,6,16,21,33.0,39.32,64.97,1009.84,2026-03-15 15:13:45
8207,648,7,18,22,33.0,39.32,64.97,1009.78,2026-03-15 15:13:47
8208,651,7,18,23,33.0,39.32,66.36,1009.87,2026-03-15 15:13:49
8209,646,6,17,22,33.0,39.41,65.89,1009.82,2026-03-15 15:13:51
8210,647,6,17,23,33.0,39.41,64.97,1009.81,2026-03-15 15:13:53
8211,643,5,17,23,33.0,39.32,65.43,1009.83,2026-03-15 15:13:55
8212,642,6,18,23,33.0,39.32,67.28,1009.83,2026-03-15 15:13:57
8213,639,5,16,21,33.0,39.41,64.97,1009.84,2026-03-15 15:13:59
8214,638,5,16,21,33.0,39.41,65.43,1009.82,2026-03-15 15:14:01
8215,639,6,17,21,33.0,39.41,65.89,1009.84,2026-03-15 15:14:03
8216,640,5,16,20,33.0,39.41,65.89,1009.83,2026-03-15 15:14:05
8217,637,5,16,20,33.0,39.51,65.89,1009.87,2026-03-15 15:14:07
8218,636,5,16,20,32.9,39.51,65.43,1009.82,2026-03-15 15:14:09
8219,637,5,16,20,32.9,39.51,65.43,1009.82,2026-03-15 15:14:11
8220,636,5,16,21,33.0,39.70,65.89,1009.84,2026-03-15 15:14:13
8221,637,6,18,22,32.9,39.80,65.43,1009.84,2026-03-15 15:14:15
8222,637,6,18,23,32.9,39.99,65.43,1009.88,2026-03-15 15:14:17
8223,637,6,18,23,32.9,40.09,65.89,1009.82,2026-03-15 15:14:19
8224,638,5,17,22,32.9,40.19,65.89,1009.85,2026-03-15 15:14:21
8225,639,6,18,23,32.9,40.09,66.36,1009.84,2026-03-15 15:14:23
8226,640,6,18,22,33.0,40.09,65.89,1009.88,2026-03-15 15:14:25
8227,642,5,17,21,33.0,39.99,66.36,1009.84,2026-03-15 15:14:27
8228,640,5,17,21,33.0,39.99,66.36,1009.87,2026-03-15 15:14:29
8229,640,5,17,21,33.0,39.99,66.36,1009.84,2026-03-15 15:14:31
8230,641,6,18,22,33.0,40.09,65.89,1009.85,2026-03-15 15:14:33
8231,643,6,18,22,33.0,40.19,66.36,1009.85,2026-03-15 15:14:35
8232,644,6,18,22,33.0,40.09,66.36,1009.82,2026-03-15 15:14:37
8233,647,6,18,22,33.0,40.09,65.89,1009.81,2026-03-15 15:14:39
8234,647,6,18,22,33.0,40.09,65.43,1009.82,2026-03-15 15:14:41
8235,647,6,17,22,33.0,39.99,65.89,1009.81,2026-03-15 15:14:43
8236,648,5,16,20,33.0,39.99,65.89,1009.82,2026-03-15 15:14:45
8237,652,5,16,20,33.0,39.99,66.82,1009.81,2026-03-15 15:14:47
8238,653,5,16,20,33.0,39.99,66.82,1009.87,2026-03-15 15:14:49
8239,651,5,16,19,33.0,40.09,66.36,1009.84,2026-03-15 15:14:51
8240,648,5,15,19,33.0,40.19,66.82,1009.85,2026-03-15 15:14:53
8241,647,5,16,19,32.9,40.28,66.82,1009.83,2026-03-15 15:14:55
8242,650,5,15,19,32.9,40.47,66.82,1009.81,2026-03-15 15:14:57
8243,653,3,14,18,32.9,40.57,66.82,1009.83,2026-03-15 15:14:59
8244,651,3,13,17,32.9,40.57,66.82,1009.87,2026-03-15 15:15:01
8245,651,3,13,18,32.9,40.57,66.82,1009.83,2026-03-15 15:15:03
8246,649,4,14,19,32.9,40.57,66.36,1009.84,2026-03-15 15:15:05
8247,649,5,14,19,32.9,40.47,66.36,1009.85,2026-03-15 15:15:07
8248,650,4,13,18,32.9,40.47,66.82,1009.78,2026-03-15 15:15:09
8249,649,4,13,18,33.0,40.57,67.74,1009.84,2026-03-15 15:15:11
8250,652,6,14,19,32.9,40.57,67.28,1009.80,2026-03-15 15:15:13
8251,649,6,14,20,32.9,40.67,67.28,1009.79,2026-03-15 15:15:15
8252,651,6,14,20,32.9,40.67,67.28,1009.82,2026-03-15 15:15:17
8253,652,5,14,19,32.9,40.67,66.82,1009.82,2026-03-15 15:15:19
8254,651,5,14,19,32.9,40.67,66.82,1009.82,2026-03-15 15:15:21
8255,650,7,15,20,32.9,40.78,66.82,1009.80,2026-03-15 15:15:23
8256,660,7,15,20,32.9,40.88,66.82,1009.83,2026-03-15 15:15:25
8257,660,6,15,20,32.9,40.88,66.82,1009.83,2026-03-15 15:15:27
8258,657,6,15,20,32.9,40.86,66.82,1009.76,2026-03-15 15:15:29
8259,655,6,16,20,32.9,40.86,66.82,1009.84,2026-03-15 15:15:31
8260,652,5,15,19,32.9,40.86,66.82,1009.82,2026-03-15 15:15:33
8261,658,5,15,18,32.9,40.86,66.82,1009.82,2026-03-15 15:15:35
8262,660,5,16,18,32.9,40.86,66.36,1009.82,2026-03-15 15:15:37
8263,662,6,17,19,32.9,40.86,65.89,1009.84,2026-03-15 15:15:39
8264,660,5,17,19,32.9,40.96,65.89,1009.79,2026-03-15 15:15:41
8265,659,5,18,20,32.9,40.96,65.43,1009.83,2026-03-15 15:15:43
8266,662,5,18,20,32.9,40.96,65.89,1009.81,2026-03-15 15:15:45
8267,661,5,18,20,32.9,40.96,65.89,1009.81,2026-03-15 15:15:47
8268,662,5,18,21,33.0,40.86,64.97,1009.83,2026-03-15 15:15:49
8269,663,4,17,20,33.0,40.77,65.43,1009.83,2026-03-15 15:15:51
8270,665,5,17,20,33.0,40.77,65.43,1009.83,2026-03-15 15:15:53
8271,660,5,17,20,33.0,40.57,64.97,1009.84,2026-03-15 15:15:55
8272,661,6,19,21,33.0,40.38,64.51,1009.85,2026-03-15 15:15:57
8273,663,6,19,21,33.0,40.47,64.97,1009.83,2026-03-15 15:15:59
8274,663,5,18,19,33.0,40.57,65.43,1009.80,2026-03-15 15:16:01
8275,663,6,19,20,33.0,40.57,64.97,1009.82,2026-03-15 15:16:03
8276,663,5,17,18,33.0,40.77,64.97,1009.79,2026-03-15 15:16:05
8277,662,5,17,18,33.0,40.77,64.97,1009.83,2026-03-15 15:16:07
8278,661,6,18,19,33.0,40.86,64.51,1009.82,2026-03-15 15:16:09
8279,663,5,18,19,33.0,40.96,64.97,1009.82,2026-03-15 15:16:11
8280,664,4,17,18,33.0,41.05,65.43,1009.83,2026-03-15 15:16:13
8281,662,5,18,19,33.0,41.05,64.97,1009.81,2026-03-15 15:16:15
8282,664,5,18,19,33.0,40.96,64.97,1009.80,2026-03-15 15:16:17
8283,668,4,16,18,33.0,40.86,64.97,1009.80,2026-03-15 15:16:19
8284,664,5,17,19,33.0,40.86,64.97,1009.82,2026-03-15 15:16:21
8285,666,3,15,18,33.0,40.86,64.97,1009.77,2026-03-15 15:16:23
8286,667,3,15,17,33.0,40.86,64.51,1009.78,2026-03-15 15:16:25
8287,667,3,14,17,33.0,40.86,64.51,1009.77,2026-03-15 15:16:27
8288,663,5,15,18,33.0,40.96,64.97,1009.78,2026-03-15 15:16:29
8289,667,5,15,18,33.0,40.96,64.51,1009.75,2026-03-15 15:16:31
8290,668,4,14,17,33.0,40.96,64.05,1009.79,2026-03-15 15:16:33
8291,672,5,14,17,33.0,41.05,64.05,1009.81,2026-03-15 15:16:35
8292,671,6,15,18,33.0,41.05,64.05,1009.77,2026-03-15 15:16:37
8293,673,6,15,17,33.0,41.05,63.59,1009.75,2026-03-15 15:16:39
8294,670,7,15,17,33.0,41.05,64.05,1009.75,2026-03-15 15:16:41
8295,666,6,14,16,33.0,40.96,64.05,1009.77,2026-03-15 15:16:43
8296,672,6,14,15,33.0,40.67,63.59,1009.80,2026-03-15 15:16:45
8297,671,7,15,17,33.1,40.38,63.59,1009.75,2026-03-15 15:16:47
8298,670,8,15,17,33.1,40.28,63.59,1009.77,2026-03-15 15:16:49
8299,672,8,15,17,33.1,40.09,63.59,1009.76,2026-03-15 15:16:51
8300,672,8,15,18,33.1,40.09,63.59,1009.78,2026-03-15 15:16:53
8301,673,7,15,19,33.1,40.09,63.59,1009.78,2026-03-15 15:16:55
8302,672,6,14,19,33.1,40.28,63.13,1009.81,2026-03-15 15:16:57
8303,671,6,14,19,33.1,40.28,63.13,1009.78,2026-03-15 15:16:59
8304,672,7,15,19,33.1,40.19,63.13,1009.78,2026-03-15 15:17:01
8305,670,6,14,19,33.1,40.09,63.13,1009.77,2026-03-15 15:17:03
8306,669,6,14,19,33.1,40.09,63.13,1009.79,2026-03-15 15:17:05
8307,667,6,15,20,33.1,39.99,62.67,1009.78,2026-03-15 15:17:07
8308,664,7,16,21,33.1,39.90,62.67,1009.72,2026-03-15 15:17:09
8309,662,7,17,21,33.1,39.80,62.67,1009.75,2026-03-15 15:17:11
8310,661,7,17,21,33.1,39.80,62.67,1009.77,2026-03-15 15:17:13
8311,655,6,17,20,33.1,39.80,63.13,1009.75,2026-03-15 15:17:15
8312,645,6,17,20,33.1,39.80,63.13,1009.77,2026-03-15 15:17:17
8313,645,7,19,21,33.1,39.80,62.67,1009.78,2026-03-15 15:17:19
8314,644,5,18,20,33.1,39.90,62.67,1009.75,2026-03-15 15:17:21
8315,645,5,18,20,33.1,39.99,62.67,1009.73,2026-03-15 15:17:23
8316,644,6,19,21,33.2,39.97,62.67,1009.79,2026-03-15 15:17:25
8317,645,4,19,20,33.1,40.28,62.21,1009.81,2026-03-15 15:17:27
8318,641,4,19,20,33.1,40.28,62.67,1009.80,2026-03-15 15:17:29
8319,645,4,19,20,33.1,40.28,62.67,1009.79,2026-03-15 15:17:31
8320,645,5,19,20,33.1,40.28,62.67,1009.78,2026-03-15 15:17:33
8321,643,5,19,20,33.2,40.17,62.67,1009.78,2026-03-15 15:17:35
8322,643,5,18,20,33.1,40.19,62.67,1009.77,2026-03-15 15:17:37
8323,639,4,17,19,33.2,40.07,63.13,1009.77,2026-03-15 15:17:39
8324,640,4,17,19,33.2,40.07,62.67,1009.75,2026-03-15 15:17:41
8325,640,6,18,20,33.2,40.07,62.21,1009.75,2026-03-15 15:17:43
8326,640,6,18,20,33.2,40.17,62.21,1009.74,2026-03-15 15:17:45
8327,639,5,17,19,33.1,40.19,62.67,1009.74,2026-03-15 15:17:47
8328,640,5,17,19,33.0,40.28,63.13,1009.77,2026-03-15 15:17:49
8329,642,5,17,19,33.1,40.28,63.13,1009.80,2026-03-15 15:17:51
8330,641,5,17,18,33.1,40.38,62.67,1009.75,2026-03-15 15:17:53
8331,643,5,16,18,33.1,40.38,62.67,1009.75,2026-03-15 15:17:57
8332,643,5,16,19,33.1,40.38,62.67,1009.79,2026-03-15 15:17:59
8333,642,4,14,18,33.1,40.47,62.21,1009.76,2026-03-15 15:18:01
8334,640,4,14,17,33.1,40.57,63.13,1009.77,2026-03-15 15:18:03
8335,637,4,14,18,33.2,40.55,63.13,1009.76,2026-03-15 15:18:05
8336,635,5,14,19,33.1,40.19,63.13,1009.77,2026-03-15 15:18:07
8337,637,4,13,18,33.1,40.09,62.67,1009.74,2026-03-15 15:18:09
8338,637,5,14,19,33.1,40.09,62.21,1009.79,2026-03-15 15:18:11
8339,639,6,15,19,33.1,39.99,62.67,1009.75,2026-03-15 15:18:13
8340,640,6,15,19,33.1,39.99,62.67,1009.79,2026-03-15 15:18:15
8341,643,6,15,19,33.1,39.99,62.21,1009.76,2026-03-15 15:18:17
8342,643,6,15,19,33.1,39.99,62.21,1009.75,2026-03-15 15:18:19
8343,642,6,15,19,33.1,39.90,62.67,1009.78,2026-03-15 15:18:21
8344,641,6,15,19,33.1,39.99,62.67,1009.80,2026-03-15 15:18:23
8345,642,5,14,18,33.1,39.99,62.21,1009.76,2026-03-15 15:18:25
8346,642,5,14,19,33.1,40.09,63.13,1009.74,2026-03-15 15:18:27
8347,642,4,13,19,33.1,40.09,62.67,1009.78,2026-03-15 15:18:29
8348,644,4,13,19,33.1,40.09,62.67,1009.77,2026-03-15 15:18:31
8349,649,5,14,20,33.1,39.99,62.67,1009.75,2026-03-15 15:18:33
8350,644,5,14,19,33.2,39.69,62.21,1009.75,2026-03-15 15:18:35
8351,647,5,14,19,33.1,39.41,63.13,1009.73,2026-03-15 15:18:37
8352,648,4,13,18,33.1,39.22,62.67,1009.75,2026-03-15 15:18:39
8353,649,5,13,18,33.1,39.61,63.13,1009.77,2026-03-15 15:18:41
8354,648,6,14,19,33.1,39.90,62.21,1009.76,2026-03-15 15:18:43
8355,643,6,14,19,33.1,39.90,62.67,1009.72,2026-03-15 15:18:45
8356,646,6,15,19,33.1,39.80,62.21,1009.79,2026-03-15 15:18:47
8357,645,5,14,18,33.1,39.70,61.29,1009.76,2026-03-15 15:18:49
8358,650,5,14,18,33.0,39.70,61.29,1009.75,2026-03-15 15:18:51
8359,649,5,14,18,33.1,39.80,61.75,1009.77,2026-03-15 15:18:53
8360,648,5,15,20,33.0,39.80,61.29,1009.75,2026-03-15 15:18:55
8361,646,5,15,20,33.1,39.90,61.29,1009.77,2026-03-15 15:18:57
8362,646,5,15,21,33.0,40.09,61.75,1009.77,2026-03-15 15:18:59
8363,646,4,15,21,33.0,40.28,61.75,1009.72,2026-03-15 15:19:01
8364,644,4,15,22,33.0,40.47,62.67,1009.74,2026-03-15 15:19:03
8365,652,4,16,22,33.0,40.67,61.75,1009.73,2026-03-15 15:19:05
8366,654,3,15,21,32.9,40.67,61.75,1009.75,2026-03-15 15:19:07
8367,654,3,15,22,33.0,40.67,61.75,1009.75,2026-03-15 15:19:09
8368,653,4,15,23,33.0,40.67,61.75,1009.77,2026-03-15 15:19:11
8369,651,4,15,23,33.0,40.28,62.21,1009.79,2026-03-15 15:19:13
8370,649,3,14,22,33.0,40.09,62.21,1009.77,2026-03-15 15:19:15
8371,650,3,14,21,33.0,39.99,61.75,1009.75,2026-03-15 15:19:17
8372,650,4,14,21,33.0,39.99,62.21,1009.74,2026-03-15 15:19:19
8373,651,5,15,21,33.0,39.90,63.13,1009.73,2026-03-15 15:19:21
8374,652,5,15,21,33.0,39.99,61.75,1009.77,2026-03-15 15:19:23
8375,655,5,15,20,33.0,40.28,61.75,1009.75,2026-03-15 15:19:25
8376,657,6,15,20,33.0,40.28,62.21,1009.75,2026-03-15 15:19:27
8377,653,6,14,19,33.0,39.99,61.75,1009.76,2026-03-15 15:19:29
8378,654,4,13,18,33.0,39.80,61.29,1009.77,2026-03-15 15:19:31
8379,651,4,13,18,33.0,39.70,61.75,1009.77,2026-03-15 15:19:33
8380,653,4,12,18,33.0,39.70,61.75,1009.75,2026-03-15 15:19:35
8381,653,5,13,19,33.0,39.70,61.29,1009.74,2026-03-15 15:19:37
8382,653,5,13,19,33.0,39.70,61.29,1009.78,2026-03-15 15:19:39
8383,654,5,13,19,33.0,39.70,61.75,1009.74,2026-03-15 15:19:41
8384,653,4,12,19,33.0,39.70,61.29,1009.73,2026-03-15 15:19:43
8385,651,5,13,21,33.0,39.61,62.21,1009.74,2026-03-15 15:19:47
8386,652,6,13,22,33.0,39.61,61.75,1009.73,2026-03-15 15:19:49
8387,652,6,13,22,33.0,39.61,61.75,1009.73,2026-03-15 15:19:52
8388,649,5,13,21,33.0,39.70,61.29,1009.74,2026-03-15 15:19:57
8389,649,5,14,22,33.0,39.61,60.83,1009.75,2026-03-15 15:19:59
8390,649,4,13,22,33.0,39.61,60.36,1009.76,2026-03-15 15:20:01
8391,650,5,14,24,33.0,39.80,60.83,1009.73,2026-03-15 15:20:05
8392,646,4,14,22,33.0,40.09,60.83,1009.75,2026-03-15 15:20:07
8393,644,6,15,23,33.0,40.19,61.29,1009.73,2026-03-15 15:20:11
8394,646,7,15,23,33.0,40.09,60.83,1009.74,2026-03-15 15:20:13
8395,646,6,14,21,33.0,39.99,60.83,1009.75,2026-03-15 15:20:15
8396,644,6,14,21,33.0,39.99,59.90,1009.72,2026-03-15 15:20:17
8397,641,5,14,21,33.0,39.80,60.83,1009.74,2026-03-15 15:20:19
8398,640,5,14,21,33.0,39.80,60.83,1009.74,2026-03-15 15:20:21
8399,636,5,14,21,33.0,39.90,60.36,1009.73,2026-03-15 15:20:23
8400,632,6,16,22,33.0,40.28,60.36,1009.71,2026-03-15 15:20:25
8401,637,5,15,21,33.0,40.38,59.90,1009.72,2026-03-15 15:20:27
8402,640,6,16,21,33.0,40.38,59.90,1009.72,2026-03-15 15:20:42
8403,638,4,15,21,32.8,40.98,60.36,1009.71,2026-03-15 15:20:44
8404,641,3,14,20,32.8,41.08,60.36,1009.69,2026-03-15 15:20:46
8405,641,3,14,20,32.8,41.08,60.36,1009.73,2026-03-15 15:20:48
8406,644,4,15,21,32.8,40.98,59.90,1009.74,2026-03-15 15:20:50
8407,647,4,15,21,32.8,40.98,59.90,1009.69,2026-03-15 15:20:52
8408,652,5,15,20,32.8,40.78,59.90,1009.69,2026-03-15 15:20:54
8409,1360,21,32,40,0,0,0,0,2026-03-16 08:46:32
8410,1342,21,33,40,0,0,0,0,2026-03-16 08:46:34
8411,1334,22,34,41,0,0,0,0,2026-03-16 08:46:36
8412,1323,22,34,41,0,0,0,0,2026-03-16 08:46:38
8413,1323,22,34,41,0,0,0,0,2026-03-16 08:46:40
8414,1304,22,34,41,0,0,0,0,2026-03-16 08:46:42
8415,1293,22,34,42,0,0,0,0,2026-03-16 08:46:44
8416,1283,21,33,41,0,0,0,0,2026-03-16 08:46:46
8417,1274,21,33,42,0,0,0,0,2026-03-16 08:46:48
8418,1262,22,34,43,0,0,0,0,2026-03-16 08:46:50
8419,1255,22,34,43,0,0,0,0,2026-03-16 08:46:52
8420,1249,22,33,44,0,0,0,0,2026-03-16 08:46:54
8421,1240,22,33,44,0,0,0,0,2026-03-16 08:46:56
8422,1228,21,32,42,0,0,0,0,2026-03-16 08:46:58
8423,1221,21,32,42,0,0,0,0,2026-03-16 08:47:00
8424,1213,21,32,42,0,0,0,0,2026-03-16 08:47:02
8425,1205,21,32,42,0,0,0,0,2026-03-16 08:47:04
8426,1197,21,32,42,0,0,0,0,2026-03-16 08:47:06
8427,1190,22,32,41,0,0,0,0,2026-03-16 08:47:08
8428,1189,22,32,41,0,0,0,0,2026-03-16 08:47:10
8429,1192,23,33,41,0,0,0,0,2026-03-16 08:47:12
8430,1200,23,33,41,0,0,0,0,2026-03-16 08:47:14
8431,1206,23,33,40,0,0,0,0,2026-03-16 08:47:16
8432,1205,22,32,38,0,0,0,0,2026-03-16 08:47:18
8433,1210,22,31,38,0,0,0,0,2026-03-16 08:47:20
8434,1218,23,32,40,0,0,0,0,2026-03-16 08:47:22
8435,1220,23,32,40,0,0,0,0,2026-03-16 08:47:24
8436,1218,23,32,40,0,0,0,0,2026-03-16 08:47:26
8437,1216,23,32,41,0,0,0,0,2026-03-16 08:47:28
8438,1213,22,31,40,0,0,0,0,2026-03-16 08:47:30
8439,1208,22,32,40,0,0,0,0,2026-03-16 08:47:32
8440,1205,22,32,39,0,0,0,0,2026-03-16 08:47:34
8441,1203,22,32,39,0,0,0,0,2026-03-16 08:47:36
8442,1197,22,32,39,0,0,0,0,2026-03-16 08:47:38
8443,1194,23,33,39,0,0,0,0,2026-03-16 08:47:40
8444,1191,23,33,38,0,0,0,0,2026-03-16 08:47:42
8445,1188,23,33,38,0,0,0,0,2026-03-16 08:47:44
8446,1188,22,33,38,0,0,0,0,2026-03-16 08:47:46
8447,1180,21,32,37,0,0,0,0,2026-03-16 08:47:48
8448,1178,21,32,37,0,0,0,0,2026-03-16 08:47:50
8449,1177,21,32,37,0,0,0,0,2026-03-16 08:47:52
8450,1178,21,32,37,0,0,0,0,2026-03-16 08:47:54
8451,1179,21,32,37,0,0,0,0,2026-03-16 08:47:56
8452,1187,22,33,38,0,0,0,0,2026-03-16 08:47:58
8453,1188,21,32,37,0,0,0,0,2026-03-16 08:48:00
8454,1194,21,32,38,0,0,0,0,2026-03-16 08:48:02
8455,1203,22,33,40,0,0,0,0,2026-03-16 08:48:04
8456,1226,21,33,39,0,0,0,0,2026-03-16 08:48:06
8457,1231,21,33,39,0,0,0,0,2026-03-16 08:48:08
8458,1237,21,33,39,0,0,0,0,2026-03-16 08:48:10
8459,1265,21,33,39,0,0,0,0,2026-03-16 08:48:12
8460,1277,21,33,39,0,0,0,0,2026-03-16 08:48:14
8461,1281,21,33,39,0,0,0,0,2026-03-16 08:48:16
8462,1287,21,33,39,0,0,0,0,2026-03-16 08:48:18
8463,1288,21,33,39,0,0,0,0,2026-03-16 08:48:20
8464,1288,21,33,39,0,0,0,0,2026-03-16 08:48:22
8465,1285,21,33,39,0,0,0,0,2026-03-16 08:48:24
8466,1283,21,33,39,0,0,0,0,2026-03-16 08:48:26
8467,1285,21,33,39,0,0,0,0,2026-03-16 08:48:28
8468,1257,21,33,39,0,0,0,0,2026-03-16 08:48:30
8469,1261,21,33,39,0,0,0,0,2026-03-16 08:48:32
8470,1257,21,33,39,0,0,0,0,2026-03-16 08:48:34
8471,1253,21,33,39,0,0,0,0,2026-03-16 08:48:36
8472,1248,21,33,39,0,0,0,0,2026-03-16 08:48:38
8473,1249,21,33,39,0,0,0,0,2026-03-16 08:48:40
8474,1256,21,33,39,0,0,0,0,2026-03-16 08:48:42
8475,1248,21,33,39,0,0,0,0,2026-03-16 08:48:44
8476,1243,21,33,39,0,0,0,0,2026-03-16 08:48:46
8477,1238,21,33,39,0,0,0,0,2026-03-16 08:48:48
8478,1235,21,33,39,0,0,0,0,2026-03-16 08:48:50
8479,1238,21,33,39,0,0,0,0,2026-03-16 08:48:52
8480,1232,21,33,39,0,0,0,0,2026-03-16 08:48:54
8481,1236,21,33,39,0,0,0,0,2026-03-16 08:48:56
8482,1237,21,33,39,0,0,0,0,2026-03-16 08:48:58
8483,1234,21,33,39,0,0,0,0,2026-03-16 08:49:00
8484,1229,21,33,39,0,0,0,0,2026-03-16 08:49:02
8485,1224,21,33,39,0,0,0,0,2026-03-16 08:49:04
8486,1223,21,33,39,0,0,0,0,2026-03-16 08:49:06
8487,1212,21,33,39,0,0,0,0,2026-03-16 08:49:08
8488,1212,21,33,39,0,0,0,0,2026-03-16 08:49:10
8489,1207,21,33,39,0,0,0,0,2026-03-16 08:49:12
8490,1200,21,33,39,0,0,0,0,2026-03-16 08:49:14
8491,1193,21,33,39,0,0,0,0,2026-03-16 08:49:16
8492,1194,21,33,39,0,0,0,0,2026-03-16 08:49:18
8493,1192,21,33,39,0,0,0,0,2026-03-16 08:49:20
8494,1190,21,33,39,0,0,0,0,2026-03-16 08:49:22
8495,1187,21,33,39,0,0,0,0,2026-03-16 08:49:24
8496,1185,21,33,39,0,0,0,0,2026-03-16 08:49:26
8497,1182,21,33,39,0,0,0,0,2026-03-16 08:49:28
8498,1183,21,33,39,0,0,0,0,2026-03-16 08:49:30
8499,1183,21,33,39,0,0,0,0,2026-03-16 08:49:32
8500,1189,21,33,39,0,0,0,0,2026-03-16 08:49:34
8501,1194,21,33,39,0,0,0,0,2026-03-16 08:49:36
8502,1191,21,33,39,0,0,0,0,2026-03-16 08:49:38
8503,1190,21,33,39,0,0,0,0,2026-03-16 08:49:40
8504,1189,21,33,39,0,0,0,0,2026-03-16 08:49:42
8505,1195,21,33,39,0,0,0,0,2026-03-16 08:49:44
8506,1196,21,33,39,0,0,0,0,2026-03-16 08:49:46
8507,1201,21,33,39,0,0,0,0,2026-03-16 08:49:48
8508,1212,21,33,39,0,0,0,0,2026-03-16 08:49:50
8509,1216,21,33,39,0,0,0,0,2026-03-16 08:49:52
8510,1220,21,33,39,0,0,0,0,2026-03-16 08:49:54
8511,1225,21,33,39,0,0,0,0,2026-03-16 08:49:56
8512,1230,21,33,39,0,0,0,0,2026-03-16 08:49:58
8513,1235,21,33,39,0,0,0,0,2026-03-16 08:50:00
8514,1245,21,33,39,0,0,0,0,2026-03-16 08:50:02
8515,1250,21,33,39,0,0,0,0,2026-03-16 08:50:04
8516,1246,21,33,39,0,0,0,0,2026-03-16 08:50:06
8517,1247,21,33,39,0,0,0,0,2026-03-16 08:50:08
8518,1244,21,33,39,0,0,0,0,2026-03-16 08:50:10
8519,1243,21,33,39,0,0,0,0,2026-03-16 08:50:12
8520,1248,21,33,39,0,0,0,0,2026-03-16 08:50:14
8521,1252,21,33,39,0,0,0,0,2026-03-16 08:50:16
8522,1263,21,33,39,0,0,0,0,2026-03-16 08:50:18
8523,1274,21,33,39,0,0,0,0,2026-03-16 08:50:20
8524,1281,21,33,39,0,0,0,0,2026-03-16 08:50:22
8525,1282,21,33,39,0,0,0,0,2026-03-16 08:50:24
8526,1286,21,33,39,0,0,0,0,2026-03-16 08:50:26
8527,1303,21,33,39,0,0,0,0,2026-03-16 08:50:28
8528,1317,23,35,43,0,0,0,0,2026-03-16 08:50:40
8529,1323,21,33,40,0,0,0,0,2026-03-16 08:50:42
8530,1329,21,32,39,0,0,0,0,2026-03-16 08:50:44
8531,1330,21,32,39,0,0,0,0,2026-03-16 08:50:46
8532,1329,22,33,39,0,0,0,0,2026-03-16 08:50:48
8533,1330,22,33,39,0,0,0,0,2026-03-16 08:50:50
8534,1330,22,33,39,0,0,0,0,2026-03-16 08:50:52
8535,1335,22,33,39,0,0,0,0,2026-03-16 08:50:54
8536,1338,22,33,39,0,0,0,0,2026-03-16 08:50:56
8537,1353,21,32,38,0,0,0,0,2026-03-16 08:50:58
8538,1374,21,32,37,0,0,0,0,2026-03-16 08:51:00
8539,1419,22,33,38,0,0,0,0,2026-03-16 08:51:02
8540,1467,22,33,38,0,0,0,0,2026-03-16 08:51:04
8541,1513,22,33,38,0,0,0,0,2026-03-16 08:51:06
8542,1553,22,33,39,0,0,0,0,2026-03-16 08:51:08
8543,1593,21,32,39,0,0,0,0,2026-03-16 08:51:10
8544,1643,21,33,40,0,0,0,0,2026-03-16 08:51:12
8545,1685,22,34,41,0,0,0,0,2026-03-16 08:51:14
8546,1723,22,33,41,0,0,0,0,2026-03-16 08:51:16
8547,1747,22,33,40,0,0,0,0,2026-03-16 08:51:18
8548,1760,22,32,40,0,0,0,0,2026-03-16 08:51:20
8549,1766,22,32,40,0,0,0,0,2026-03-16 08:51:22
8550,1763,21,31,39,0,0,0,0,2026-03-16 08:51:24
8551,1753,21,31,39,0,0,0,0,2026-03-16 08:51:26
8552,1740,22,32,41,0,0,0,0,2026-03-16 08:51:28
8553,1727,22,32,41,0,0,0,0,2026-03-16 08:51:30
8554,1713,21,31,40,0,0,0,0,2026-03-16 08:51:32
8555,1702,21,31,40,0,0,0,0,2026-03-16 08:51:34
8556,1691,21,31,40,0,0,0,0,2026-03-16 08:51:36
8557,1687,21,32,41,0,0,0,0,2026-03-16 08:51:38
8558,1670,20,31,40,0,0,0,0,2026-03-16 08:51:40
8559,1656,20,31,41,0,0,0,0,2026-03-16 08:51:42
8560,1646,20,31,41,0,0,0,0,2026-03-16 08:51:44
8561,1629,21,32,42,0,0,0,0,2026-03-16 08:51:46
8562,1605,21,32,42,0,0,0,0,2026-03-16 08:51:48
8563,1596,21,32,41,0,0,0,0,2026-03-16 08:51:50
8564,1585,20,31,40,0,0,0,0,2026-03-16 08:51:52
8565,1566,21,31,39,0,0,0,0,2026-03-16 08:51:54
8566,1541,21,31,39,0,0,0,0,2026-03-16 08:51:56
8567,1534,22,32,39,0,0,0,0,2026-03-16 08:51:58
8568,1517,22,32,39,0,0,0,0,2026-03-16 08:52:00
8569,1500,22,32,39,0,0,0,0,2026-03-16 08:52:02
8570,1483,21,31,38,0,0,0,0,2026-03-16 08:52:04
8571,1470,22,32,39,0,0,0,0,2026-03-16 08:52:06
8572,1460,22,33,40,0,0,0,0,2026-03-16 08:52:08
8573,1450,21,32,39,0,0,0,0,2026-03-16 08:52:10
8574,1439,21,32,39,0,0,0,0,2026-03-16 08:52:12
8575,1425,22,33,41,0,0,0,0,2026-03-16 08:52:14
8576,1412,21,32,40,0,0,0,0,2026-03-16 08:52:16
8577,1397,21,32,41,0,0,0,0,2026-03-16 08:52:18
8578,1381,22,33,42,0,0,0,0,2026-03-16 08:52:20
8579,1366,21,31,40,0,0,0,0,2026-03-16 08:52:22
8580,1354,21,31,40,0,0,0,0,2026-03-16 08:52:24
8581,1347,22,32,40,0,0,0,0,2026-03-16 08:52:26
8582,1340,21,31,38,0,0,0,0,2026-03-16 08:52:28
8583,1331,21,31,38,0,0,0,0,2026-03-16 08:52:30
8584,1327,21,31,37,0,0,0,0,2026-03-16 08:52:32
8585,1330,21,31,37,0,0,0,0,2026-03-16 08:52:34
8586,1335,21,31,37,0,0,0,0,2026-03-16 08:52:36
8587,1336,21,31,38,0,0,0,0,2026-03-16 08:52:38
8588,1337,21,31,38,0,0,0,0,2026-03-16 08:52:40
8589,1338,21,31,38,0,0,0,0,2026-03-16 08:52:42
8590,1336,21,31,39,0,0,0,0,2026-03-16 08:52:44
8591,1332,22,33,41,0,0,0,0,2026-03-16 08:52:46
8592,1324,22,33,41,0,0,0,0,2026-03-16 08:52:48
8593,1319,22,33,41,0,0,0,0,2026-03-16 08:52:50
8594,1311,22,33,41,0,0,0,0,2026-03-16 08:52:52
8595,1311,22,33,41,0,0,0,0,2026-03-16 08:52:54
8596,1304,22,32,40,0,0,0,0,2026-03-16 08:52:56
8597,1297,21,32,40,0,0,0,0,2026-03-16 08:52:58
8598,1292,21,32,40,0,0,0,0,2026-03-16 08:53:00
8599,1290,22,33,41,0,0,0,0,2026-03-16 08:53:02
8600,1289,21,32,39,0,0,0,0,2026-03-16 08:53:04
8601,1286,21,32,39,0,0,0,0,2026-03-16 08:53:06
8602,1281,22,34,40,0,0,0,0,2026-03-16 08:53:08
8603,1279,22,34,40,0,0,0,0,2026-03-16 08:53:10
8604,1274,22,35,40,0,0,0,0,2026-03-16 08:53:12
8605,1267,21,34,39,0,0,0,0,2026-03-16 08:53:14
8606,1261,22,35,41,0,0,0,0,2026-03-16 08:53:16
8607,1260,22,35,41,0,0,0,0,2026-03-16 08:53:18
8608,1255,22,35,41,0,0,0,0,2026-03-16 08:53:20
8609,1247,21,34,40,0,0,0,0,2026-03-16 08:53:22
8610,1245,21,34,40,0,0,0,0,2026-03-16 08:53:24
8611,1245,21,34,40,0,0,0,0,2026-03-16 08:53:26
8612,1251,22,35,41,0,0,0,0,2026-03-16 08:53:28
8613,1258,22,35,40,0,0,0,0,2026-03-16 08:53:30
8614,1276,22,35,40,0,0,0,0,2026-03-16 08:53:32
8615,1295,21,33,39,0,0,0,0,2026-03-16 08:53:34
8616,1301,21,33,39,0,0,0,0,2026-03-16 08:53:36
8617,1318,22,34,39,0,0,0,0,2026-03-16 08:53:38
8618,1321,21,33,39,0,0,0,0,2026-03-16 08:53:40
8619,1322,21,33,38,0,0,0,0,2026-03-16 08:53:42
8620,1328,21,33,38,0,0,0,0,2026-03-16 08:53:44
8621,1331,21,33,38,0,0,0,0,2026-03-16 08:53:46
8622,1324,21,33,38,0,0,0,0,2026-03-16 08:53:48
8623,1328,21,33,38,0,0,0,0,2026-03-16 08:53:50
8624,1327,20,32,36,0,0,0,0,2026-03-16 08:53:52
8625,1329,20,32,37,0,0,0,0,2026-03-16 08:53:54
8626,1334,20,32,37,0,0,0,0,2026-03-16 08:53:56
8627,1335,21,33,38,0,0,0,0,2026-03-16 08:53:58
8628,1336,21,33,38,0,0,0,0,2026-03-16 08:54:00
8629,1334,20,32,36,0,0,0,0,2026-03-16 08:54:02
8630,1330,20,32,36,0,0,0,0,2026-03-16 08:54:04
8631,1325,20,32,36,0,0,0,0,2026-03-16 08:54:06
8632,1318,20,32,37,0,0,0,0,2026-03-16 08:54:08
8633,1311,20,32,37,0,0,0,0,2026-03-16 08:54:10
8634,1308,21,33,38,0,0,0,0,2026-03-16 08:54:12
8635,1304,21,33,39,0,0,0,0,2026-03-16 08:54:14
8636,1300,21,33,40,0,0,0,0,2026-03-16 08:54:16
8637,1295,21,33,40,0,0,0,0,2026-03-16 08:54:18
8638,1292,20,32,40,0,0,0,0,2026-03-16 08:54:20
8639,1278,20,31,42,0,0,0,0,2026-03-16 08:54:24
8640,1271,21,32,43,0,0,0,0,2026-03-16 08:54:26
8641,1267,20,31,43,0,0,0,0,2026-03-16 08:54:28
8642,1260,20,31,42,0,0,0,0,2026-03-16 08:54:30
8643,1258,21,32,43,0,0,0,0,2026-03-16 08:54:32
8644,1254,20,32,41,0,0,0,0,2026-03-16 08:54:34
8645,1256,20,32,41,0,0,0,0,2026-03-16 08:54:36
8646,1254,7,9,9,0,0,0,0,2026-03-16 08:54:38
8647,1253,21,30,31,0,0,0,0,2026-03-16 08:54:40
8648,1248,27,42,49,0,0,0,0,2026-03-16 08:54:42
8649,1241,26,42,49,0,0,0,0,2026-03-16 08:54:44
8650,1234,26,41,49,0,0,0,0,2026-03-16 08:54:46
8651,1230,26,41,48,0,0,0,0,2026-03-16 08:54:48
8652,1227,26,41,48,0,0,0,0,2026-03-16 08:54:50
8653,1227,23,36,42,0,0,0,0,2026-03-16 08:54:52
8654,1224,23,36,42,0,0,0,0,2026-03-16 08:54:54
8655,1227,23,36,44,0,0,0,0,2026-03-16 08:54:56
8656,1238,23,36,44,0,0,0,0,2026-03-16 08:54:58
8657,1251,24,38,45,0,0,0,0,2026-03-16 08:55:00
8658,1262,24,37,44,0,0,0,0,2026-03-16 08:55:02
8659,1266,24,37,44,0,0,0,0,2026-03-16 08:55:04
8660,1270,24,37,44,0,0,0,0,2026-03-16 08:55:06
8661,1277,24,37,44,0,0,0,0,2026-03-16 08:55:08
8662,1289,24,37,44,0,0,0,0,2026-03-16 08:55:10
8663,1303,24,37,44,0,0,0,0,2026-03-16 08:55:12
8664,1317,24,37,44,0,0,0,0,2026-03-16 08:55:14
8665,1329,24,37,44,0,0,0,0,2026-03-16 08:55:16
8666,1338,24,37,44,0,0,0,0,2026-03-16 08:55:18
8667,1345,24,37,44,0,0,0,0,2026-03-16 08:55:20
8668,1351,24,37,44,0,0,0,0,2026-03-16 08:55:22
8669,1358,24,37,44,0,0,0,0,2026-03-16 08:55:24
8670,1361,24,37,44,0,0,0,0,2026-03-16 08:55:26
8671,1351,24,37,44,0,0,0,0,2026-03-16 08:55:28
8672,1354,24,37,44,0,0,0,0,2026-03-16 08:55:30
8673,1365,24,37,44,0,0,0,0,2026-03-16 08:55:32
8674,1387,24,37,44,0,0,0,0,2026-03-16 08:55:34
8675,1392,24,37,44,0,0,0,0,2026-03-16 08:55:36
8676,1397,24,37,44,0,0,0,0,2026-03-16 08:55:38
8677,1398,24,37,44,0,0,0,0,2026-03-16 08:55:40
8678,1394,24,37,44,0,0,0,0,2026-03-16 08:55:42
8679,1415,24,37,44,0,0,0,0,2026-03-16 08:55:44
8680,1434,24,37,44,0,0,0,0,2026-03-16 08:55:46
8681,1455,24,37,44,0,0,0,0,2026-03-16 08:55:48
8682,1471,24,37,44,0,0,0,0,2026-03-16 08:55:50
8683,1484,24,37,44,0,0,0,0,2026-03-16 08:55:52
8684,1486,24,37,44,0,0,0,0,2026-03-16 08:55:54
8685,1483,24,37,44,0,0,0,0,2026-03-16 08:55:56
8686,1503,0,0,0,0,0,0,0,2026-03-16 08:56:03
8687,1502,0,0,0,0,0,0,0,2026-03-16 08:56:05
8688,1498,0,0,0,0,0,0,0,2026-03-16 08:56:07
8689,1495,0,0,0,0,0,0,0,2026-03-16 08:56:09
8690,1491,0,0,0,0,0,0,0,2026-03-16 08:56:11
8691,1491,0,0,0,0,0,0,0,2026-03-16 08:56:13
8692,1494,0,0,0,0,0,0,0,2026-03-16 08:56:15
8693,1499,0,0,0,0,0,0,0,2026-03-16 08:56:17
8694,1496,0,0,0,0,0,0,0,2026-03-16 08:56:19
8695,1498,0,0,0,0,0,0,0,2026-03-16 08:56:21
8696,1495,0,0,0,0,0,0,0,2026-03-16 08:56:23
8697,1463,20,31,38,0,0,0,0,2026-03-16 08:56:29
8698,1450,21,32,38,0,0,0,0,2026-03-16 08:56:31
8699,1437,21,32,38,0,0,0,0,2026-03-16 08:56:33
8700,1430,21,32,38,0,0,0,0,2026-03-16 08:56:35
8701,1416,21,32,38,0,0,0,0,2026-03-16 08:56:37
8702,1403,21,31,38,0,0,0,0,2026-03-16 08:56:39
8703,1396,21,31,38,0,0,0,0,2026-03-16 08:56:41
8704,1396,21,31,39,0,0,0,0,2026-03-16 08:56:43
8705,0,20,30,38,0,0,0,0,2026-03-16 08:56:50
8706,0,20,30,37,0,0,0,0,2026-03-16 08:56:52
8707,0,20,30,37,0,0,0,0,2026-03-16 08:56:54
8708,0,20,30,37,0,0,0,0,2026-03-16 08:56:56
8709,0,20,31,38,0,0,0,0,2026-03-16 08:56:58
8710,0,21,32,39,0,0,0,0,2026-03-16 08:57:00
8711,1337,21,32,39,0,0,0,0,2026-03-16 08:57:08
8712,1335,20,31,39,0,0,0,0,2026-03-16 08:57:10
8713,1336,20,31,39,0,0,0,0,2026-03-16 08:57:12
8714,1324,21,32,39,0,0,0,0,2026-03-16 08:57:14
8715,1314,21,32,38,0,0,0,0,2026-03-16 08:57:16
8716,1314,20,31,37,0,0,0,0,2026-03-16 08:57:18
8717,1313,21,31,37,0,0,0,0,2026-03-16 08:57:20
8718,1335,21,31,37,0,0,0,0,2026-03-16 08:57:22
8719,1356,21,31,37,0,0,0,0,2026-03-16 08:57:24
8720,1373,21,30,36,0,0,0,0,2026-03-16 08:57:26
8721,1389,20,29,35,0,0,0,0,2026-03-16 08:57:28
8722,1400,20,29,35,0,0,0,0,2026-03-16 08:57:30
8723,1393,20,29,35,0,0,0,0,2026-03-16 08:57:32
8724,1389,21,30,36,0,0,0,0,2026-03-16 08:57:34
8725,1383,21,30,37,0,0,0,0,2026-03-16 08:57:36
8726,1381,20,30,36,0,0,0,0,2026-03-16 08:57:38
8727,1372,20,30,36,0,0,0,0,2026-03-16 08:57:40
8728,1368,21,31,37,0,0,0,0,2026-03-16 08:57:42
8729,1364,21,31,37,0,0,0,0,2026-03-16 08:57:44
8730,1358,21,32,37,0,0,0,0,2026-03-16 08:57:46
8731,1354,21,32,37,0,0,0,0,2026-03-16 08:57:48
8732,1352,21,32,37,0,0,0,0,2026-03-16 08:57:50
8733,1345,21,32,37,0,0,0,0,2026-03-16 08:57:52
8734,1341,21,32,37,0,0,0,0,2026-03-16 08:57:54
8735,1340,21,32,37,0,0,0,0,2026-03-16 08:57:56
8736,1338,21,32,37,0,0,0,0,2026-03-16 08:57:58
8737,1341,21,32,37,0,0,0,0,2026-03-16 08:58:00
8738,1341,21,32,37,0,0,0,0,2026-03-16 08:58:02
8739,1336,21,32,37,0,0,0,0,2026-03-16 08:58:04
8740,1333,21,32,37,0,0,0,0,2026-03-16 08:58:06
8741,1327,21,32,37,0,0,0,0,2026-03-16 08:58:08
8742,1317,21,32,37,0,0,0,0,2026-03-16 08:58:10
8743,1313,21,32,37,0,0,0,0,2026-03-16 08:58:12
8744,1311,21,32,37,0,0,0,0,2026-03-16 08:58:14
8745,1263,21,32,37,0,0,0,0,2026-03-16 08:58:16
8746,1265,21,32,37,0,0,0,0,2026-03-16 08:58:18
8747,1260,21,32,37,0,0,0,0,2026-03-16 08:58:20
8748,1265,21,32,37,0,0,0,0,2026-03-16 08:58:22
8749,1255,21,32,37,0,0,0,0,2026-03-16 08:58:24
8750,1254,21,32,37,0,0,0,0,2026-03-16 08:58:26
8751,1273,21,32,37,0,0,0,0,2026-03-16 08:58:28
8752,1323,21,32,37,0,0,0,0,2026-03-16 08:58:30
8753,1373,21,32,37,0,0,0,0,2026-03-16 08:58:32
8754,1405,21,32,37,0,0,0,0,2026-03-16 08:58:34
8755,1440,21,32,37,0,0,0,0,2026-03-16 08:58:36
8756,1462,21,32,37,0,0,0,0,2026-03-16 08:58:38
8757,1473,21,32,37,0,0,0,0,2026-03-16 08:58:40
8758,1483,21,32,37,0,0,0,0,2026-03-16 08:58:42
8759,1492,21,32,37,0,0,0,0,2026-03-16 08:58:44
8760,1492,21,32,37,0,0,0,0,2026-03-16 08:58:46
8761,500,21,32,37,0,0,0,0,2026-03-16 08:58:48
8762,500,21,32,37,32.1,54.98,80.18,1012.68,2026-03-16 08:58:50
8763,500,21,32,37,32.1,55.27,75.11,1012.68,2026-03-16 08:58:52
8764,500,21,32,37,32.1,55.36,78.34,1012.68,2026-03-16 08:58:54
8765,500,21,32,37,32.0,55.56,82.02,1012.63,2026-03-16 08:58:56
8766,500,21,32,37,32.0,55.85,81.56,1012.70,2026-03-16 08:58:58
8767,500,21,32,37,32.0,56.04,83.87,1012.70,2026-03-16 08:59:00
8768,500,21,32,37,32.0,56.14,95.39,1012.67,2026-03-16 08:59:02
8769,500,21,32,37,32.0,56.14,95.39,1012.67,2026-03-16 08:59:04
8770,500,21,32,37,32.0,56.14,95.39,1012.67,2026-03-16 08:59:06
8771,500,21,32,37,32.0,56.14,95.39,1012.67,2026-03-16 08:59:08
8772,500,21,32,37,31.9,56.62,69.12,1012.64,2026-03-16 08:59:10
8773,500,21,32,37,31.9,56.62,67.74,1012.68,2026-03-16 08:59:12
8774,500,21,32,37,31.9,56.82,67.28,1012.65,2026-03-16 08:59:14
8775,500,21,32,37,31.9,56.56,69.12,1012.63,2026-03-16 08:59:16
8776,500,21,32,37,31.9,56.46,69.12,1012.62,2026-03-16 08:59:18
8777,500,21,32,37,31.9,56.43,69.58,1012.63,2026-03-16 08:59:20
8778,500,21,32,37,31.9,56.52,70.04,1012.61,2026-03-16 08:59:22
8779,500,21,32,37,31.9,56.52,70.04,1012.62,2026-03-16 08:59:24
8780,500,21,32,37,31.9,56.62,71.42,1012.66,2026-03-16 08:59:26
8781,500,21,32,37,31.9,56.52,70.50,1012.68,2026-03-16 08:59:28
8782,500,21,32,37,32.0,56.43,70.04,1012.63,2026-03-16 08:59:30
8783,500,21,32,37,32.0,56.14,70.04,1012.64,2026-03-16 08:59:32
8784,500,21,32,37,32.0,55.85,69.58,1012.63,2026-03-16 08:59:34
8785,500,21,32,37,32.1,55.66,56.68,1012.66,2026-03-16 08:59:36
8786,500,21,32,37,32.1,55.56,58.06,1012.61,2026-03-16 08:59:38
8787,500,20,29,37,0,0,0,0,2026-03-16 08:59:45
8788,1728,21,30,39,32.1,56.43,48.38,1012.64,2026-03-16 08:59:47
8789,1717,21,30,39,32.2,56.40,52.99,1012.64,2026-03-16 08:59:49
8790,1708,20,30,39,32.2,56.50,49.77,1012.63,2026-03-16 08:59:51
8791,1710,20,30,39,32.2,56.40,45.16,1012.62,2026-03-16 08:59:53
8792,1714,21,31,40,32.2,56.21,52.99,1012.62,2026-03-16 08:59:55
8793,1724,21,30,39,32.2,55.82,42.39,1012.60,2026-03-16 08:59:57
8794,1723,21,30,38,32.3,55.43,37.79,1012.61,2026-03-16 08:59:59
8795,1723,21,30,38,32.3,55.43,22.58,1012.62,2026-03-16 09:00:01
8796,1722,21,30,37,32.3,55.34,35.94,1012.66,2026-03-16 09:00:03
8797,1722,21,30,36,32.3,55.34,32.72,1012.58,2026-03-16 09:00:05
8798,1711,21,30,36,32.3,55.15,18.89,1012.63,2026-03-16 09:00:07
8799,1703,21,30,36,32.3,55.15,39.63,1012.61,2026-03-16 09:00:09
8800,1696,21,30,35,32.4,54.95,45.16,1012.64,2026-03-16 09:00:11
8801,1673,21,30,35,32.4,54.75,47.92,1012.62,2026-03-16 09:00:13
8802,1664,21,30,34,32.4,54.53,50.69,1012.65,2026-03-16 09:00:15
8803,1642,21,30,34,32.4,54.44,53.45,1012.63,2026-03-16 09:00:17
8804,1620,21,30,33,32.4,54.35,87.55,1012.63,2026-03-16 09:00:19
8805,1601,21,30,33,32.4,54.25,91.70,1012.60,2026-03-16 09:00:21
8806,1580,20,29,32,32.5,54.25,90.78,1012.63,2026-03-16 09:00:23
8807,1561,20,29,32,32.5,54.44,94.46,1012.60,2026-03-16 09:00:25
8808,1555,20,29,32,32.5,54.53,87.09,1012.62,2026-03-16 09:00:27
8809,1536,20,29,32,32.5,54.63,88.47,1012.63,2026-03-16 09:00:29
8810,1521,21,30,33,32.5,54.73,87.09,1012.62,2026-03-16 09:00:31
8811,1508,21,30,34,32.5,54.73,87.55,1012.61,2026-03-16 09:00:33
